Unnamed: 0,unique_id,Target,Exp. dG,sdf_file,pdb_file,graph_id,preds_0,preds_1,preds_2,preds_3,preds_4,preds_5,preds_6,preds_7,preds_8,preds_9,preds
0,Bace_CAT-13f,Bace,-9.09,../data/fep_processed/Bace/Bace_CAT-13f_ligand.sdf,../data/fep_processed/Bace/Bace_protein_stripped.pdb,0,7.0451736,6.939289,6.677669,6.8828425,6.599838,6.202145,6.452806,6.550076,7.1181803,6.550312,6.701833
1,Bace_CAT-13d,Bace,-10.47,../data/fep_processed/Bace/Bace_CAT-13d_ligand.sdf,../data/fep_processed/Bace/Bace_protein_stripped.pdb,1,6.955795,6.7523866,5.9034553,6.844634,6.792894,5.891117,6.588806,6.3587074,6.4620996,6.85227,6.540217
2,Bace_CAT-4c,Bace,-7.85,../data/fep_processed/Bace/Bace_CAT-4c_ligand.sdf,../data/fep_processed/Bace/Bace_protein_stripped.pdb,2,6.1535335,5.6776085,5.2612023,5.777064,5.7267056,5.394305,5.9932427,5.7600217,5.9366627,6.499057,5.81794
3,Bace_CAT-13b,Bace,-9.12,../data/fep_processed/Bace/Bace_CAT-13b_ligand.sdf,../data/fep_processed/Bace/Bace_protein_stripped.pdb,3,6.829975,6.5568066,5.940304,6.401136,6.6523075,5.867817,6.289919,6.3989477,6.7583737,6.349307,6.40449
4,Bace_CAT-4l,Bace,-9.34,../data/fep_processed/Bace/Bace_CAT-4l_ligand.sdf,../data/fep_processed/Bace/Bace_protein_stripped.pdb,4,6.7149835,6.816901,6.008176,5.7524276,6.63064,5.5543647,6.425145,6.4157457,6.077417,6.913903,6.33097
5,Bace_CAT-13m,Bace,-8.76,../data/fep_processed/Bace/Bace_CAT-13m_ligand.sdf,../data/fep_processed/Bace/Bace_protein_stripped.pdb,5,7.7060184,7.35565,6.831685,7.1318455,7.2635207,6.4091244,7.157124,6.68232,7.006977,7.5146875,7.105895
6,Bace_CAT-4k,Bace,-7.85,../data/fep_processed/Bace/Bace_CAT-4k_ligand.sdf,../data/fep_processed/Bace/Bace_protein_stripped.pdb,6,6.6542726,6.6658115,5.7239156,5.9483643,6.5757813,5.458298,6.170686,6.2371187,6.268072,6.847688,6.255
7,Bace_CAT-13n,Bace,-8.54,../data/fep_processed/Bace/Bace_CAT-13n_ligand.sdf,../data/fep_processed/Bace/Bace_protein_stripped.pdb,7,7.4511213,7.2867684,6.814372,6.827049,7.191864,6.3069305,6.745839,6.550747,7.0192757,7.1083884,6.9302354
8,Bace_CAT-13o,Bace,-8.54,../data/fep_processed/Bace/Bace_CAT-13o_ligand.sdf,../data/fep_processed/Bace/Bace_protein_stripped.pdb,8,7.4684405,7.224523,6.6896024,7.0886626,7.116797,6.93869,7.0258164,7.137781,7.395563,7.2394433,7.1325316
9,Bace_CAT-13a,Bace,-8.84,../data/fep_processed/Bace/Bace_CAT-13a_ligand.sdf,../data/fep_processed/Bace/Bace_protein_stripped.pdb,9,6.8655896,6.155254,5.6568823,6.197355,6.1710515,5.728115,6.033781,6.1005044,6.326862,5.9187093,6.115411
10,Bace_CAT-13k,Bace,-9.7,../data/fep_processed/Bace/Bace_CAT-13k_ligand.sdf,../data/fep_processed/Bace/Bace_protein_stripped.pdb,10,6.975687,6.7779493,6.214284,6.8242126,6.8122253,6.0225163,6.623517,6.431869,6.765137,6.979558,6.6426954
11,Bace_CAT-17a,Bace,-10.73,../data/fep_processed/Bace/Bace_CAT-17a_ligand.sdf,../data/fep_processed/Bace/Bace_protein_stripped.pdb,11,6.6959004,6.289512,5.674393,6.118114,6.333552,5.93105,6.389162,6.3648987,6.2597837,6.560574,6.2616944
12,Bace_CAT-17f,Bace,-9.42,../data/fep_processed/Bace/Bace_CAT-17f_ligand.sdf,../data/fep_processed/Bace/Bace_protein_stripped.pdb,12,7.6603336,6.984317,6.218754,7.2921534,7.2312326,6.597579,7.080751,7.319283,7.2313457,7.514068,7.1129813
13,Bace_CAT-13i,Bace,-9.27,../data/fep_processed/Bace/Bace_CAT-13i_ligand.sdf,../data/fep_processed/Bace/Bace_protein_stripped.pdb,13,7.0528603,6.563465,6.404365,6.724741,7.447207,6.3494215,6.90681,6.704851,6.6969366,7.155598,6.8006263
14,Bace_CAT-17d,Bace,-9.42,../data/fep_processed/Bace/Bace_CAT-17d_ligand.sdf,../data/fep_processed/Bace/Bace_protein_stripped.pdb,14,6.5974174,6.8899336,5.822798,6.398138,6.926848,5.7282405,6.399293,6.3892827,6.1212816,7.0231657,6.4296393
15,Bace_CAT-13c,Bace,-9.32,../data/fep_processed/Bace/Bace_CAT-13c_ligand.sdf,../data/fep_processed/Bace/Bace_protein_stripped.pdb,15,6.6056933,6.7239738,6.075146,6.4052334,6.7213683,6.146094,6.524891,6.5401297,7.102391,6.4977803,6.5342703
16,Bace_CAT-17c,Bace,-9.86,../data/fep_processed/Bace/Bace_CAT-17c_ligand.sdf,../data/fep_processed/Bace/Bace_protein_stripped.pdb,16,7.0259557,6.163361,5.959333,6.926191,7.396611,6.293401,6.893062,7.3036795,6.9761267,6.8949084,6.7832627
17,Bace_CAT-24,Bace,-11.35,../data/fep_processed/Bace/Bace_CAT-24_ligand.sdf,../data/fep_processed/Bace/Bace_protein_stripped.pdb,17,7.879228,7.7931423,7.1112895,7.781155,7.683698,7.5327053,7.742714,7.4068165,7.3642335,7.870104,7.6165085
18,Bace_CAT-17i,Bace,-9.47,../data/fep_processed/Bace/Bace_CAT-17i_ligand.sdf,../data/fep_processed/Bace/Bace_protein_stripped.pdb,18,6.6939173,6.996274,5.703667,6.350234,7.155517,5.7021503,6.6228566,6.3542967,6.5286894,7.246442,6.535405
19,Bace_CAT-13g,Bace,-9.09,../data/fep_processed/Bace/Bace_CAT-13g_ligand.sdf,../data/fep_processed/Bace/Bace_protein_stripped.pdb,19,7.0473533,6.901877,6.626767,6.820958,6.6608176,6.657115,6.4355617,6.6503425,7.1737623,6.472723,6.744727
20,Bace_CAT-4j,Bace,-9.02,../data/fep_processed/Bace/Bace_CAT-4j_ligand.sdf,../data/fep_processed/Bace/Bace_protein_stripped.pdb,20,6.5401845,6.6082907,5.660872,5.905487,6.3251863,5.152533,6.124632,5.9848404,6.217792,6.7940955,6.131391
21,Bace_CAT-17b,Bace,-10.02,../data/fep_processed/Bace/Bace_CAT-17b_ligand.sdf,../data/fep_processed/Bace/Bace_protein_stripped.pdb,21,5.777931,6.279618,5.7656984,6.361145,6.4145627,5.683102,6.7533984,6.08196,5.9079714,6.8446493,6.187003
22,Bace_CAT-4p,Bace,-10.08,../data/fep_processed/Bace/Bace_CAT-4p_ligand.sdf,../data/fep_processed/Bace/Bace_protein_stripped.pdb,22,7.0216064,6.763901,6.2782226,6.566336,6.8107524,5.983296,6.6142845,6.4907985,6.663873,7.059402,6.625247
23,Bace_CAT-17h,Bace,-10.33,../data/fep_processed/Bace/Bace_CAT-17h_ligand.sdf,../data/fep_processed/Bace/Bace_protein_stripped.pdb,23,7.144611,7.117366,6.1583,6.668108,6.8683534,6.232487,6.8368917,6.5808945,6.903565,7.0519958,6.756257
24,Bace_CAT-4b,Bace,-9.63,../data/fep_processed/Bace/Bace_CAT-4b_ligand.sdf,../data/fep_processed/Bace/Bace_protein_stripped.pdb,24,5.9104824,6.1005354,5.657466,6.5360727,6.5774355,5.4342494,6.595078,6.140392,6.3946934,6.7454367,6.209184
25,Bace_CAT-17g,Bace,-9.74,../data/fep_processed/Bace/Bace_CAT-17g_ligand.sdf,../data/fep_processed/Bace/Bace_protein_stripped.pdb,25,6.821044,7.0834713,6.3983717,6.794214,7.0942445,6.009804,7.027565,7.034781,7.0747867,7.2827334,6.8621016
26,Bace_CAT-4d,Bace,-9.11,../data/fep_processed/Bace/Bace_CAT-4d_ligand.sdf,../data/fep_processed/Bace/Bace_protein_stripped.pdb,26,5.8011303,6.322518,5.8558183,6.056993,6.315227,5.926776,6.9933586,6.4551587,6.1805906,6.3692293,6.2276797
27,Bace_CAT-4m,Bace,-9.15,../data/fep_processed/Bace/Bace_CAT-4m_ligand.sdf,../data/fep_processed/Bace/Bace_protein_stripped.pdb,27,6.7176204,6.6909566,5.9735885,6.165033,6.4367685,5.4183536,6.357983,6.291319,6.6471047,6.768191,6.346692
28,Bace_CAT-13e,Bace,-9.96,../data/fep_processed/Bace/Bace_CAT-13e_ligand.sdf,../data/fep_processed/Bace/Bace_protein_stripped.pdb,28,7.1339045,6.900126,6.541108,6.8380485,6.683976,6.125725,6.4302025,6.4573092,6.9318824,6.633784,6.6676064
29,Bace_CAT-4n,Bace,-9.09,../data/fep_processed/Bace/Bace_CAT-4n_ligand.sdf,../data/fep_processed/Bace/Bace_protein_stripped.pdb,29,7.730601,6.7239537,6.523518,6.546678,6.8722053,6.420384,6.8749123,7.4871297,7.0780454,7.060183,6.9317613
30,Bace_CAT-4o,Bace,-9.38,../data/fep_processed/Bace/Bace_CAT-4o_ligand.sdf,../data/fep_processed/Bace/Bace_protein_stripped.pdb,30,7.008195,6.7077656,6.562397,6.5890694,6.94828,5.722462,6.5234413,6.818312,6.801679,7.072998,6.67546
31,Bace_CAT-4a,Bace,-7.93,../data/fep_processed/Bace/Bace_CAT-4a_ligand.sdf,../data/fep_processed/Bace/Bace_protein_stripped.pdb,31,5.8854604,5.6613474,5.301526,5.6678233,5.95212,5.0910816,5.860591,5.586175,6.129563,5.8662825,5.700197
32,Bace_CAT-13j,Bace,-8.73,../data/fep_processed/Bace/Bace_CAT-13j_ligand.sdf,../data/fep_processed/Bace/Bace_protein_stripped.pdb,32,7.094983,6.7460113,6.1834774,6.6813016,6.7215347,5.8757143,6.4649,6.389705,6.6974154,6.676698,6.553174
33,Bace_CAT-13h,Bace,-9.63,../data/fep_processed/Bace/Bace_CAT-13h_ligand.sdf,../data/fep_processed/Bace/Bace_protein_stripped.pdb,33,6.879604,6.708341,6.1398206,6.9754844,6.7338986,5.9452357,6.7291756,6.336863,6.803865,7.141948,6.6394234
34,Bace_CAT-4i,Bace,-8.26,../data/fep_processed/Bace/Bace_CAT-4i_ligand.sdf,../data/fep_processed/Bace/Bace_protein_stripped.pdb,34,6.592831,6.488558,5.4653172,5.863681,6.6117473,5.3594203,6.0149665,6.222263,5.977702,6.5962176,6.1192703
35,Bace_CAT-17e,Bace,-10.02,../data/fep_processed/Bace/Bace_CAT-17e_ligand.sdf,../data/fep_processed/Bace/Bace_protein_stripped.pdb,35,6.7663255,7.24218,6.1354885,6.9042706,7.013121,6.0858173,7.0834537,6.643873,6.624704,7.4431252,6.794235
36,CDK2_30,CDK2,-9.812,../data/fep_processed/CDK2/CDK2_30_ligand.sdf,../data/fep_processed/CDK2/CDK2_protein_stripped.pdb,36,5.958306,6.411624,5.9500976,6.002731,6.814934,6.3795447,6.744856,6.0518885,6.901567,6.8584037,6.4073954
37,CDK2_28,CDK2,-11.112,../data/fep_processed/CDK2/CDK2_28_ligand.sdf,../data/fep_processed/CDK2/CDK2_protein_stripped.pdb,37,6.6760883,6.568426,6.3149805,6.704621,6.9088206,6.2844853,6.614777,6.0805154,6.6533394,7.012284,6.581834
38,CDK2_1oiy,CDK2,-9.785,../data/fep_processed/CDK2/CDK2_1oiy_ligand.sdf,../data/fep_processed/CDK2/CDK2_protein_stripped.pdb,38,5.9203053,5.973199,5.7240214,5.793816,6.1172705,6.2056727,6.3242364,6.7919703,6.6189137,6.0472336,6.151664
39,CDK2_1oi9,CDK2,-9.741,../data/fep_processed/CDK2/CDK2_1oi9_ligand.sdf,../data/fep_processed/CDK2/CDK2_protein_stripped.pdb,39,5.962576,5.300554,5.2943854,5.745633,6.3043613,6.408637,6.055717,6.3521366,6.40377,6.391042,6.0218816
40,CDK2_32,CDK2,-9.75,../data/fep_processed/CDK2/CDK2_32_ligand.sdf,../data/fep_processed/CDK2/CDK2_protein_stripped.pdb,40,6.6132774,6.5116725,6.60415,6.6889334,7.5269465,6.8211746,6.7354655,6.8193917,7.4055643,7.3585453,6.908512
41,CDK2_1oiu,CDK2,-9.083,../data/fep_processed/CDK2/CDK2_1oiu_ligand.sdf,../data/fep_processed/CDK2/CDK2_protein_stripped.pdb,41,6.7893796,6.760888,6.7556543,7.029911,7.298949,7.332085,6.821545,6.9205456,6.9903555,6.7154026,6.941472
42,CDK2_29,CDK2,-9.882,../data/fep_processed/CDK2/CDK2_29_ligand.sdf,../data/fep_processed/CDK2/CDK2_protein_stripped.pdb,42,6.6058235,6.3982086,6.3423553,6.579019,7.062553,6.6122823,6.8816757,5.962117,6.892794,7.2522554,6.658909
43,CDK2_1h1r,CDK2,-7.669,../data/fep_processed/CDK2/CDK2_1h1r_ligand.sdf,../data/fep_processed/CDK2/CDK2_protein_stripped.pdb,43,5.6939764,5.6672378,5.7368016,6.1858354,5.932879,6.228568,5.998001,5.654716,6.282107,6.124615,5.950474
44,CDK2_21,CDK2,-7.828,../data/fep_processed/CDK2/CDK2_21_ligand.sdf,../data/fep_processed/CDK2/CDK2_protein_stripped.pdb,44,6.208153,6.0002112,5.9372835,6.273852,6.534685,6.2625575,6.588633,6.032429,6.7686443,6.8294353,6.343589
45,CDK2_26,CDK2,-8.431,../data/fep_processed/CDK2/CDK2_26_ligand.sdf,../data/fep_processed/CDK2/CDK2_protein_stripped.pdb,45,6.186411,6.0882177,5.8969793,5.822168,6.4760046,6.2722564,6.493834,6.3104773,6.753353,6.7220798,6.3021784
46,CDK2_1h1s,CDK2,-11.246,../data/fep_processed/CDK2/CDK2_1h1s_ligand.sdf,../data/fep_processed/CDK2/CDK2_protein_stripped.pdb,46,6.2893248,6.566975,6.299004,6.3308315,6.9819884,6.5061393,6.731786,6.2614465,6.8714714,6.944892,6.578386
47,CDK2_31,CDK2,-9.539,../data/fep_processed/CDK2/CDK2_31_ligand.sdf,../data/fep_processed/CDK2/CDK2_protein_stripped.pdb,47,6.022391,6.2647896,5.764005,6.04365,6.236042,6.1701093,6.095727,6.2007027,6.7422814,6.7578545,6.2297554
48,CDK2_20,CDK2,-8.718,../data/fep_processed/CDK2/CDK2_20_ligand.sdf,../data/fep_processed/CDK2/CDK2_protein_stripped.pdb,48,5.547439,5.607244,5.888592,5.58892,6.005609,6.620296,6.067005,5.3347793,5.99176,6.073504,5.8725147
49,CDK2_22,CDK2,-7.862,../data/fep_processed/CDK2/CDK2_22_ligand.sdf,../data/fep_processed/CDK2/CDK2_protein_stripped.pdb,49,6.269421,5.7285776,5.7823596,6.400526,6.257899,6.365722,5.814654,6.145441,6.465555,6.538292,6.1768446
50,CDK2_17,CDK2,-7.041,../data/fep_processed/CDK2/CDK2_17_ligand.sdf,../data/fep_processed/CDK2/CDK2_protein_stripped.pdb,50,6.0692005,5.6692553,5.799089,6.1138067,5.861444,6.139834,5.785607,5.532284,6.2196927,5.9512763,5.914149
51,CDK2_1h1q,CDK2,-8.179,../data/fep_processed/CDK2/CDK2_1h1q_ligand.sdf,../data/fep_processed/CDK2/CDK2_protein_stripped.pdb,51,5.8895826,5.769157,5.75215,5.8728347,6.191107,6.3556123,6.098725,6.130754,6.4187202,6.237519,6.071616
52,Jnk1_18629-1,Jnk1,-8.67,../data/fep_processed/Jnk1/Jnk1_18629-1_ligand.sdf,../data/fep_processed/Jnk1/Jnk1_protein_stripped.pdb,52,6.970364,7.3132753,7.0789566,7.3045635,6.449034,6.8019843,7.3704567,7.7599854,7.567835,7.133979,7.1750436
53,Jnk1_18634-1,Jnk1,-9.99,../data/fep_processed/Jnk1/Jnk1_18634-1_ligand.sdf,../data/fep_processed/Jnk1/Jnk1_protein_stripped.pdb,53,6.722851,7.478637,6.978466,7.2293863,6.469732,6.846207,7.2139525,7.0765963,7.391761,6.6660705,7.007365
54,Jnk1_18628-1,Jnk1,-8.7,../data/fep_processed/Jnk1/Jnk1_18628-1_ligand.sdf,../data/fep_processed/Jnk1/Jnk1_protein_stripped.pdb,54,6.8646355,7.576576,7.0979877,7.078375,6.425884,6.8616734,7.217223,7.605749,7.5428257,7.084462,7.135539
55,Jnk1_18660-1,Jnk1,-8.7,../data/fep_processed/Jnk1/Jnk1_18660-1_ligand.sdf,../data/fep_processed/Jnk1/Jnk1_protein_stripped.pdb,55,7.1295905,7.157022,7.2875133,6.581202,6.720744,7.181209,6.7903814,6.9902425,6.2609277,6.3498425,6.8448677
56,Jnk1_18624-1,Jnk1,-8.49,../data/fep_processed/Jnk1/Jnk1_18624-1_ligand.sdf,../data/fep_processed/Jnk1/Jnk1_protein_stripped.pdb,56,6.617053,7.347797,6.6757874,6.751252,6.2107625,6.504318,7.153078,7.405795,7.1898236,6.7577434,6.861341
57,Jnk1_18633-1,Jnk1,-9.17,../data/fep_processed/Jnk1/Jnk1_18633-1_ligand.sdf,../data/fep_processed/Jnk1/Jnk1_protein_stripped.pdb,57,6.783007,7.0904894,6.777726,7.396642,6.3437023,6.3806834,6.8170834,6.8698835,7.155289,6.592433,6.820694
58,Jnk1_18635-1,Jnk1,-7.29,../data/fep_processed/Jnk1/Jnk1_18635-1_ligand.sdf,../data/fep_processed/Jnk1/Jnk1_protein_stripped.pdb,58,6.9232683,7.471901,7.160855,7.3955626,6.8383293,6.5166755,7.308785,7.434824,7.6677175,6.826562,7.154448
59,Jnk1_17124-1,Jnk1,-9.68,../data/fep_processed/Jnk1/Jnk1_17124-1_ligand.sdf,../data/fep_processed/Jnk1/Jnk1_protein_stripped.pdb,59,6.7935405,7.5668197,7.1427946,7.4782414,7.0720854,7.586877,7.375261,7.663598,7.5016685,6.82729,7.300818
60,Jnk1_18625-1,Jnk1,-8.11,../data/fep_processed/Jnk1/Jnk1_18625-1_ligand.sdf,../data/fep_processed/Jnk1/Jnk1_protein_stripped.pdb,60,6.8377285,7.5140834,6.8048096,6.890805,6.765304,7.10523,7.376676,7.564944,7.6404023,6.567828,7.10678
61,Jnk1_18659-1,Jnk1,-9.47,../data/fep_processed/Jnk1/Jnk1_18659-1_ligand.sdf,../data/fep_processed/Jnk1/Jnk1_protein_stripped.pdb,61,6.8487372,7.3477526,6.967046,7.2637277,6.8551664,6.438492,7.093034,7.15114,6.967805,6.7386327,6.967153
62,Jnk1_18637-1,Jnk1,-10.14,../data/fep_processed/Jnk1/Jnk1_18637-1_ligand.sdf,../data/fep_processed/Jnk1/Jnk1_protein_stripped.pdb,62,6.4902463,7.2564125,6.8301105,6.923438,6.305304,6.69989,7.094216,6.5402513,7.2802215,6.5469255,6.796702
63,Jnk1_18638-1,Jnk1,-10.09,../data/fep_processed/Jnk1/Jnk1_18638-1_ligand.sdf,../data/fep_processed/Jnk1/Jnk1_protein_stripped.pdb,63,7.093144,7.3198485,7.295425,6.636709,7.1063123,7.747563,6.961516,7.147566,7.278353,6.7879767,7.137441
64,Jnk1_18652-1,Jnk1,-10.68,../data/fep_processed/Jnk1/Jnk1_18652-1_ligand.sdf,../data/fep_processed/Jnk1/Jnk1_protein_stripped.pdb,64,7.0110474,7.0312357,7.5208697,7.0072894,7.4110723,7.8312426,6.79035,7.2451763,6.9644103,6.906078,7.1718764
65,Jnk1_18627-1,Jnk1,-8.48,../data/fep_processed/Jnk1/Jnk1_18627-1_ligand.sdf,../data/fep_processed/Jnk1/Jnk1_protein_stripped.pdb,65,6.675412,6.9408474,6.969153,7.1851435,6.3953867,6.7413135,6.9990716,7.3824077,7.3107934,6.216195,6.8815727
66,Jnk1_18658-1,Jnk1,-9.7,../data/fep_processed/Jnk1/Jnk1_18658-1_ligand.sdf,../data/fep_processed/Jnk1/Jnk1_protein_stripped.pdb,66,6.6148534,7.2567873,7.2464566,7.3504486,6.8367357,6.499249,7.128236,7.000072,7.2102275,6.7531753,6.989624
67,Jnk1_18630-1,Jnk1,-9.14,../data/fep_processed/Jnk1/Jnk1_18630-1_ligand.sdf,../data/fep_processed/Jnk1/Jnk1_protein_stripped.pdb,67,6.683164,7.2599425,7.0384955,7.117116,6.4422836,6.4529943,7.070561,7.4151554,7.5020995,7.0573835,7.003919
68,Jnk1_18639-1,Jnk1,-9.74,../data/fep_processed/Jnk1/Jnk1_18639-1_ligand.sdf,../data/fep_processed/Jnk1/Jnk1_protein_stripped.pdb,68,6.9685135,7.5754666,7.310334,6.9801946,6.5051556,6.9078712,7.1859856,6.9862223,7.540491,6.401539,7.036177
69,Jnk1_18631-1,Jnk1,-9.41,../data/fep_processed/Jnk1/Jnk1_18631-1_ligand.sdf,../data/fep_processed/Jnk1/Jnk1_protein_stripped.pdb,69,7.1324134,7.6563506,6.987871,7.3878164,6.60516,6.960031,7.2234397,7.2311077,7.3990164,7.0445504,7.1627755
70,Jnk1_18632-1,Jnk1,-9.08,../data/fep_processed/Jnk1/Jnk1_18632-1_ligand.sdf,../data/fep_processed/Jnk1/Jnk1_protein_stripped.pdb,70,6.747709,7.282541,6.872583,7.295961,6.2632613,6.3460326,7.037517,7.0145783,7.084149,6.606156,6.855049
71,Jnk1_18636-1,Jnk1,-7.51,../data/fep_processed/Jnk1/Jnk1_18636-1_ligand.sdf,../data/fep_processed/Jnk1/Jnk1_protein_stripped.pdb,71,6.6021924,7.502545,6.9035153,7.2262235,6.8805394,7.330079,7.1883235,7.351742,7.4966545,6.5353003,7.1017113
72,Jnk1_18626-1,Jnk1,-8.87,../data/fep_processed/Jnk1/Jnk1_18626-1_ligand.sdf,../data/fep_processed/Jnk1/Jnk1_protein_stripped.pdb,72,6.5884743,7.2843075,6.973872,7.093188,6.47267,6.5600343,7.343645,7.330712,7.630209,6.344623,6.9621735
73,MCL1_26,MCL1,-8.24,../data/fep_processed/MCL1/MCL1_26_ligand.sdf,../data/fep_processed/MCL1/MCL1_protein_stripped.pdb,73,6.4542527,5.295764,6.135813,6.430039,6.0588555,5.3274384,5.6648326,6.015057,5.288817,5.511164,5.818204
74,MCL1_48,MCL1,-6.66,../data/fep_processed/MCL1/MCL1_48_ligand.sdf,../data/fep_processed/MCL1/MCL1_protein_stripped.pdb,74,6.100507,5.6167784,6.0958667,5.836767,6.042387,5.33385,5.49898,5.21609,4.806807,5.468186,5.6016226
75,MCL1_33,MCL1,-6.88,../data/fep_processed/MCL1/MCL1_33_ligand.sdf,../data/fep_processed/MCL1/MCL1_protein_stripped.pdb,75,5.8441195,5.4799995,5.560254,6.249544,6.323617,5.9748254,5.740928,6.0315146,5.157591,5.849659,5.8212056
76,MCL1_46,MCL1,-7.6,../data/fep_processed/MCL1/MCL1_46_ligand.sdf,../data/fep_processed/MCL1/MCL1_protein_stripped.pdb,76,6.875682,5.8584123,5.957607,6.7241178,6.8094025,6.0692344,5.9973435,5.625457,5.4473553,5.9679985,6.1332607
77,MCL1_35,MCL1,-8.81,../data/fep_processed/MCL1/MCL1_35_ligand.sdf,../data/fep_processed/MCL1/MCL1_protein_stripped.pdb,77,6.1879287,6.4777045,5.802928,6.0475893,6.6925397,5.971086,6.1267805,5.777744,5.2582126,6.0241227,6.036664
78,MCL1_31,MCL1,-7.92,../data/fep_processed/MCL1/MCL1_31_ligand.sdf,../data/fep_processed/MCL1/MCL1_protein_stripped.pdb,78,5.724573,5.9723167,5.78333,6.100625,6.582244,5.742324,5.3071237,5.7388344,5.4395094,5.2610555,5.765194
79,MCL1_52,MCL1,-9.23,../data/fep_processed/MCL1/MCL1_52_ligand.sdf,../data/fep_processed/MCL1/MCL1_protein_stripped.pdb,79,6.3919826,5.94579,5.798772,6.3982797,6.643582,5.9069877,6.3737054,5.366307,5.578217,6.076567,6.048019
80,MCL1_68,MCL1,-7.69,../data/fep_processed/MCL1/MCL1_68_ligand.sdf,../data/fep_processed/MCL1/MCL1_protein_stripped.pdb,80,7.0449343,6.4865184,6.543107,7.2291837,6.4366865,6.3026586,6.648434,6.677783,5.8704185,6.466825,6.570655
81,MCL1_32,MCL1,-6.58,../data/fep_processed/MCL1/MCL1_32_ligand.sdf,../data/fep_processed/MCL1/MCL1_protein_stripped.pdb,81,6.3872957,5.6510735,5.3665466,5.808623,6.622475,6.0265875,5.581704,5.395512,5.2634387,5.4120054,5.751526
82,MCL1_38,MCL1,-7.02,../data/fep_processed/MCL1/MCL1_38_ligand.sdf,../data/fep_processed/MCL1/MCL1_protein_stripped.pdb,82,6.90086,5.8566365,6.22941,7.1335034,6.5027285,5.7811627,6.1156197,5.8377256,5.146398,5.538341,6.1042385
83,MCL1_51,MCL1,-8.45,../data/fep_processed/MCL1/MCL1_51_ligand.sdf,../data/fep_processed/MCL1/MCL1_protein_stripped.pdb,83,6.9145885,6.444659,6.5788918,7.326668,7.058596,6.3746996,6.6048117,6.477903,6.405953,6.3235154,6.6510286
84,MCL1_50,MCL1,-9.33,../data/fep_processed/MCL1/MCL1_50_ligand.sdf,../data/fep_processed/MCL1/MCL1_protein_stripped.pdb,84,6.7108026,6.407265,6.128575,6.3255973,7.3386474,6.0929637,7.073833,5.7785306,6.2271695,6.8131022,6.4896483
85,MCL1_28,MCL1,-6.62,../data/fep_processed/MCL1/MCL1_28_ligand.sdf,../data/fep_processed/MCL1/MCL1_protein_stripped.pdb,85,6.58877,5.7636375,5.547489,6.184105,6.303201,5.6902966,6.120134,5.730333,5.3447814,5.8771534,5.9149895
86,MCL1_66,MCL1,-8.43,../data/fep_processed/MCL1/MCL1_66_ligand.sdf,../data/fep_processed/MCL1/MCL1_protein_stripped.pdb,86,5.7423606,6.029657,6.583442,6.713919,6.5832186,5.935769,6.4694,5.6941495,5.655232,5.8991466,6.130629
87,MCL1_39,MCL1,-7.03,../data/fep_processed/MCL1/MCL1_39_ligand.sdf,../data/fep_processed/MCL1/MCL1_protein_stripped.pdb,87,6.988547,5.844726,6.559373,6.9141984,6.400909,5.9109774,6.5018797,6.0279465,5.39639,5.860213,6.2405157
88,MCL1_37,MCL1,-8.95,../data/fep_processed/MCL1/MCL1_37_ligand.sdf,../data/fep_processed/MCL1/MCL1_protein_stripped.pdb,88,6.812118,5.7535324,6.0202513,6.104312,6.6832285,5.9381895,6.519435,5.948261,5.591415,6.5360293,6.1906776
89,MCL1_30,MCL1,-7.85,../data/fep_processed/MCL1/MCL1_30_ligand.sdf,../data/fep_processed/MCL1/MCL1_protein_stripped.pdb,89,6.897067,5.894588,6.109274,6.150635,6.531859,5.490284,6.088363,5.758648,5.1896453,6.0808525,6.0191216
90,MCL1_54,MCL1,-9.78,../data/fep_processed/MCL1/MCL1_54_ligand.sdf,../data/fep_processed/MCL1/MCL1_protein_stripped.pdb,90,6.8843117,6.417666,6.1747594,7.467739,6.7277317,6.588305,6.469314,6.341401,5.704247,6.70291,6.5478387
91,MCL1_44,MCL1,-8.67,../data/fep_processed/MCL1/MCL1_44_ligand.sdf,../data/fep_processed/MCL1/MCL1_protein_stripped.pdb,91,6.3611674,6.131325,6.2394676,6.461659,6.6609354,6.5416923,6.1354427,6.0262246,5.609468,6.1385183,6.23059
92,MCL1_23,MCL1,-8.83,../data/fep_processed/MCL1/MCL1_23_ligand.sdf,../data/fep_processed/MCL1/MCL1_protein_stripped.pdb,92,5.9986353,5.8624744,6.480145,6.905014,6.6953926,5.7471533,6.311467,5.727721,5.9058943,5.822511,6.145641
93,MCL1_29,MCL1,-6.94,../data/fep_processed/MCL1/MCL1_29_ligand.sdf,../data/fep_processed/MCL1/MCL1_protein_stripped.pdb,93,5.413317,6.121816,5.8515296,6.748482,6.6276445,5.49639,5.5238214,5.9283895,5.7539024,6.0318637,5.949716
94,MCL1_40,MCL1,-7.25,../data/fep_processed/MCL1/MCL1_40_ligand.sdf,../data/fep_processed/MCL1/MCL1_protein_stripped.pdb,94,6.5797033,5.88043,6.2785974,7.169596,6.312278,6.142254,6.335539,6.258474,5.5538177,5.669486,6.218017
95,MCL1_62,MCL1,-7.96,../data/fep_processed/MCL1/MCL1_62_ligand.sdf,../data/fep_processed/MCL1/MCL1_protein_stripped.pdb,95,6.2156787,6.5068088,6.7554135,6.657855,6.9849544,6.4554243,6.365518,6.527455,6.050503,5.949735,6.4469347
96,MCL1_61,MCL1,-8.08,../data/fep_processed/MCL1/MCL1_61_ligand.sdf,../data/fep_processed/MCL1/MCL1_protein_stripped.pdb,96,6.5351424,7.1091194,6.8478103,6.4686704,6.8921533,6.3557367,7.263475,6.276934,6.4632764,6.581856,6.6794176
97,MCL1_49,MCL1,-8.36,../data/fep_processed/MCL1/MCL1_49_ligand.sdf,../data/fep_processed/MCL1/MCL1_protein_stripped.pdb,97,6.479237,5.941578,5.904909,6.1638775,6.8272243,6.0283103,6.9120283,5.4882665,5.795204,6.2932267,6.1833863
98,MCL1_64,MCL1,-9.5,../data/fep_processed/MCL1/MCL1_64_ligand.sdf,../data/fep_processed/MCL1/MCL1_protein_stripped.pdb,98,6.762017,6.2679734,7.127101,7.079413,6.534657,6.6380496,6.4654555,6.5682483,6.5176525,6.53911,6.649967
99,MCL1_41,MCL1,-7.13,../data/fep_processed/MCL1/MCL1_41_ligand.sdf,../data/fep_processed/MCL1/MCL1_protein_stripped.pdb,99,7.087837,5.8479967,6.1984034,6.827828,6.7915473,5.588096,6.787866,6.051569,5.188056,5.912317,6.228152
100,MCL1_65,MCL1,-8.41,../data/fep_processed/MCL1/MCL1_65_ligand.sdf,../data/fep_processed/MCL1/MCL1_protein_stripped.pdb,100,6.5582504,6.414229,6.824888,6.3758645,6.775801,6.2722216,6.530607,5.839876,6.963179,6.7904167,6.5345335
101,MCL1_58,MCL1,-9.41,../data/fep_processed/MCL1/MCL1_58_ligand.sdf,../data/fep_processed/MCL1/MCL1_protein_stripped.pdb,101,7.8256087,6.681243,6.874589,6.815415,7.500806,7.0256305,6.7682934,6.0189075,6.5679007,7.0890927,6.916749
102,MCL1_63,MCL1,-9.06,../data/fep_processed/MCL1/MCL1_63_ligand.sdf,../data/fep_processed/MCL1/MCL1_protein_stripped.pdb,102,6.9302635,6.4506817,6.482917,6.342621,6.837122,6.320219,6.5914907,5.437294,6.1603417,6.476553,6.4029503
103,MCL1_27,MCL1,-6.12,../data/fep_processed/MCL1/MCL1_27_ligand.sdf,../data/fep_processed/MCL1/MCL1_protein_stripped.pdb,103,6.142591,5.517709,4.9049025,5.8801785,6.2680902,5.7406363,5.6374593,4.7553077,4.8918734,5.003619,5.4742365
104,MCL1_47,MCL1,-5.78,../data/fep_processed/MCL1/MCL1_47_ligand.sdf,../data/fep_processed/MCL1/MCL1_protein_stripped.pdb,104,6.2703447,5.4148417,5.7608814,6.6228795,6.4379964,5.9767203,6.9585166,6.0105147,5.3096128,5.877329,6.0639634
105,MCL1_57,MCL1,-9.04,../data/fep_processed/MCL1/MCL1_57_ligand.sdf,../data/fep_processed/MCL1/MCL1_protein_stripped.pdb,105,6.5131173,5.9116645,6.5726786,6.240767,6.6125236,6.216577,6.6415563,5.7471566,5.643725,5.948122,6.204789
106,MCL1_56,MCL1,-9.26,../data/fep_processed/MCL1/MCL1_56_ligand.sdf,../data/fep_processed/MCL1/MCL1_protein_stripped.pdb,106,6.726333,6.1292887,6.4273868,6.541501,6.949832,6.681062,6.9532104,5.580046,6.069548,6.322726,6.4380937
107,MCL1_53,MCL1,-9.96,../data/fep_processed/MCL1/MCL1_53_ligand.sdf,../data/fep_processed/MCL1/MCL1_protein_stripped.pdb,107,6.960253,6.4321175,5.979066,6.5812597,7.0084124,6.426844,6.681222,5.610153,6.0271482,6.6103578,6.4316835
108,MCL1_36,MCL1,-8.18,../data/fep_processed/MCL1/MCL1_36_ligand.sdf,../data/fep_processed/MCL1/MCL1_protein_stripped.pdb,108,6.7859926,6.4682717,6.525936,6.589614,7.150123,6.265428,6.11564,6.2830577,6.0096107,6.1575036,6.4351172
109,MCL1_60,MCL1,-8.92,../data/fep_processed/MCL1/MCL1_60_ligand.sdf,../data/fep_processed/MCL1/MCL1_protein_stripped.pdb,109,6.3182726,6.7237616,6.635225,6.445418,6.5541115,5.885297,6.660299,6.33077,5.9368963,6.814034,6.4304085
110,MCL1_45,MCL1,-8.95,../data/fep_processed/MCL1/MCL1_45_ligand.sdf,../data/fep_processed/MCL1/MCL1_protein_stripped.pdb,110,7.2027564,6.1018114,6.75922,7.300519,6.857036,5.5967584,6.0626597,6.528845,5.731616,6.202144,6.4343367
111,MCL1_42,MCL1,-8.9,../data/fep_processed/MCL1/MCL1_42_ligand.sdf,../data/fep_processed/MCL1/MCL1_protein_stripped.pdb,111,6.5559454,5.8507757,6.1683517,6.5788565,6.0892386,5.725078,5.9205484,5.5722666,4.996718,5.784521,5.92423
112,MCL1_67,MCL1,-7.58,../data/fep_processed/MCL1/MCL1_67_ligand.sdf,../data/fep_processed/MCL1/MCL1_protein_stripped.pdb,112,6.572227,6.0520363,6.282589,6.5648518,6.604632,5.9461884,6.725039,5.6113114,5.6793685,6.292561,6.233081
113,MCL1_34,MCL1,-6.87,../data/fep_processed/MCL1/MCL1_34_ligand.sdf,../data/fep_processed/MCL1/MCL1_protein_stripped.pdb,113,6.158799,5.3750353,5.8021464,5.9581423,5.771278,6.007664,5.103847,6.0868487,5.666444,5.3933105,5.732352
114,MCL1_43,MCL1,-7.03,../data/fep_processed/MCL1/MCL1_43_ligand.sdf,../data/fep_processed/MCL1/MCL1_protein_stripped.pdb,114,6.7206264,5.9255476,6.4780164,6.394907,6.70579,5.963202,6.1664023,5.789505,5.397033,6.019295,6.1560326
115,p38_p38a_2n,p38,-11.85,../data/fep_processed/p38/p38_p38a_2n_ligand.sdf,../data/fep_processed/p38/p38_protein_stripped.pdb,115,7.334471,7.025094,7.0770864,7.907045,7.6793184,7.5936513,7.198251,7.680074,8.18102,8.027089,7.57031
116,p38_p38a_3flz,p38,-9.49,../data/fep_processed/p38/p38_p38a_3flz_ligand.sdf,../data/fep_processed/p38/p38_protein_stripped.pdb,116,6.5905943,6.3969846,6.5280285,7.0943966,7.2105083,7.2169995,6.3758273,7.3142486,6.5753293,6.523788,6.78267
117,p38_p38a_2h,p38,-9.48,../data/fep_processed/p38/p38_p38a_2h_ligand.sdf,../data/fep_processed/p38/p38_protein_stripped.pdb,117,6.79977,7.3158765,7.365457,7.6097054,7.7016735,7.865405,7.2581687,7.792761,7.2127857,7.070051,7.399165
118,p38_p38a_2s,p38,-11.11,../data/fep_processed/p38/p38_p38a_2s_ligand.sdf,../data/fep_processed/p38/p38_protein_stripped.pdb,118,7.3136687,7.328674,7.000984,7.850852,7.7625966,7.832593,7.845516,7.9730854,8.469136,8.148022,7.752513
119,p38_p38a_2bb,p38,-9.06,../data/fep_processed/p38/p38_p38a_2bb_ligand.sdf,../data/fep_processed/p38/p38_protein_stripped.pdb,119,6.764895,7.0567803,7.0351744,7.060829,7.21169,6.3568115,6.569509,6.863814,7.2713284,7.1410723,6.9331903
120,p38_p38a_2q,p38,-12.26,../data/fep_processed/p38/p38_p38a_2q_ligand.sdf,../data/fep_processed/p38/p38_protein_stripped.pdb,120,7.3597364,7.32587,7.073893,7.846837,7.367033,6.835974,7.4380674,6.959685,7.6143312,7.6344285,7.345586
121,p38_p38a_2z,p38,-10.36,../data/fep_processed/p38/p38_p38a_2z_ligand.sdf,../data/fep_processed/p38/p38_protein_stripped.pdb,121,6.433327,7.1057878,7.597447,7.8996487,7.6476693,6.592821,7.144246,7.108638,7.4644103,6.732349,7.172634
122,p38_p38a_3fmh,p38,-10.83,../data/fep_processed/p38/p38_p38a_3fmh_ligand.sdf,../data/fep_processed/p38/p38_protein_stripped.pdb,122,6.8846397,7.206631,6.9623337,6.962779,7.483827,7.1357765,6.8497386,7.170118,7.1819057,6.9811654,7.081891
123,p38_p38a_2f,p38,-8.48,../data/fep_processed/p38/p38_p38a_2f_ligand.sdf,../data/fep_processed/p38/p38_protein_stripped.pdb,123,6.39766,7.106218,6.8668804,7.0307226,7.465813,6.863846,6.730499,7.043125,7.0749745,6.5225186,6.910226
124,p38_p38a_2v,p38,-8.97,../data/fep_processed/p38/p38_p38a_2v_ligand.sdf,../data/fep_processed/p38/p38_protein_stripped.pdb,124,7.1141534,6.5158677,7.228933,7.6611857,7.2425976,6.552531,6.885297,6.6443114,6.811289,6.8039417,6.9460106
125,p38_p38a_3fln,p38,-10.88,../data/fep_processed/p38/p38_p38a_3fln_ligand.sdf,../data/fep_processed/p38/p38_protein_stripped.pdb,125,6.5614085,7.56689,7.0272894,7.6652417,7.9624033,7.284025,7.270837,7.7370706,7.54356,7.2945647,7.3913283
126,p38_p38a_2t,p38,-11.85,../data/fep_processed/p38/p38_p38a_2t_ligand.sdf,../data/fep_processed/p38/p38_protein_stripped.pdb,126,6.72165,7.8362646,6.952691,7.2759333,7.7280197,7.3070283,8.147362,7.7828503,7.8595943,8.208904,7.58203
127,p38_p38a_2r,p38,-10.79,../data/fep_processed/p38/p38_p38a_2r_ligand.sdf,../data/fep_processed/p38/p38_protein_stripped.pdb,127,7.282066,7.760052,7.487969,8.302618,8.239418,7.75214,8.128988,8.083383,8.251291,8.22843,7.951635
128,p38_p38a_3fly,p38,-11.42,../data/fep_processed/p38/p38_p38a_3fly_ligand.sdf,../data/fep_processed/p38/p38_protein_stripped.pdb,128,6.8787017,6.976265,7.165945,7.6851,7.391266,6.6844196,7.1393986,7.1633534,7.9583874,7.0666723,7.2109513
129,p38_p38a_2u,p38,-12.26,../data/fep_processed/p38/p38_p38a_2u_ligand.sdf,../data/fep_processed/p38/p38_protein_stripped.pdb,129,8.127818,7.4313583,7.923275,8.362874,8.1414,7.570831,7.7154098,7.817548,8.37475,8.081714,7.9546976
130,p38_p38a_2l,p38,-12.26,../data/fep_processed/p38/p38_p38a_2l_ligand.sdf,../data/fep_processed/p38/p38_protein_stripped.pdb,130,6.9292917,7.3687468,6.6987514,7.767305,7.7728906,7.4085116,7.7312913,7.7100115,8.099908,7.634655,7.512137
131,p38_p38a_2aa,p38,-9.27,../data/fep_processed/p38/p38_p38a_2aa_ligand.sdf,../data/fep_processed/p38/p38_protein_stripped.pdb,131,5.8386283,6.648534,6.7656775,7.3253765,7.1089745,5.93272,7.0414596,6.5316467,7.3875284,6.399455,6.6979995
132,p38_p38a_2gg,p38,-10.66,../data/fep_processed/p38/p38_p38a_2gg_ligand.sdf,../data/fep_processed/p38/p38_protein_stripped.pdb,132,5.943233,6.277508,6.5326467,6.6747737,7.0536456,6.0589423,6.669777,6.42517,6.912209,6.9812527,6.552916
133,p38_p38a_2k,p38,-10.55,../data/fep_processed/p38/p38_p38a_2k_ligand.sdf,../data/fep_processed/p38/p38_protein_stripped.pdb,133,6.5640564,7.016417,6.6778326,7.3365407,7.488954,7.0598416,7.0755,7.314912,7.1265554,7.1051917,7.07658
134,p38_p38a_3flq,p38,-9.93,../data/fep_processed/p38/p38_p38a_3flq_ligand.sdf,../data/fep_processed/p38/p38_protein_stripped.pdb,134,7.5038147,7.4234133,7.197841,7.1158013,7.556366,7.236645,6.8078747,7.0942874,7.838731,7.5074325,7.3282204
135,p38_p38a_2p,p38,-11.2,../data/fep_processed/p38/p38_p38a_2p_ligand.sdf,../data/fep_processed/p38/p38_protein_stripped.pdb,135,7.416018,7.2183723,7.365988,8.309166,7.9155555,7.240899,7.353155,7.7722335,8.021667,7.9725323,7.658559
136,p38_p38a_3fmk,p38,-11.83,../data/fep_processed/p38/p38_p38a_3fmk_ligand.sdf,../data/fep_processed/p38/p38_protein_stripped.pdb,136,6.8178444,7.3031864,7.1039195,7.1024046,7.5435123,6.760194,6.8909864,7.0776772,7.2652636,6.6720824,7.053707
137,p38_p38a_2j,p38,-10.08,../data/fep_processed/p38/p38_p38a_2j_ligand.sdf,../data/fep_processed/p38/p38_protein_stripped.pdb,137,6.971915,7.6049123,7.2891636,7.590515,8.063462,7.603803,7.272758,7.73106,7.686155,7.455359,7.5269103
138,p38_p38a_2g,p38,-10.66,../data/fep_processed/p38/p38_p38a_2g_ligand.sdf,../data/fep_processed/p38/p38_protein_stripped.pdb,138,6.5080724,7.1373186,7.214773,7.7007704,8.055664,7.5248733,7.088244,7.969744,7.4963913,7.153254,7.3849106
139,p38_p38a_2c,p38,-10.46,../data/fep_processed/p38/p38_p38a_2c_ligand.sdf,../data/fep_processed/p38/p38_protein_stripped.pdb,139,6.2622066,6.689331,6.8836317,6.824178,6.769377,6.8812695,6.3334355,7.4601316,6.722484,6.958737,6.778479
140,p38_p38a_2x,p38,-10.23,../data/fep_processed/p38/p38_p38a_2x_ligand.sdf,../data/fep_processed/p38/p38_protein_stripped.pdb,140,6.6148186,7.0657663,6.8564677,7.634745,7.508985,6.7056074,7.249101,7.3094687,7.028125,7.178166,7.115125
141,p38_p38a_3flw,p38,-10.68,../data/fep_processed/p38/p38_p38a_3flw_ligand.sdf,../data/fep_processed/p38/p38_protein_stripped.pdb,141,6.337862,6.889097,7.3021164,7.493584,7.380041,6.995855,6.968946,6.944705,7.8922315,6.740828,7.094527
142,p38_p38a_2e,p38,-10.7,../data/fep_processed/p38/p38_p38a_2e_ligand.sdf,../data/fep_processed/p38/p38_protein_stripped.pdb,142,6.4243255,7.1593285,7.022422,7.3659205,7.6462045,6.7222757,6.837523,7.4407325,7.0484524,7.0571866,7.0724373
143,p38_p38a_2ee,p38,-12.26,../data/fep_processed/p38/p38_p38a_2ee_ligand.sdf,../data/fep_processed/p38/p38_protein_stripped.pdb,143,6.5054564,6.887496,6.772299,7.390498,7.7348757,6.9914327,7.3843374,7.0760336,7.717748,7.402955,7.1863127
144,p38_p38a_2y,p38,-9.78,../data/fep_processed/p38/p38_p38a_2y_ligand.sdf,../data/fep_processed/p38/p38_protein_stripped.pdb,144,6.804551,7.4134192,7.67751,7.7596707,7.542352,7.062165,7.303795,7.100095,8.1143875,7.3759007,7.415384
145,p38_p38a_2i,p38,-10.05,../data/fep_processed/p38/p38_p38a_2i_ligand.sdf,../data/fep_processed/p38/p38_protein_stripped.pdb,145,6.873996,7.090618,7.2287097,7.615039,8.113262,7.66582,7.02863,7.765234,7.5347886,7.064473,7.3980575
146,p38_p38a_2o,p38,-10.49,../data/fep_processed/p38/p38_p38a_2o_ligand.sdf,../data/fep_processed/p38/p38_protein_stripped.pdb,146,7.3590484,7.210366,7.5172133,8.173617,8.044339,7.2401,7.1516843,7.2554064,7.8133845,7.8163204,7.5581484
147,p38_p38a_2ff,p38,-11.44,../data/fep_processed/p38/p38_p38a_2ff_ligand.sdf,../data/fep_processed/p38/p38_protein_stripped.pdb,147,6.6187844,7.1991086,7.1092577,7.504173,7.9478674,7.158386,7.048381,7.4774394,7.69091,7.6367974,7.3391104
148,p38_p38a_2m,p38,-10.96,../data/fep_processed/p38/p38_p38a_2m_ligand.sdf,../data/fep_processed/p38/p38_protein_stripped.pdb,148,7.4401083,7.930681,7.1882763,7.970811,7.931935,7.5456066,8.147583,7.650752,7.72309,7.524273,7.705312
149,PTP1B_23469,PTP1B,-7.72,../data/fep_processed/PTP1B/PTP1B_23469_ligand.sdf,../data/fep_processed/PTP1B/PTP1B_protein_stripped.pdb,149,6.41554,6.1731434,6.2854977,6.5283275,6.6074166,6.7550583,6.271778,6.3262477,6.488885,5.762961,6.3614855
150,PTP1B_23472,PTP1B,-8.65,../data/fep_processed/PTP1B/PTP1B_23472_ligand.sdf,../data/fep_processed/PTP1B/PTP1B_protein_stripped.pdb,150,6.1168413,6.608673,6.2194915,6.3560686,5.8732157,6.5406456,5.867368,6.0032682,6.2645154,5.3345313,6.1184616
151,PTP1B_23474,PTP1B,-9.11,../data/fep_processed/PTP1B/PTP1B_23474_ligand.sdf,../data/fep_processed/PTP1B/PTP1B_protein_stripped.pdb,151,7.226644,6.3613343,6.9483995,6.982314,6.486373,7.093056,7.4114127,7.00656,7.331004,7.326912,7.017401
152,PTP1B_23480,PTP1B,-8.72,../data/fep_processed/PTP1B/PTP1B_23480_ligand.sdf,../data/fep_processed/PTP1B/PTP1B_protein_stripped.pdb,152,7.3772388,7.1698575,7.4035163,7.059593,6.640232,7.7187133,7.328535,6.570283,7.2633176,6.227264,7.0758553
153,PTP1B_23470,PTP1B,-7.72,../data/fep_processed/PTP1B/PTP1B_23470_ligand.sdf,../data/fep_processed/PTP1B/PTP1B_protein_stripped.pdb,153,5.858455,6.3669662,6.7526875,6.6987205,6.4545093,6.7745323,6.6177163,6.335962,6.4895625,5.6296144,6.397873
154,PTP1B_23486,PTP1B,-12.47,../data/fep_processed/PTP1B/PTP1B_23486_ligand.sdf,../data/fep_processed/PTP1B/PTP1B_protein_stripped.pdb,154,6.798582,6.6588902,7.391906,6.688246,6.0746593,7.4050765,7.1204185,6.296856,7.3794737,6.5035434,6.831765
155,PTP1B_20669(2qbr),PTP1B,-8.61,../data/fep_processed/PTP1B/PTP1B_20669(2qbr)_ligand.sdf,../data/fep_processed/PTP1B/PTP1B_protein_stripped.pdb,155,6.1010203,5.9659696,6.073581,6.4201226,6.033696,6.646159,6.026453,6.2676263,6.3088474,5.5886526,6.1432137
156,PTP1B_23482,PTP1B,-10.01,../data/fep_processed/PTP1B/PTP1B_23482_ligand.sdf,../data/fep_processed/PTP1B/PTP1B_protein_stripped.pdb,156,6.7113338,5.8841534,6.8465214,6.623157,6.0109925,7.00604,6.89804,6.2016735,7.6239586,6.2850676,6.609094
157,PTP1B_23483,PTP1B,-9.87,../data/fep_processed/PTP1B/PTP1B_23483_ligand.sdf,../data/fep_processed/PTP1B/PTP1B_protein_stripped.pdb,157,6.9547853,6.734971,6.843115,7.0248713,6.8143897,7.1726127,7.1444883,6.2440405,7.310417,6.2759686,6.851966
158,PTP1B_23473,PTP1B,-8.39,../data/fep_processed/PTP1B/PTP1B_23473_ligand.sdf,../data/fep_processed/PTP1B/PTP1B_protein_stripped.pdb,158,5.6913295,5.5214972,5.6769776,5.9712434,6.33532,6.618169,6.0326166,5.62821,6.3603973,5.350392,5.9186153
159,PTP1B_20670(2qbs),PTP1B,-9.08,../data/fep_processed/PTP1B/PTP1B_20670(2qbs)_ligand.sdf,../data/fep_processed/PTP1B/PTP1B_protein_stripped.pdb,159,7.48673,6.7142925,7.456696,6.9344206,6.6816964,7.4476357,7.392035,7.0952344,7.672772,6.980164,7.1861677
160,PTP1B_23468,PTP1B,-7.75,../data/fep_processed/PTP1B/PTP1B_23468_ligand.sdf,../data/fep_processed/PTP1B/PTP1B_protein_stripped.pdb,160,6.1151752,6.2191577,6.357679,6.3033133,6.4399323,6.301544,6.0110197,5.7263103,6.446371,5.4239573,6.134446
161,PTP1B_23475,PTP1B,-8.72,../data/fep_processed/PTP1B/PTP1B_23475_ligand.sdf,../data/fep_processed/PTP1B/PTP1B_protein_stripped.pdb,161,7.259012,6.741434,7.0274005,6.973581,6.753778,7.260819,6.931193,7.0025477,7.383677,6.5207615,6.985421
162,PTP1B_20667(2qbp),PTP1B,-11.42,../data/fep_processed/PTP1B/PTP1B_20667(2qbp)_ligand.sdf,../data/fep_processed/PTP1B/PTP1B_protein_stripped.pdb,162,7.09596,6.622384,6.987062,6.8955994,6.3531833,7.2962937,7.119914,6.4414315,7.615682,6.7139955,6.914151
163,PTP1B_23477,PTP1B,-8.85,../data/fep_processed/PTP1B/PTP1B_23477_ligand.sdf,../data/fep_processed/PTP1B/PTP1B_protein_stripped.pdb,163,6.9810987,6.7671723,7.220472,6.897171,6.738753,7.492763,6.7895656,6.980017,7.126069,6.1685324,6.9161615
164,PTP1B_23471,PTP1B,-7.75,../data/fep_processed/PTP1B/PTP1B_23471_ligand.sdf,../data/fep_processed/PTP1B/PTP1B_protein_stripped.pdb,164,6.2216787,5.6501713,6.2080584,6.415884,5.907813,6.1588535,5.8172226,5.9538293,5.9215255,5.709412,5.996445
165,PTP1B_23485,PTP1B,-11.01,../data/fep_processed/PTP1B/PTP1B_23485_ligand.sdf,../data/fep_processed/PTP1B/PTP1B_protein_stripped.pdb,165,6.9024367,6.4713974,6.949938,6.8676577,6.345893,7.0003233,6.744265,5.737043,7.253369,6.4596252,6.673195
166,PTP1B_23467,PTP1B,-7.34,../data/fep_processed/PTP1B/PTP1B_23467_ligand.sdf,../data/fep_processed/PTP1B/PTP1B_protein_stripped.pdb,166,6.049922,5.5558896,5.685623,5.798256,5.410912,5.6258574,5.239022,5.6313915,6.2055554,5.28735,5.6489778
167,PTP1B_23466,PTP1B,-7.85,../data/fep_processed/PTP1B/PTP1B_23466_ligand.sdf,../data/fep_processed/PTP1B/PTP1B_protein_stripped.pdb,167,5.6517262,5.966006,5.755823,5.9079533,5.714395,6.185497,5.4106975,5.8434534,6.2719617,5.7265034,5.8434014
168,PTP1B_23476,PTP1B,-9.41,../data/fep_processed/PTP1B/PTP1B_23476_ligand.sdf,../data/fep_processed/PTP1B/PTP1B_protein_stripped.pdb,168,7.1363373,6.660916,7.0508432,6.796441,7.13676,7.205777,7.132089,6.92803,7.482823,6.887813,7.0417824
169,PTP1B_23484,PTP1B,-7.75,../data/fep_processed/PTP1B/PTP1B_23484_ligand.sdf,../data/fep_processed/PTP1B/PTP1B_protein_stripped.pdb,169,6.7483864,5.6929555,6.769448,6.8053966,6.2137938,6.6244035,6.626799,5.9018717,6.9226975,6.360901,6.4666657
170,PTP1B_23479,PTP1B,-9.14,../data/fep_processed/PTP1B/PTP1B_23479_ligand.sdf,../data/fep_processed/PTP1B/PTP1B_protein_stripped.pdb,170,6.392588,6.7593293,7.4603667,6.5564094,6.513437,7.5266395,7.1923532,6.5240507,7.2097125,5.8647175,6.79996
171,PTP1B_23330(2qbq),PTP1B,-10.13,../data/fep_processed/PTP1B/PTP1B_23330(2qbq)_ligand.sdf,../data/fep_processed/PTP1B/PTP1B_protein_stripped.pdb,171,6.4981766,7.1050653,7.2534795,6.9375134,7.01153,7.4083056,7.0737047,6.629512,7.2841387,6.2994437,6.950087
172,Thrombin_1b,Thrombin,-8.46,../data/fep_processed/Thrombin/Thrombin_1b_ligand.sdf,../data/fep_processed/Thrombin/Thrombin_protein_stripped.pdb,172,6.3307734,5.998541,5.660571,6.6015472,6.1377597,5.7717543,5.986443,5.794518,6.2075496,6.286216,6.077567
173,Thrombin_1d,Thrombin,-8.25,../data/fep_processed/Thrombin/Thrombin_1d_ligand.sdf,../data/fep_processed/Thrombin/Thrombin_protein_stripped.pdb,173,6.2133436,5.7756295,6.4229317,6.313827,7.0913935,6.0984,6.006217,6.09857,6.1619353,6.8110194,6.299327
174,Thrombin_3b,Thrombin,-7.86,../data/fep_processed/Thrombin/Thrombin_3b_ligand.sdf,../data/fep_processed/Thrombin/Thrombin_protein_stripped.pdb,174,6.4247866,5.239154,5.7195306,5.9846115,6.6741943,6.12688,6.1559253,5.983804,5.95262,6.111606,6.037311
175,Thrombin_1a,Thrombin,-7.48,../data/fep_processed/Thrombin/Thrombin_1a_ligand.sdf,../data/fep_processed/Thrombin/Thrombin_protein_stripped.pdb,175,6.1742353,5.843007,5.4808636,6.712579,5.6897326,6.0739574,6.139771,5.983573,5.8270607,5.6966076,5.962138
176,Thrombin_6a,Thrombin,-9.18,../data/fep_processed/Thrombin/Thrombin_6a_ligand.sdf,../data/fep_processed/Thrombin/Thrombin_protein_stripped.pdb,176,7.2409472,6.3788214,6.337985,7.024837,6.5887957,6.2846503,6.5923653,6.822054,7.1961827,6.6878524,6.715449
177,Thrombin_7a,Thrombin,-8.22,../data/fep_processed/Thrombin/Thrombin_7a_ligand.sdf,../data/fep_processed/Thrombin/Thrombin_protein_stripped.pdb,177,6.1149096,5.5339317,6.059376,6.215145,6.5312414,6.051487,6.320793,5.9805546,6.0862846,5.7216477,6.0615377
178,Thrombin_3a,Thrombin,-8.32,../data/fep_processed/Thrombin/Thrombin_3a_ligand.sdf,../data/fep_processed/Thrombin/Thrombin_protein_stripped.pdb,178,6.0867305,5.4095407,5.7577343,5.981983,6.397438,6.005273,5.9083533,5.45409,5.9025826,5.6232285,5.8526955
179,Thrombin_5,Thrombin,-7.58,../data/fep_processed/Thrombin/Thrombin_5_ligand.sdf,../data/fep_processed/Thrombin/Thrombin_protein_stripped.pdb,179,5.1869464,4.920505,5.25219,5.182577,5.069951,5.1739583,4.9525323,4.5327964,5.278335,4.9711123,5.0520906
180,Thrombin_6b,Thrombin,-8.89,../data/fep_processed/Thrombin/Thrombin_6b_ligand.sdf,../data/fep_processed/Thrombin/Thrombin_protein_stripped.pdb,180,6.51541,6.2555776,6.165,6.7873282,6.552925,6.099401,6.394547,6.4299617,6.6182146,6.500519,6.4318876
181,Thrombin_6e,Thrombin,-8.91,../data/fep_processed/Thrombin/Thrombin_6e_ligand.sdf,../data/fep_processed/Thrombin/Thrombin_protein_stripped.pdb,181,6.965679,6.475181,6.5091505,7.3142767,6.827462,6.212678,7.0709753,6.4800515,7.055607,6.5013785,6.7412443
182,Thrombin_1c,Thrombin,-8.56,../data/fep_processed/Thrombin/Thrombin_1c_ligand.sdf,../data/fep_processed/Thrombin/Thrombin_protein_stripped.pdb,182,5.950063,5.4689445,5.8775396,6.1745086,6.1888657,6.002063,5.6749716,5.3470783,5.9158316,5.55567,5.815554
183,Tyk2_ejm_31,Tyk2,-9.54,../data/fep_processed/Tyk2/Tyk2_ejm_31_ligand.sdf,../data/fep_processed/Tyk2/Tyk2_protein_stripped.pdb,183,5.925168,7.271662,5.800562,6.200017,6.917959,6.811537,7.0398655,6.3907743,6.5505238,6.706732,6.5614805
184,Tyk2_jmc_30,Tyk2,-10.94,../data/fep_processed/Tyk2/Tyk2_jmc_30_ligand.sdf,../data/fep_processed/Tyk2/Tyk2_protein_stripped.pdb,184,8.050429,7.500073,7.6537986,8.093118,8.406112,8.08127,7.9059625,7.7721167,8.044789,7.7435145,7.925119
185,Tyk2_ejm_50,Tyk2,-8.98,../data/fep_processed/Tyk2/Tyk2_ejm_50_ligand.sdf,../data/fep_processed/Tyk2/Tyk2_protein_stripped.pdb,185,6.6140428,6.9408216,5.4571857,6.3920913,6.762936,7.1385565,7.1189675,6.1466775,6.1543956,6.6835847,6.5409265
186,Tyk2_ejm_46,Tyk2,-11.31,../data/fep_processed/Tyk2/Tyk2_ejm_46_ligand.sdf,../data/fep_processed/Tyk2/Tyk2_protein_stripped.pdb,186,7.879257,7.304251,6.982374,7.892329,7.5843034,7.7053695,7.7421713,7.387185,7.8009114,7.893024,7.6171174
187,Tyk2_ejm_55,Tyk2,-9.21,../data/fep_processed/Tyk2/Tyk2_ejm_55_ligand.sdf,../data/fep_processed/Tyk2/Tyk2_protein_stripped.pdb,187,6.4138837,6.578322,5.9255896,6.3030276,6.869542,7.855332,7.097964,6.7193165,6.021719,7.4701495,6.7254844
188,Tyk2_ejm_43,Tyk2,-8.26,../data/fep_processed/Tyk2/Tyk2_ejm_43_ligand.sdf,../data/fep_processed/Tyk2/Tyk2_protein_stripped.pdb,188,7.1813464,7.713652,7.1206098,7.3251023,7.518717,7.5644007,7.426605,7.365037,7.5154495,7.3963075,7.4127226
189,Tyk2_jmc_28,Tyk2,-10.98,../data/fep_processed/Tyk2/Tyk2_jmc_28_ligand.sdf,../data/fep_processed/Tyk2/Tyk2_protein_stripped.pdb,189,8.029175,7.6611414,7.3938704,8.026433,7.7707143,7.9273934,7.7166834,7.6372123,8.066617,7.990647,7.8219886
190,Tyk2_ejm_49,Tyk2,-7.75,../data/fep_processed/Tyk2/Tyk2_ejm_49_ligand.sdf,../data/fep_processed/Tyk2/Tyk2_protein_stripped.pdb,190,6.3859935,7.102078,6.345203,7.144535,7.168165,7.4834623,7.0835724,6.860407,7.431986,7.232569,7.023797
191,Tyk2_ejm_45,Tyk2,-9.56,../data/fep_processed/Tyk2/Tyk2_ejm_45_ligand.sdf,../data/fep_processed/Tyk2/Tyk2_protein_stripped.pdb,191,7.305437,7.4072547,6.967833,7.601519,7.3298936,7.7254777,8.045008,7.6041584,7.381767,7.4674606,7.4835806
192,Tyk2_ejm_44,Tyk2,-7.42,../data/fep_processed/Tyk2/Tyk2_ejm_44_ligand.sdf,../data/fep_processed/Tyk2/Tyk2_protein_stripped.pdb,192,7.9759107,7.69996,7.083427,8.269845,7.6363993,7.698485,7.5805144,7.3030424,7.3041515,7.258629,7.5810366
193,Tyk2_jmc_27,Tyk2,-11.28,../data/fep_processed/Tyk2/Tyk2_jmc_27_ligand.sdf,../data/fep_processed/Tyk2/Tyk2_protein_stripped.pdb,193,7.5561557,7.008871,6.4870906,7.4017243,7.6909003,7.74318,8.013368,7.526951,7.288157,7.939709,7.4656105
194,Tyk2_ejm_48,Tyk2,-9.0,../data/fep_processed/Tyk2/Tyk2_ejm_48_ligand.sdf,../data/fep_processed/Tyk2/Tyk2_protein_stripped.pdb,194,7.3683295,7.664654,6.600414,7.61357,7.484405,7.7924995,7.588158,7.4252324,7.94451,7.556254,7.5038023
195,Tyk2_ejm_47,Tyk2,-9.7,../data/fep_processed/Tyk2/Tyk2_ejm_47_ligand.sdf,../data/fep_processed/Tyk2/Tyk2_protein_stripped.pdb,195,7.510767,7.5474954,6.539119,7.829429,7.408093,7.770758,7.7790437,7.461416,7.9370947,7.699143,7.548236
196,Tyk2_jmc_23,Tyk2,-11.7,../data/fep_processed/Tyk2/Tyk2_jmc_23_ligand.sdf,../data/fep_processed/Tyk2/Tyk2_protein_stripped.pdb,196,7.678657,7.218043,7.3156395,7.904134,8.001441,8.124093,8.376473,7.9933977,8.103587,7.9114003,7.862686
197,Tyk2_ejm_42,Tyk2,-9.78,../data/fep_processed/Tyk2/Tyk2_ejm_42_ligand.sdf,../data/fep_processed/Tyk2/Tyk2_protein_stripped.pdb,197,6.74042,6.990394,6.858592,6.890839,7.064158,7.44262,7.497915,6.703873,6.414012,6.796116,6.939894
198,Tyk2_ejm_54,Tyk2,-10.53,../data/fep_processed/Tyk2/Tyk2_ejm_54_ligand.sdf,../data/fep_processed/Tyk2/Tyk2_protein_stripped.pdb,198,7.3367753,7.660407,6.8167834,7.744191,7.814158,7.9574795,7.81901,7.510925,7.52005,7.7699103,7.5949693
