,Target,Target_file,Ligand,Num_Atoms,graph_id,Pred. ΔG,Exp. ΔG,Group,finetune_rank,Group_359,Group1,Group3,Group4,Group5,Group2,truth,preds_0,preds_1,preds_2,preds_3,preds_4,preds_5,preds_6,preds_7,preds_8,preds_9,preds
0,cdk8,5hnb-chainA-prepared,17,24,cdk8/17,-7.76,-8.94,0.0,8.0,0.0,0.0,5.0,0.0,0.0,0.0,-8.940001,7.750132,7.612776,6.900949,7.961451,7.0907946,7.2572846,7.6164155,7.058138,6.9976583,7.1450334,-10.011266
1,cdk8,5hnb-chainA-prepared,28,28,cdk8/28,-9.08,-6.17,0.0,9.0,0.0,0.0,0.0,0.0,3.0,0.0,-6.169999,7.815764,7.264905,6.9870844,7.086364,7.066409,7.2917743,6.7318583,6.8224463,7.062959,7.086352,-9.714611
2,cdk8,5hnb-chainA-prepared,22,28,cdk8/22,-10.08,-10.22,0.0,6.0,0.0,0.0,0.0,0.0,6.0,0.0,-10.219999,7.291506,7.3347483,7.323357,7.0547485,7.487737,7.672417,7.2387724,6.82179,7.498683,7.5876637,-10.00046
3,cdk8,5hnb-chainA-prepared,16,21,cdk8/16,-8.46,-9.24,0.0,0.0,0.0,0.0,3.0,0.0,0.0,0.0,-9.24,7.7671514,6.797227,6.502477,7.4131694,7.2501082,7.0571785,7.5883346,6.7744327,6.6118474,6.9367557,-9.644054
4,cdk8,5hnb-chainA-prepared,30,30,cdk8/30,-11.66,-11.63,0.0,0.0,0.0,0.0,0.0,0.0,0.0,0.0,-11.630001,8.41326,8.399495,8.153754,8.151509,8.1058445,7.9736156,7.7276716,7.9234366,7.9771357,7.8672256,-11.00738
5,cdk8,5hnb-chainA-prepared,21,28,cdk8/21,-9.64,-9.7,0.0,0.0,0.0,0.0,0.0,0.0,0.0,7.0,-9.699999,7.443776,7.670893,7.0784264,6.980002,6.874651,7.702534,7.0468636,6.7199173,7.0842752,7.7296433,-9.866718
6,cdk8,5hnb-chainA-prepared,24,26,cdk8/24,-7.84,-10.28,0.0,0.0,0.0,0.0,1.0,0.0,0.0,0.0,-10.280001,6.98805,6.771072,7.932281,7.61625,7.683852,7.485818,7.5401196,7.042262,7.4000645,7.103921,-10.034873
7,cdk8,5hnb-chainA-prepared,38,31,cdk8/38,-11.67,-11.32,2.0,3.0,3.0,5.0,0.0,0.0,0.0,0.0,-11.32,8.334063,8.393096,8.663972,8.693099,8.606647,8.560672,8.5634,8.505555,8.50427,8.6325865,-11.657297
8,cdk8,5hnb-chainA-prepared,31,30,cdk8/31,-11.95,-11.87,3.0,0.0,3.0,8.0,0.0,2.0,0.0,0.0,-11.869999,8.314236,8.311458,8.027777,8.40904,7.689508,7.883758,8.20931,7.8261485,7.8545465,7.8740935,-10.9674015
9,cdk8,5hnb-chainA-prepared,41,30,cdk8/41,-12.53,-11.22,0.0,0.0,0.0,0.0,0.0,0.0,0.0,0.0,-11.219999,7.561202,7.3989477,7.753821,8.165692,7.575991,7.8726807,7.6514573,7.5381274,7.5743833,7.824156,-10.492228
10,cdk8,5hnb-chainA-prepared,29,29,cdk8/29,-11.69,-9.2,0.0,0.0,0.0,0.0,0.0,0.0,0.0,0.0,-9.199999,7.533429,7.2079744,7.1137915,7.7492037,7.6189194,7.5467896,7.3569903,6.658303,7.682078,7.3710747,-10.072367
11,cdk8,5hnb-chainA-prepared,26,28,cdk8/26,-8.91,-10.16,3.0,0.0,3.0,9.0,0.0,9.0,0.0,0.0,-10.16,7.538785,7.6997666,7.565304,7.971387,7.5748553,7.7980404,7.926564,6.926985,8.111655,7.6801057,-10.475447
12,cdk8,5hnb-chainA-prepared,42,28,cdk8/42,-10.91,-11.46,0.0,2.0,0.0,0.0,2.0,4.0,0.0,4.0,-11.460001,8.348456,8.416185,7.7194257,8.305362,7.837255,7.9876857,7.7681346,7.7655077,7.8637605,7.7143774,-10.875499
13,cdk8,5hnb-chainA-prepared,35,29,cdk8/35,-11.37,-11.46,2.0,0.0,2.0,4.0,6.0,0.0,0.0,0.0,-11.460001,8.312672,8.223664,8.337139,8.125639,7.996502,7.706409,7.2313404,7.511384,7.827162,8.010186,-10.814924
14,cdk8,5hnb-chainA-prepared,44,27,cdk8/44,-11.35,-11.46,0.0,0.0,0.0,0.0,0.0,0.0,0.0,8.0,-11.460001,7.8651767,8.019099,7.747958,8.228124,7.014423,7.7755957,7.8552213,7.702052,7.1972585,7.908224,-10.546337
15,cdk8,5hnb-chainA-prepared,18,24,cdk8/18,-8.74,-10.91,1.0,5.0,1.0,2.0,0.0,0.0,0.0,0.0,-10.91,7.9161477,7.4548287,6.9981146,8.122221,7.3903995,7.6226673,7.460997,7.4959307,7.1782637,7.4718657,-10.246002
16,cdk8,5hnb-chainA-prepared,40,30,cdk8/40,-11.59,-11.13,0.0,4.0,0.0,0.0,7.0,0.0,1.0,0.0,-11.130001,7.8641486,7.940315,7.9938574,8.510985,7.5406694,7.7442923,7.7184668,7.786502,8.304033,7.8334804,-10.80874
17,cdk8,5hnb-chainA-prepared,19,26,cdk8/19,-9.34,-10.67,1.0,0.0,1.0,3.0,0.0,6.0,0.0,0.0,-10.67,7.714535,7.295524,7.2571034,7.8522635,7.4033785,7.8881054,7.580124,7.065755,7.5207043,7.5619564,-10.249824
18,cdk8,5hnb-chainA-prepared,33,28,cdk8/33,-9.92,-11.05,0.0,0.0,0.0,0.0,0.0,8.0,0.0,0.0,-11.049999,8.080318,7.950169,7.788555,8.325892,8.081526,8.050748,7.819407,7.530782,8.026114,8.036096,-10.870513
19,cdk8,5hnb-chainA-prepared,27,29,cdk8/27,-11.43,-8.41,2.0,0.0,2.0,6.0,0.0,0.0,0.0,6.0,-8.41,7.0737243,6.797579,6.8548546,6.767962,7.0471907,7.3317275,7.22326,6.6877785,6.905567,7.356178,-9.554997
20,cdk8,5hnb-chainA-prepared,13,26,cdk8/13,-10.82,-11.22,0.0,0.0,0.0,0.0,0.0,0.0,0.0,0.0,-11.219999,7.9607525,8.183696,7.2212214,7.8264613,7.6700845,7.9769735,7.6865735,7.9288116,7.6172457,7.163463,-10.535717
21,cdk8,5hnb-chainA-prepared,39,30,cdk8/39,-11.89,-11.46,0.0,0.0,0.0,0.0,8.0,7.0,0.0,0.0,-11.460001,8.263747,7.7365184,7.819203,8.2150545,7.698687,7.69865,7.420809,7.8093133,7.7613144,7.3487287,-10.608934
22,cdk8,5hnb-chainA-prepared,32,25,cdk8/32,-9.69,-9.49,0.0,7.0,0.0,0.0,4.0,0.0,0.0,0.0,-9.49,7.1322536,6.8283134,7.3602133,7.9116635,7.23913,7.6721077,6.9858794,6.7284794,7.1662436,7.1690493,-9.847942
23,cdk8,5hnb-chainA-prepared,23,29,cdk8/23,-9.13,-8.96,3.0,0.0,3.0,7.0,0.0,0.0,0.0,9.0,-8.96,7.617777,7.279616,7.360824,7.3844023,6.8514094,7.837022,7.4006023,6.5695877,7.293845,7.5972204,-9.984212
24,cdk8,5hnb-chainA-prepared,15,24,cdk8/15,-7.17,-7.64,0.0,0.0,0.0,0.0,0.0,0.0,8.0,0.0,-7.6399994,7.3274174,6.832698,7.1679153,7.9178615,7.377417,7.0268555,7.5922475,7.053225,6.8696957,7.0504274,-9.851002
25,cdk8,5hnb-chainA-prepared,34,30,cdk8/34,-11.5,-11.13,0.0,0.0,0.0,0.0,0.0,0.0,0.0,0.0,-11.130001,8.389235,7.5236897,8.422103,7.905425,7.6610403,8.20357,8.127313,7.595831,7.972335,8.082589,-10.896913
26,cdk8,5hnb-chainA-prepared,25,27,cdk8/25,-11.04,-9.74,0.0,0.0,0.0,0.0,0.0,0.0,2.0,0.0,-9.74,7.6391497,7.0303187,7.4007273,7.2254796,7.286224,7.0447454,7.609071,7.0995107,6.812675,7.6424356,-9.929378
27,cdk8,5hnb-chainA-prepared,14,17,cdk8/14,-7.6,-8.29,0.0,0.0,0.0,0.0,0.0,0.0,4.0,0.0,-8.29,7.3890133,6.5804195,6.7725706,7.4922795,6.6255836,6.753131,6.8417525,6.9099817,6.415918,6.931353,-9.37305
28,cdk8,5hnb-chainA-prepared,45,28,cdk8/45,-10.77,-11.13,1.0,0.0,1.0,1.0,0.0,1.0,0.0,0.0,-11.130001,7.560989,7.7820635,7.7935076,7.980807,7.2388296,7.6450253,8.209893,7.8538656,6.785429,7.739293,-10.447654
29,cdk8,5hnb-chainA-prepared,36,30,cdk8/36,-11.72,-11.22,0.0,0.0,0.0,0.0,0.0,0.0,5.0,5.0,-11.219999,8.135769,7.6942897,7.869547,7.649085,7.703655,7.68376,8.100174,7.594599,7.846328,7.696557,-10.636454
30,cmet,4r1y_prepared,CHEMBL3402753_200,29,cmet/CHEMBL3402753_200,-9.88,-9.14,3.0,6.0,3.0,7.0,9.0,4.0,8.0,6.0,-9.140001,7.4924817,6.9367113,7.405207,7.1053896,7.1132126,6.8877277,7.0597014,6.9641495,7.0755854,7.2937684,-9.73071
31,cmet,4r1y_prepared,CHEMBL3402759_5.7,35,cmet/CHEMBL3402759_5.7,-11.93,-11.25,2.0,0.0,3.0,6.0,0.0,0.0,0.0,0.0,-11.25,7.5060573,7.3173423,7.242236,7.566264,7.2020936,7.9086843,7.5976887,7.2144146,7.683232,7.6312704,-10.212971
32,cmet,4r1y_prepared,CHEMBL3402747_3400,28,cmet/CHEMBL3402747_3400,-5.97,-7.46,0.0,8.0,0.0,0.0,0.0,0.0,7.0,0.0,-7.46,6.747184,6.5080786,6.3964615,6.7711635,6.4453106,6.977567,6.8941646,6.977847,6.7716436,6.5769677,-9.148572
33,cmet,4r1y_prepared,CHEMBL3402744_300,27,cmet/CHEMBL3402744_300,-7.41,-8.9,0.0,0.0,0.0,0.0,0.0,3.0,0.0,0.0,-8.9,6.6268144,7.187354,7.8793573,6.7113223,6.064252,6.755745,7.4064064,7.148833,6.975537,6.850107,-9.494965
34,cmet,4r1y_prepared,CHEMBL3402745_200,28,cmet/CHEMBL3402745_200,-8.31,-9.14,0.0,0.0,0.0,0.0,0.0,0.0,0.0,0.0,-9.140001,6.842473,7.1380677,6.9093313,6.695147,6.4772453,6.5648427,7.530846,6.8686304,6.9640646,6.5961843,-9.355976
35,cmet,4r1y_prepared,CHEMBL3402761_1,37,cmet/CHEMBL3402761_1,-12.22,-12.28,0.0,1.0,0.0,0.0,0.0,0.0,3.0,0.0,-12.280001,7.31586,7.4216433,7.656492,8.013183,7.2701063,7.7240286,6.9711757,7.635508,7.748504,7.6250653,-10.282851
36,cmet,4r1y_prepared,CHEMBL3402750_400,28,cmet/CHEMBL3402750_400,-9.19,-8.73,0.0,7.0,0.0,0.0,0.0,2.0,0.0,8.0,-8.73,6.894247,6.804562,6.9850564,6.82881,6.7533,6.965856,7.099805,7.371299,6.721558,7.38731,-9.523074
37,cmet,4r1y_prepared,CHEMBL3402743_42,32,cmet/CHEMBL3402743_42,-9.12,-10.06,0.0,0.0,0.0,0.0,7.0,0.0,0.0,0.0,-10.059999,6.949337,7.1432967,7.4779916,7.7384815,6.6961093,7.1979065,7.5849524,7.319602,7.534832,7.192614,-9.935488
38,cmet,4r1y_prepared,CHEMBL3402752_30000,28,cmet/CHEMBL3402752_30000,-5.92,-6.17,1.0,9.0,1.0,1.0,3.0,0.0,0.0,4.0,-6.169999,6.7666473,6.719667,6.587492,6.8948245,6.3607078,7.1927795,6.913345,7.0168056,6.6631274,7.278615,-9.329674
39,cmet,4r1y_prepared,CHEMBL3402755_4200,29,cmet/CHEMBL3402755_4200,-8.36,-7.34,3.0,0.0,3.0,8.0,0.0,9.0,0.0,0.0,-7.339999,7.589797,7.1876507,7.182498,6.9785748,6.9316654,7.189373,7.254378,7.114259,7.1632633,7.2410507,-9.798722
40,cmet,4r1y_prepared,CHEMBL3402758_10,33,cmet/CHEMBL3402758_10,-12.24,-10.91,0.0,3.0,0.0,0.0,5.0,0.0,0.0,0.0,-10.91,7.122578,7.114172,6.427316,7.06946,6.7350817,7.740766,7.549698,7.351049,6.6850643,6.6633105,-9.61129
41,cmet,4r1y_prepared,CHEMBL3402749_500,28,cmet/CHEMBL3402749_500,-7.47,-8.6,2.0,0.0,2.0,5.0,0.0,0.0,0.0,0.0,-8.6,6.709298,6.716774,6.5226517,6.9401894,6.4063683,7.388046,6.6696477,6.9778404,6.798728,7.103445,-9.307708
42,cmet,4r1y_prepared,CHEMBL3402757_6.5,34,cmet/CHEMBL3402757_6.5,-11.8,-11.17,0.0,0.0,0.0,0.0,0.0,6.0,0.0,0.0,-11.17,7.3625026,7.051508,7.2371135,7.478906,6.998072,7.617696,7.7705746,7.428377,7.030267,7.417144,-10.011474
43,cmet,4r1y_prepared,CHEMBL3402765_11-charged-pKa-8.1,35,cmet/CHEMBL3402765_11-charged-pKa-8.1,-9.94,-10.86,1.0,0.0,1.0,3.0,8.0,0.0,1.0,9.0,-10.859999,6.8427896,7.0048704,7.7667327,6.61844,6.875927,7.3140397,7.376179,7.4245253,7.3688927,7.1888876,-9.791734
44,cmet,4r1y_prepared,CHEMBL3402762_1,37,cmet/CHEMBL3402762_1,-13.45,-12.28,0.0,0.0,0.0,0.0,2.0,5.0,0.0,7.0,-12.280001,7.151548,7.527112,7.3963275,7.9019504,7.0219345,8.324523,7.546977,7.7877645,7.7075,7.8406982,-10.395358
45,cmet,4r1y_prepared,CHEMBL3402748_5300,28,cmet/CHEMBL3402748_5300,-6.97,-7.2,0.0,0.0,0.0,0.0,0.0,0.0,2.0,5.0,-7.2,7.2535048,7.0330696,7.0175157,6.889548,6.4621177,6.552291,6.37765,6.6164103,6.971346,7.429814,-9.358219
46,cmet,4r1y_prepared,CHEMBL3402741_400,36,cmet/CHEMBL3402741_400,-10.16,-8.73,1.0,0.0,1.0,2.0,1.0,0.0,6.0,0.0,-8.73,6.620033,6.655247,7.3566947,7.2962914,7.0011163,6.3120728,6.680799,6.7353516,7.196945,7.3632517,-9.442048
47,cmet,4r1y_prepared,CHEMBL3402763_90,33,cmet/CHEMBL3402763_90,-10.97,-9.61,0.0,5.0,0.0,0.0,0.0,0.0,9.0,0.0,-9.610001,7.676797,7.4304624,7.416234,6.6473365,7.549661,6.8425994,7.2993827,7.24059,6.625463,7.53535,-9.857563
48,cmet,4r1y_prepared,CHEMBL3402751_2100,28,cmet/CHEMBL3402751_2100,-6.97,-7.75,3.0,0.0,3.0,9.0,6.0,1.0,4.0,0.0,-7.75,6.8107915,6.773642,6.74486,6.773946,6.7876925,6.675225,7.1373215,7.303056,7.136926,7.3520365,-9.479928
49,cmet,4r1y_prepared,CHEMBL3402756_2.7,35,cmet/CHEMBL3402756_2.7,-11.62,-11.69,0.0,2.0,0.0,0.0,0.0,7.0,5.0,0.0,-11.689999,7.2991357,7.26119,7.330541,7.7895164,7.1718416,7.622616,7.515874,7.554269,7.0507903,7.6157894,-10.12325
50,cmet,4r1y_prepared,CHEMBL3402760_1,35,cmet/CHEMBL3402760_1,-12.26,-12.28,0.0,0.0,0.0,0.0,4.0,0.0,0.0,0.0,-12.280001,7.9345913,7.5212455,6.668382,8.415467,7.587404,8.101035,7.370278,7.9194384,7.249948,7.237258,-10.3679
51,eg5,3l9h_prepared,CHEMBL1078774,26,eg5/CHEMBL1078774,-9.17,-10.6,2.0,0.0,3.0,5.0,0.0,4.0,5.0,4.0,-10.6,7.124031,6.9626017,6.689402,6.8006525,6.9531345,7.1118054,6.768175,6.9266815,6.996683,6.3977747,-9.375634
52,eg5,3l9h_prepared,CHEMBL1093087,35,eg5/CHEMBL1093087,-11.56,-10.53,0.0,6.0,0.0,0.0,5.0,1.0,0.0,0.0,-10.529999,7.3652043,6.9877915,7.4266768,7.400548,6.209535,6.4187374,7.171822,6.948703,7.5820985,7.209659,-9.647069
53,eg5,3l9h_prepared,CHEMBL1082249,30,eg5/CHEMBL1082249,-11.07,-11.22,0.0,0.0,0.0,0.0,0.0,0.0,7.0,0.0,-11.219999,7.27427,7.650248,6.839111,6.9829264,6.3918734,6.708671,7.223706,6.9135795,6.729029,7.047698,-9.51616
54,eg5,3l9h_prepared,CHEMBL1089393,21,eg5/CHEMBL1089393,-8.57,-8.38,0.0,9.0,0.0,0.0,0.0,9.0,0.0,0.0,-8.38,5.8906937,5.968096,5.746544,5.8828144,5.922471,5.9093,5.553839,5.862384,5.923947,6.0417147,-8.007552
55,eg5,3l9h_prepared,CHEMBL1078691,25,eg5/CHEMBL1078691,-10.23,-10.19,0.0,0.0,0.0,0.0,3.0,0.0,0.0,0.0,-10.189999,7.0065703,7.0114202,6.7823653,6.6999946,6.7941117,7.2834086,6.643056,7.19144,6.806985,6.845261,-9.42115
56,eg5,3l9h_prepared,CHEMBL1086409,28,eg5/CHEMBL1086409,-9.68,-9.87,0.0,0.0,0.0,0.0,0.0,0.0,0.0,0.0,-9.869999,6.665121,7.708078,6.855302,6.952344,6.0406356,6.18941,7.1024103,7.390489,6.866735,7.1657033,-9.403637
57,eg5,3l9h_prepared,CHEMBL1082248,25,eg5/CHEMBL1082248,-11.09,-11.63,0.0,0.0,0.0,0.0,0.0,6.0,0.0,8.0,-11.630001,6.497222,7.248312,6.7041554,6.9217196,5.874172,6.4429455,6.9469748,6.807763,6.3702965,6.129924,-8.995396
58,eg5,3l9h_prepared,CHEMBL1084678,34,eg5/CHEMBL1084678,-13.62,-11.13,0.0,4.0,0.0,0.0,1.0,0.0,0.0,0.0,-11.130001,7.8313766,7.505429,7.8944206,8.410062,7.122317,7.0534673,8.109668,7.9229927,7.8016553,7.486509,-10.522433
59,eg5,3l9h_prepared,CHEMBL1084115,23,eg5/CHEMBL1084115,-9.81,-9.44,3.0,8.0,3.0,7.0,0.0,0.0,9.0,0.0,-9.440001,6.8147583,6.216019,6.798674,6.475752,6.2728567,6.535013,6.1731815,6.379607,6.626605,6.2146883,-8.799465
60,eg5,3l9h_prepared,CHEMBL1084431,38,eg5/CHEMBL1084431,-10.05,-9.8,1.0,0.0,1.0,1.0,2.0,2.0,0.0,0.0,-9.800001,7.5856385,7.300408,7.5960817,7.608492,5.8840246,5.9630656,7.2564006,8.201385,7.5869193,7.3225374,-9.863168
61,eg5,3l9h_prepared,CHEMBL1085895,33,eg5/CHEMBL1085895,-10.92,-10.86,0.0,5.0,0.0,0.0,0.0,0.0,0.0,0.0,-10.859999,7.670391,7.4754834,7.875313,7.1788244,7.3016047,6.7897754,7.9852915,7.9954495,7.4678636,7.740767,-10.296383
62,eg5,3l9h_prepared,CHEMBL1084677,33,eg5/CHEMBL1084677,-11.84,-11.46,3.0,2.0,3.0,9.0,0.0,0.0,0.0,0.0,-11.460001,7.73141,7.6047053,7.9128647,8.363264,7.1008105,7.3517375,8.073584,7.7762475,7.246066,7.452699,-10.450884
63,eg5,3l9h_prepared,CHEMBL1077227,26,eg5/CHEMBL1077227,-10.82,-11.32,3.0,3.0,3.0,8.0,0.0,0.0,0.0,0.0,-11.32,6.4380145,6.8435555,6.627305,7.001727,6.608103,5.890521,5.8712316,6.9565806,6.464614,6.3779507,-8.877553
64,eg5,3l9h_prepared,CHEMBL1086410,27,eg5/CHEMBL1086410,-10.27,-11.46,0.0,0.0,0.0,0.0,0.0,0.0,1.0,5.0,-11.460001,6.743222,6.8229504,7.16374,7.3679266,6.5324044,6.3166265,6.6704993,7.1770372,6.5120816,6.8262973,-9.294039
65,eg5,3l9h_prepared,CHEMBL1083517,28,eg5/CHEMBL1083517,-11.24,-11.46,0.0,0.0,0.0,0.0,6.0,7.0,0.0,0.0,-11.460001,6.6457877,7.917863,7.303696,7.0865703,6.2570357,7.0925975,7.641779,7.7695885,7.3064027,7.557882,-9.9005785
66,eg5,3l9h_prepared,CHEMBL1096003,32,eg5/CHEMBL1096003,-12.16,-11.87,0.0,1.0,0.0,0.0,4.0,0.0,0.0,0.0,-11.869999,7.110342,7.5875726,7.2438545,7.0359645,7.4055934,7.3213873,7.9213266,7.4086227,7.3771124,7.6562347,-10.103667
67,eg5,3l9h_prepared,CHEMBL1077204,34,eg5/CHEMBL1077204,-11.65,-11.05,0.0,0.0,0.0,0.0,0.0,3.0,0.0,7.0,-11.049999,7.8313413,7.495423,7.268723,7.8896594,7.61189,7.2368526,8.329264,7.712707,7.77405,7.859286,-10.504876
68,eg5,3l9h_prepared,CHEMBL1083836,26,eg5/CHEMBL1083836,-10.53,-10.86,1.0,0.0,1.0,3.0,0.0,8.0,6.0,9.0,-10.859999,6.697203,6.935998,7.474554,7.273813,6.833167,6.4146333,6.488225,7.029903,6.861833,6.2691708,-9.313917
69,eg5,3l9h_prepared,CHEMBL1085666,26,eg5/CHEMBL1085666,-10.65,-10.5,0.0,0.0,0.0,0.0,0.0,0.0,3.0,6.0,-10.5,6.8624215,7.263499,7.1904445,7.364016,6.3500867,6.292084,7.2812543,7.1291933,6.769137,6.8273973,-9.45729
70,eg5,3l9h_prepared,CHEMBL1085692,32,eg5/CHEMBL1085692,-12.65,-11.32,0.0,0.0,0.0,0.0,8.0,5.0,0.0,0.0,-11.32,6.926013,7.2560043,7.2959437,7.5007076,7.3137226,6.8657837,7.642236,7.1353707,7.1893,7.2157207,-9.868057
71,eg5,3l9h_prepared,CHEMBL1096002,27,eg5/CHEMBL1096002,-10.96,-11.13,1.0,0.0,1.0,2.0,7.0,0.0,0.0,0.0,-11.130001,6.7253103,7.6039767,7.092138,6.8107963,6.4745555,6.4123707,6.940053,6.9961104,7.2210865,7.0498886,-9.456845
72,eg5,3l9h_prepared,CHEMBL1089056,24,eg5/CHEMBL1089056,-9.41,-9.44,2.0,0.0,2.0,6.0,9.0,0.0,8.0,0.0,-9.440001,6.5334077,6.035183,6.4616213,6.153695,6.2745876,6.441242,6.237179,6.55766,6.440693,6.054327,-8.619735
73,eg5,3l9h_prepared,CHEMBL1093088,30,eg5/CHEMBL1093088,-9.65,-11.22,0.0,0.0,0.0,0.0,0.0,0.0,0.0,0.0,-11.219999,7.8473315,7.5654874,8.504068,7.089682,7.3735967,6.597344,7.7185674,7.967921,7.9127493,7.5751896,-10.387937
74,eg5,3l9h_prepared,CHEMBL1084935,31,eg5/CHEMBL1084935,-9.39,-10.53,2.0,0.0,2.0,4.0,0.0,0.0,0.0,0.0,-10.529999,7.43455,7.4058013,7.400812,7.330001,6.6970634,6.6827755,6.5676174,7.273482,7.1228056,7.226512,-9.70445
75,eg5,3l9h_prepared,CHEMBL1078998,23,eg5/CHEMBL1078998,-10.45,-10.37,0.0,7.0,0.0,0.0,0.0,0.0,0.0,0.0,-10.369999,6.367447,5.8778696,6.1379213,6.3925333,6.1978855,6.4746323,5.833636,6.3990974,6.3418126,5.9562864,-8.454614
76,hif2a,5tbm_prepared,338,27,hif2a/338,-9.28,-10.76,0.0,2.0,0.0,0.0,0.0,2.0,0.0,0.0,-10.76,7.550708,7.812679,7.9528832,7.6560225,7.518668,7.464684,7.9431877,7.8093705,7.5956316,7.2631874,-10.444558
77,hif2a,5tbm_prepared,43,24,hif2a/43,-8.95,-8.7,0.0,8.0,0.0,0.0,0.0,0.0,0.0,0.0,-8.7,6.8855586,7.0857553,7.9670076,7.5834975,6.7238684,6.678434,7.1033587,6.649062,6.485142,6.919577,-9.559833
78,hif2a,5tbm_prepared,235,28,hif2a/235,-9.42,-10.12,0.0,5.0,0.0,0.0,0.0,5.0,0.0,0.0,-10.120001,7.4131684,7.920198,8.10577,7.8322806,7.470228,7.512404,7.842549,7.7955475,7.869137,8.110733,-10.622575
79,hif2a,5tbm_prepared,234,26,hif2a/234,-10.56,-10.35,0.0,0.0,0.0,0.0,0.0,0.0,0.0,0.0,-10.35,7.377748,7.6628814,8.224309,7.9879656,7.8459525,7.5064664,8.062992,7.702631,7.1256986,7.5328526,-10.507646
80,hif2a,5tbm_prepared,30,25,hif2a/30,-10.91,-10.57,2.0,3.0,3.0,5.0,0.0,0.0,0.0,0.0,-10.57,7.636142,7.2242947,7.611074,7.556189,6.87933,6.285559,7.5587077,7.3092837,7.106331,7.021467,-9.847267
81,hif2a,5tbm_prepared,1,25,hif2a/1,-10.08,-11.32,0.0,1.0,0.0,0.0,0.0,0.0,9.0,0.0,-11.32,7.4689746,8.183606,7.4403653,7.185266,7.3950377,7.4668436,7.649609,7.733353,7.946652,7.6704063,-10.386324
82,hif2a,5tbm_prepared,237,28,hif2a/237,-9.67,-9.55,0.0,7.0,0.0,0.0,0.0,0.0,0.0,0.0,-9.549999,7.5074377,7.711278,6.853209,7.925111,7.425694,7.331512,7.3543363,7.3467407,7.128547,7.1163173,-10.053492
83,hif2a,5tbm_prepared,227,28,hif2a/227,-11.78,-10.76,0.0,0.0,0.0,0.0,7.0,0.0,0.0,0.0,-10.76,7.7606883,7.989686,7.450941,7.905002,7.871071,7.1753078,7.603938,7.78191,8.488494,7.47587,-10.572225
84,hif2a,5tbm_prepared,266,30,hif2a/266,-9.94,-10.53,3.0,0.0,3.0,7.0,0.0,0.0,0.0,0.0,-10.529999,7.7161403,8.262837,7.674548,6.400759,7.538728,7.092132,7.39903,7.170482,7.7510257,7.8723006,-10.214156
85,hif2a,5tbm_prepared,206,27,hif2a/206,-8.72,-10.12,0.0,0.0,0.0,0.0,0.0,4.0,0.0,0.0,-10.120001,7.4649816,7.075231,6.9957767,7.060546,7.6223197,6.666328,7.263401,7.0861235,6.4294667,7.0220184,-9.642351
86,hif2a,5tbm_prepared,67,23,hif2a/67,-11.2,-10.17,0.0,0.0,0.0,0.0,0.0,0.0,0.0,0.0,-10.17,7.0503864,7.372719,7.7402987,6.863306,7.5581417,6.8090744,7.5195894,7.6463547,7.053466,7.300819,-9.946269
87,hif2a,5tbm_prepared,156,25,hif2a/156,-9.35,-9.74,0.0,6.0,0.0,0.0,0.0,0.0,0.0,0.0,-9.74,6.943411,7.139097,7.551163,7.570376,7.2446313,7.27467,7.6106777,7.461155,7.752284,7.6038175,-10.115026
88,hif2a,5tbm_prepared,31,24,hif2a/31,-9.42,-8.84,0.0,0.0,0.0,0.0,0.0,0.0,0.0,6.0,-8.840001,7.056,6.9219346,7.612016,7.3657618,6.6582,5.919092,6.5655766,6.6812825,6.5336857,7.3417773,-9.365318
89,hif2a,5tbm_prepared,289,26,hif2a/289,-11.65,-10.91,2.0,0.0,2.0,4.0,0.0,3.0,0.0,0.0,-10.91,7.206854,7.137967,6.9590325,7.083127,6.841354,6.6072526,6.9898825,6.506987,7.0370646,7.4062195,-9.518156
90,hif2a,5tbm_prepared,61,24,hif2a/61,-9.47,-10.11,0.0,0.0,0.0,0.0,0.0,7.0,0.0,0.0,-10.110001,6.650823,7.961379,7.2719975,7.1116967,6.9943895,7.5886273,7.2005496,7.7205887,7.9126654,7.450888,-10.075784
91,hif2a,5tbm_prepared,167,27,hif2a/167,-10.9,-10.67,0.0,0.0,0.0,0.0,0.0,0.0,0.0,0.0,-10.67,7.40024,7.6771116,8.041901,8.169289,7.769918,7.8103576,7.9083138,7.9942036,7.491444,7.318739,-10.582948
92,hif2a,5tbm_prepared,165,26,hif2a/165,-9.04,-9.24,0.0,0.0,0.0,0.0,0.0,0.0,0.0,8.0,-9.24,7.1123657,6.5170336,6.857971,6.573234,6.452284,6.010698,6.6470695,6.8897786,6.4866805,6.6374598,-9.028282
93,hif2a,5tbm_prepared,41,24,hif2a/41,-10.76,-9.79,0.0,0.0,0.0,0.0,2.0,9.0,3.0,0.0,-9.790001,7.262919,7.586549,7.6161027,7.0147815,7.0222154,6.358509,7.3147655,7.0519247,6.7740536,7.289611,-9.724914
94,hif2a,5tbm_prepared,7b,26,hif2a/7b,-6.51,-7.39,0.0,0.0,0.0,0.0,0.0,0.0,2.0,0.0,-7.3900003,7.2427998,7.52971,7.484966,6.3894024,6.843904,6.709802,6.789613,7.661263,7.463389,7.696,-9.795766
95,hif2a,5tbm_prepared,54,24,hif2a/54,-8.31,-9.31,1.0,0.0,1.0,3.0,0.0,0.0,0.0,0.0,-9.310001,7.1152945,7.3627005,6.4316735,6.701002,7.395933,6.241125,7.2208323,6.993382,6.332721,6.1784625,-9.27226
96,hif2a,5tbm_prepared,215,27,hif2a/215,-10.04,-10.6,0.0,0.0,0.0,0.0,0.0,0.0,4.0,0.0,-10.6,7.6180005,7.685823,7.979833,8.080913,7.693413,6.9636106,7.8752737,7.911851,7.3389277,7.1058493,-10.401791
97,hif2a,5tbm_prepared,57,27,hif2a/57,-10.88,-10.67,0.0,0.0,0.0,0.0,0.0,0.0,0.0,4.0,-10.67,7.919173,7.926589,7.2338595,7.946125,7.6633124,7.565194,7.6672893,7.764272,7.998048,7.8615355,-10.57802
98,hif2a,5tbm_prepared,42,25,hif2a/42,-9.77,-8.94,0.0,0.0,0.0,0.0,0.0,0.0,7.0,0.0,-8.940001,7.442836,7.5009513,7.995551,7.77398,7.2125483,6.7805486,7.2695374,6.782753,6.969098,7.2223864,-9.951185
99,hif2a,5tbm_prepared,35,25,hif2a/35,-11.51,-7.15,0.0,0.0,0.0,0.0,9.0,0.0,1.0,0.0,-7.1500006,7.52442,7.303852,7.3417835,7.7100873,7.2388706,6.482791,7.220938,7.067724,6.942146,6.6811767,-9.755244
100,hif2a,5tbm_prepared,252,26,hif2a/252,-9.57,-9.71,0.0,0.0,0.0,0.0,6.0,0.0,0.0,0.0,-9.709999,7.3014245,7.381067,8.024248,7.5619226,7.4193387,7.198912,8.126095,7.826737,6.83056,7.5638127,-10.262737
101,hif2a,5tbm_prepared,336,26,hif2a/336,-9.88,-9.82,1.0,0.0,1.0,1.0,0.0,0.0,0.0,0.0,-9.82,7.223963,6.9643893,7.297882,7.4915977,6.809663,6.96393,7.332067,6.7285895,7.041031,7.379255,-9.716855
102,hif2a,5tbm_prepared,290,29,hif2a/290,-11.2,-10.57,1.0,0.0,1.0,2.0,0.0,0.0,0.0,0.0,-10.57,7.66209,7.6313605,7.9032154,7.461545,7.2193108,6.7036343,7.3984294,7.8022966,7.5688314,7.19705,-10.16911
103,hif2a,5tbm_prepared,7a,26,hif2a/7a,-8.58,-10.0,2.0,0.0,2.0,6.0,4.0,0.0,5.0,5.0,-10.0,6.792809,7.5480433,7.2885566,6.588367,6.7467732,7.1540093,7.048287,7.6037946,7.6144533,7.4069676,-9.793203
104,hif2a,5tbm_prepared,224,26,hif2a/224,-10.72,-9.66,3.0,0.0,3.0,9.0,0.0,8.0,0.0,0.0,-9.66,7.455592,7.0043936,7.556331,6.6625805,7.4908447,6.1825256,7.8969665,7.2398663,6.9558697,7.401262,-9.800592
105,hif2a,5tbm_prepared,84,25,hif2a/84,-8.81,-7.58,0.0,0.0,0.0,0.0,8.0,0.0,0.0,9.0,-7.58,7.0573397,7.1688676,7.2556276,6.6188717,6.88696,6.725272,6.878504,6.9848533,7.0638456,7.302937,-9.540983
106,hif2a,5tbm_prepared,254,27,hif2a/254,-10.23,-9.55,0.0,0.0,0.0,0.0,0.0,0.0,0.0,0.0,-9.549999,7.354398,6.793384,7.669477,7.1173105,7.556474,6.8063827,7.746021,7.7119946,6.7639484,7.38245,-9.94459
107,hif2a,5tbm_prepared,23,26,hif2a/23,-8.0,-7.07,0.0,0.0,0.0,0.0,5.0,0.0,6.0,0.0,-7.0699997,7.141916,7.505037,7.315891,6.740085,7.583952,6.365329,7.4143796,7.134805,6.769957,7.5230026,-9.752593
108,hif2a,5tbm_prepared,251,26,hif2a/251,-9.61,-10.24,0.0,0.0,0.0,0.0,0.0,0.0,0.0,7.0,-10.24,7.5180173,6.492232,7.358531,6.592723,7.3499727,6.504246,7.5563602,7.686401,6.721014,7.583579,-9.734686
109,hif2a,5tbm_prepared,256,25,hif2a/256,-9.16,-10.67,0.0,0.0,0.0,0.0,0.0,0.0,0.0,0.0,-10.67,7.5886774,7.3698645,7.5311007,7.4977293,7.2092795,6.704205,7.4932146,7.727623,6.531931,7.6662545,-10.001615
110,hif2a,5tbm_prepared,50,22,hif2a/50,-8.86,-9.7,0.0,0.0,0.0,0.0,0.0,0.0,0.0,0.0,-9.699999,7.189663,7.1707335,6.721127,6.9502115,6.952957,6.193758,6.915109,6.7814927,6.879566,6.8640256,-9.360316
111,hif2a,5tbm_prepared,15,28,hif2a/15,-11.29,-11.05,0.0,0.0,0.0,0.0,0.0,0.0,8.0,0.0,-11.049999,7.7382817,8.054176,7.973243,8.023215,7.685194,7.692367,8.022839,7.8845854,7.74302,7.795275,-10.723543
112,hif2a,5tbm_prepared,124,25,hif2a/124,-9.93,-10.12,3.0,0.0,3.0,8.0,0.0,0.0,0.0,0.0,-10.120001,6.9772506,7.1480184,6.902274,6.955109,7.417788,6.6973414,7.35106,7.371954,7.1495056,7.015167,-9.683175
113,hif2a,5tbm_prepared,25,26,hif2a/25,-9.18,-10.28,0.0,4.0,0.0,0.0,3.0,0.0,0.0,0.0,-10.280001,7.5559506,7.4703946,7.4293237,7.3776717,7.178522,6.9721723,8.196333,7.866483,7.3564534,7.7752686,-10.25516
114,hif2a,5tbm_prepared,163,26,hif2a/163,-10.0,-11.01,0.0,0.0,0.0,0.0,0.0,0.0,0.0,0.0,-11.01,7.525348,7.5249906,7.52098,7.572019,7.682469,6.84518,7.7080708,7.5369225,6.780339,7.542731,-10.127
115,pfkfb3,6hvi_prepared,43,28,pfkfb3/43,-8.82,-8.0,0.0,0.0,0.0,0.0,0.0,2.0,0.0,9.0,-7.999999,7.080024,7.0882177,7.091242,7.5353937,7.357434,7.3004007,7.2845664,7.5428224,7.194661,7.593959,-9.967354
116,pfkfb3,6hvi_prepared,30,29,pfkfb3/30,-9.41,-9.2,0.0,0.0,0.0,0.0,0.0,0.0,0.0,0.0,-9.199999,6.1656456,5.689626,5.632453,6.124835,5.4477634,6.194004,6.1241817,5.8897414,6.530457,5.9393015,-8.148902
117,pfkfb3,6hvi_prepared,65,30,pfkfb3/65,-9.34,-9.49,0.0,0.0,0.0,0.0,0.0,5.0,6.0,0.0,-9.49,7.636826,7.7457805,7.369049,7.75664,7.517774,7.4971776,7.497005,7.3318744,7.627473,7.728996,-10.32746
118,pfkfb3,6hvi_prepared,49,28,pfkfb3/49,-6.68,-7.93,0.0,0.0,0.0,0.0,0.0,0.0,0.0,0.0,-7.9300003,7.079732,6.558871,7.2398934,6.519753,7.3981633,6.8646107,6.6434717,6.5022993,6.7192197,7.0342965,-9.352358
119,pfkfb3,6hvi_prepared,24,29,pfkfb3/24,-9.79,-8.87,2.0,0.0,3.0,5.0,0.0,0.0,0.0,0.0,-8.87,6.334417,6.6087832,6.652262,6.7283244,6.0302844,6.502296,6.645157,6.476038,6.421245,6.3389235,-8.830917
120,pfkfb3,6hvi_prepared,67,31,pfkfb3/67,-10.57,-10.24,0.0,0.0,0.0,0.0,0.0,0.0,3.0,0.0,-10.24,7.696451,6.9663696,7.0864787,6.8766203,6.5383577,7.152789,7.171152,6.940678,8.013964,7.7352734,-9.845869
121,pfkfb3,6hvi_prepared,62,30,pfkfb3/62,-6.28,-7.69,0.0,8.0,0.0,0.0,0.0,0.0,0.0,0.0,-7.6899996,7.735418,7.384572,7.061725,7.2338533,7.3021913,7.265125,7.741581,7.4373355,7.302034,7.12607,-10.038449
122,pfkfb3,6hvi_prepared,56,32,pfkfb3/56,-11.72,-10.57,0.0,0.0,0.0,0.0,0.0,0.0,0.0,0.0,-10.57,7.4671183,7.328429,7.181753,7.303749,7.119923,7.759026,7.1808987,7.090099,7.2064795,7.657623,-9.998234
123,pfkfb3,6hvi_prepared,59,31,pfkfb3/59,-6.95,-8.12,0.0,0.0,0.0,0.0,0.0,0.0,0.0,0.0,-8.120001,7.463552,7.1042795,7.1575627,7.1251354,7.134348,7.656447,7.52557,6.7583566,7.4836597,7.1174426,-9.893369
124,pfkfb3,6hvi_prepared,38,30,pfkfb3/38,-7.23,-8.76,0.0,5.0,0.0,0.0,7.0,4.0,0.0,0.0,-8.76,6.6921554,7.042558,7.082368,7.0205846,7.15021,7.184427,6.20407,6.8345146,6.589318,7.0684543,-9.394421
125,pfkfb3,6hvi_prepared,31,29,pfkfb3/31,-10.4,-9.28,0.0,4.0,0.0,0.0,0.0,0.0,0.0,0.0,-9.280001,6.2627273,6.296783,6.1671877,6.7414846,5.864849,6.6441984,6.3317513,6.087445,6.756292,6.3469696,-8.662036
126,pfkfb3,6hvi_prepared,48,29,pfkfb3/48,-6.78,-8.01,0.0,7.0,0.0,0.0,0.0,0.0,0.0,0.0,-8.010001,7.2386603,7.1141267,7.3181586,7.2821493,7.239516,7.2717557,7.0140905,6.524809,7.2676363,7.2077694,-9.750455
127,pfkfb3,6hvi_prepared,58,30,pfkfb3/58,-8.36,-9.13,3.0,0.0,3.0,8.0,0.0,0.0,0.0,0.0,-9.130001,7.6081967,7.0107465,7.343152,7.058797,7.4272547,7.545521,7.475685,7.164108,7.433156,7.224412,-9.997679
128,pfkfb3,6hvi_prepared,41,32,pfkfb3/41,-7.65,-7.39,0.0,0.0,0.0,0.0,0.0,3.0,0.0,0.0,-7.3900003,6.79408,6.888979,7.132502,7.557055,7.318472,6.9418745,7.622841,6.6775684,7.561847,7.3137894,-9.795515
129,pfkfb3,6hvi_prepared,54,33,pfkfb3/54,-8.1,-8.18,3.0,0.0,3.0,7.0,8.0,0.0,0.0,8.0,-8.180001,7.2835493,7.0880723,7.398724,6.947412,6.705385,7.0054445,7.0074577,6.8599634,7.2329297,7.1182075,-9.637024
130,pfkfb3,6hvi_prepared,47,29,pfkfb3/47,-6.3,-8.33,2.0,0.0,2.0,4.0,6.0,0.0,0.0,4.0,-8.329999,7.161379,6.3792825,7.21379,7.4929175,7.511295,7.843676,7.314536,6.5970306,6.630453,7.2786565,-9.742863
131,pfkfb3,6hvi_prepared,26,30,pfkfb3/26,-9.37,-9.17,0.0,0.0,0.0,0.0,0.0,9.0,4.0,0.0,-9.17,6.611953,6.0879803,6.3187146,6.3926044,6.1269255,6.4478655,6.2227592,5.904402,6.401665,6.272618,-8.564883
132,pfkfb3,6hvi_prepared,55,32,pfkfb3/55,-11.98,-10.64,0.0,0.0,0.0,0.0,2.0,0.0,8.0,0.0,-10.640001,7.5007067,7.6008453,7.2184367,7.6857166,7.368926,7.677607,7.700312,7.3147697,7.3948917,7.4779477,-10.222638
133,pfkfb3,6hvi_prepared,20,29,pfkfb3/20,-7.26,-8.52,1.0,0.0,1.0,1.0,9.0,0.0,0.0,0.0,-8.520001,6.831494,6.573865,7.3234115,7.2038813,6.9499507,7.6655426,6.915041,7.2298365,7.213557,7.5209203,-9.743475
134,pfkfb3,6hvi_prepared,57,33,pfkfb3/57,-11.1,-10.47,0.0,0.0,0.0,0.0,0.0,0.0,1.0,0.0,-10.470001,7.259436,7.3168306,7.6800795,7.7554197,7.439955,7.0479007,7.915594,7.2996216,8.050759,7.953064,-10.328835
135,pfkfb3,6hvi_prepared,42,29,pfkfb3/42,-8.05,-8.47,0.0,6.0,0.0,0.0,0.0,0.0,0.0,7.0,-8.47,6.8833265,6.118451,7.204904,7.100782,7.106375,7.2765636,7.1567645,6.7975736,6.3010497,7.192305,-9.431174
136,pfkfb3,6hvi_prepared,35,31,pfkfb3/35,-10.54,-10.14,0.0,0.0,0.0,0.0,0.0,0.0,2.0,0.0,-10.140001,7.2732096,7.2039557,7.129999,6.9515214,7.0638075,7.2396684,6.954858,7.0600357,6.942693,6.871736,-9.643073
137,pfkfb3,6hvi_prepared,44,28,pfkfb3/44,-8.52,-9.95,0.0,3.0,0.0,0.0,3.0,0.0,9.0,0.0,-9.950001,7.130659,6.9396367,7.1636257,7.305892,7.094161,7.3593044,7.290364,7.2791123,7.1984606,7.246638,-9.822639
138,pfkfb3,6hvi_prepared,63,30,pfkfb3/63,-8.1,-8.56,0.0,0.0,0.0,0.0,0.0,0.0,0.0,0.0,-8.559999,7.9697375,7.593378,7.26096,7.6249466,7.317531,7.602955,7.8018923,8.115267,7.8146267,7.404841,-10.436254
139,pfkfb3,6hvi_prepared,69,31,pfkfb3/69,-11.46,-10.71,0.0,1.0,0.0,0.0,0.0,0.0,0.0,0.0,-10.709999,7.4472275,7.3752713,7.565327,7.7254143,7.400115,7.3697968,7.8933315,7.586114,7.2930307,7.586515,-10.263832
140,pfkfb3,6hvi_prepared,19,27,pfkfb3/19,-8.58,-7.55,2.0,0.0,2.0,6.0,0.0,1.0,0.0,5.0,-7.55,5.981448,5.548418,5.7513804,6.1239,6.0721087,6.5005145,6.398884,6.1741614,6.447065,6.105471,-8.335149
141,pfkfb3,6hvi_prepared,68,31,pfkfb3/68,-11.32,-9.78,0.0,0.0,0.0,0.0,0.0,0.0,0.0,0.0,-9.780001,7.6318398,6.74318,7.1953135,6.873008,6.4077005,6.8615437,7.422433,7.1037316,7.6400523,7.4113975,-9.724744
142,pfkfb3,6hvi_prepared,33,29,pfkfb3/33,-10.09,-8.61,0.0,0.0,0.0,0.0,1.0,0.0,5.0,0.0,-8.610001,6.706232,7.2910895,6.593254,6.892175,5.874222,6.546427,6.274981,6.4204383,6.5221004,6.34197,-8.929837
143,pfkfb3,6hvi_prepared,70,31,pfkfb3/70,-10.73,-10.3,0.0,2.0,0.0,0.0,4.0,8.0,0.0,0.0,-10.300001,7.4384212,7.042931,7.554999,7.286349,7.2717404,7.5836954,7.8195233,7.175541,7.4623513,7.704937,-10.140836
144,pfkfb3,6hvi_prepared,53,33,pfkfb3/53,-8.04,-7.0,0.0,9.0,0.0,0.0,0.0,0.0,0.0,0.0,-6.999999,7.3406434,7.236547,7.275241,7.723579,7.4711676,7.255955,7.2861776,7.1462917,7.2277646,7.812296,-10.063788
145,pfkfb3,6hvi_prepared,64,30,pfkfb3/64,-9.29,-9.42,0.0,0.0,0.0,0.0,0.0,0.0,0.0,0.0,-9.42,7.93148,7.789967,7.552303,8.078709,7.658334,7.417204,7.7923074,7.586434,7.634606,7.4190993,-10.484585
146,pfkfb3,6hvi_prepared,39,28,pfkfb3/39,-5.77,-7.2,0.0,0.0,0.0,0.0,0.0,0.0,0.0,0.0,-7.2,7.0143304,6.824588,7.521776,6.4190483,7.369414,7.047149,6.426745,6.8109646,6.278006,6.941773,-9.365111
147,pfkfb3,6hvi_prepared,37,36,pfkfb3/37,-12.26,-10.0,0.0,0.0,0.0,0.0,0.0,0.0,0.0,6.0,-10.0,6.6823387,6.784326,6.6912603,7.342541,6.2816167,6.874028,6.7516265,6.114206,6.8488574,6.7608743,-9.157476
148,pfkfb3,6hvi_prepared,60,32,pfkfb3/60,-7.37,-8.14,0.0,0.0,0.0,0.0,0.0,6.0,7.0,0.0,-8.14,7.424252,7.369847,7.138497,7.345415,7.5512214,7.10155,7.4960017,7.2384243,7.5060425,6.755082,-9.94793
149,pfkfb3,6hvi_prepared,34,30,pfkfb3/34,-10.37,-9.97,1.0,0.0,1.0,3.0,0.0,0.0,0.0,0.0,-9.970001,6.437863,6.3830414,6.523198,6.354527,6.084715,6.6972046,6.076131,6.02172,6.2671523,6.3277516,-8.617513
150,pfkfb3,6hvi_prepared,36,32,pfkfb3/36,-7.98,-7.44,0.0,0.0,0.0,0.0,0.0,0.0,0.0,0.0,-7.4400005,6.633181,6.36953,6.4764113,5.753071,6.342572,6.352062,6.4906383,6.4160757,6.6548424,5.770038,-8.629125
151,pfkfb3,6hvi_prepared,46,31,pfkfb3/46,-6.35,-7.86,3.0,0.0,3.0,9.0,0.0,0.0,0.0,0.0,-7.8599997,7.159477,7.1248865,7.125058,7.302803,6.894383,6.9641595,7.9839983,6.7520013,7.889983,7.458532,-9.910957
152,shp2,5ehr_prepared,SHP099-1/Example 7,23,shp2/SHP099-1/Example 7,-9.27,-9.75,3.0,0.0,3.0,7.0,0.0,4.0,3.0,7.0,-9.75,5.8647695,5.869152,5.739542,5.671202,6.0889444,5.939554,5.7577906,5.9753895,5.5039477,5.7808924,-7.937898
153,shp2,5ehr_prepared,Example 22,24,shp2/Example 22,-8.79,-9.24,2.0,2.0,3.0,6.0,2.0,0.0,0.0,0.0,-9.24,6.540268,6.6985855,6.42964,5.728358,5.835718,6.207725,7.3385115,6.458164,6.0096726,6.145242,-8.64733
154,shp2,5ehr_prepared,Example 29,21,shp2/Example 29,-6.85,-7.62,0.0,0.0,0.0,0.0,0.0,0.0,7.0,0.0,-7.620001,5.904312,6.1521506,5.530709,5.476037,5.830069,5.444779,5.95519,5.5757856,6.2155743,5.901572,-7.9099345
155,shp2,5ehr_prepared,11,24,shp2/11,-6.49,-6.35,0.0,0.0,0.0,0.0,0.0,6.0,0.0,0.0,-6.3499994,6.0269365,6.19688,6.5371075,5.75163,6.421555,5.8102503,5.7250905,6.2734814,5.327405,6.234521,-8.226226
156,shp2,5ehr_prepared,4,23,shp2/4,-5.94,-5.82,0.0,0.0,0.0,0.0,3.0,0.0,0.0,0.0,-5.8200006,6.235757,6.53249,5.8310866,5.830625,6.3081503,5.828986,7.293078,6.341193,5.5857024,6.155908,-8.449683
157,shp2,5ehr_prepared,Example 2,23,shp2/Example 2,-7.93,-8.28,0.0,0.0,0.0,0.0,0.0,0.0,6.0,0.0,-8.280001,5.636281,5.8229547,5.254595,5.633296,5.5403957,5.8435607,5.731747,5.716033,5.7127194,6.0789948,-7.771395
158,shp2,5ehr_prepared,Example 14,22,shp2/Example 14,-9.38,-9.78,0.0,1.0,0.0,0.0,0.0,3.0,0.0,8.0,-9.780001,6.176538,6.030672,5.5992827,5.7472014,6.2899246,5.4128017,5.506451,5.488065,5.366962,5.38303,-7.775536
159,shp2,5ehr_prepared,Example 26,26,shp2/Example 26,-9.0,-8.96,0.0,0.0,0.0,0.0,4.0,0.0,0.0,0.0,-8.96,6.232895,7.3470373,6.6970673,5.9852877,7.228018,6.03322,6.393875,6.9942427,6.943333,6.19703,-9.010199
160,shp2,5ehr_prepared,SHP836-2,23,shp2/SHP836-2,-7.74,-6.71,1.0,8.0,1.0,1.0,8.0,0.0,0.0,9.0,-6.71,6.0940766,6.4484253,5.56108,5.604991,5.6193476,5.6133866,6.944311,5.9329467,5.2323976,5.9948106,-8.054475
161,shp2,5ehr_prepared,Example 6,24,shp2/Example 6,-10.86,-9.07,3.0,3.0,3.0,8.0,0.0,7.0,0.0,0.0,-9.07,6.003775,6.665192,6.6694345,6.4448643,6.8832545,6.352189,6.5297923,6.67335,6.427876,6.9044294,-8.9422865
162,shp2,5ehr_prepared,Example 1,23,shp2/Example 1,-9.13,-8.99,0.0,0.0,0.0,0.0,0.0,0.0,0.0,0.0,-8.989999,5.683107,6.0286593,5.6346645,5.5899405,5.8672175,5.8571196,5.6803412,6.0131793,5.473383,5.907818,-7.8757296
163,shp2,5ehr_prepared,3,22,shp2/3,-6.55,-5.46,2.0,9.0,2.0,5.0,0.0,0.0,0.0,0.0,-5.460001,5.770334,6.3271914,5.8056107,5.568178,5.696225,6.053262,6.742279,5.584654,5.437637,5.768537,-8.014659
164,shp2,5ehr_prepared,Example 9,23,shp2/Example 9,-9.73,-8.79,0.0,0.0,0.0,0.0,0.0,8.0,0.0,0.0,-8.79,6.300619,5.28734,5.8199034,5.5439167,6.090005,5.883619,5.624133,5.6228895,5.603546,5.7310295,-7.8445697
165,shp2,5ehr_prepared,Example 8,24,shp2/Example 8,-9.85,-9.71,1.0,0.0,1.0,3.0,0.0,0.0,9.0,0.0,-9.709999,6.54874,5.6669803,5.6914105,6.1069336,6.2182584,6.0653467,6.1173472,5.622913,5.4912605,6.0753975,-8.130702
166,shp2,5ehr_prepared,Example 24,24,shp2/Example 24,-8.14,-9.08,0.0,0.0,0.0,0.0,5.0,0.0,0.0,5.0,-9.08,6.0536323,6.5612044,6.428448,5.571285,6.1001897,6.3796244,6.0098467,5.71459,5.578301,5.7826886,-8.209168
167,shp2,5ehr_prepared,Example 28,24,shp2/Example 28,-8.07,-8.46,2.0,0.0,2.0,4.0,0.0,5.0,0.0,4.0,-8.46,5.902832,6.1120934,5.879448,5.5467715,5.3499517,5.6601353,6.0971966,5.108991,5.166097,5.424642,-7.6728497
168,shp2,5ehr_prepared,10,22,shp2/10,-7.32,-7.15,0.0,0.0,0.0,0.0,0.0,9.0,5.0,6.0,-7.1500006,5.9520974,5.5218086,5.881463,5.8140974,5.2483263,5.124421,5.820488,5.962691,5.2132916,5.6775074,-7.668489
169,shp2,5ehr_prepared,Example 27,23,shp2/Example 27,-8.65,-8.52,0.0,5.0,0.0,0.0,7.0,0.0,0.0,0.0,-8.520001,6.217351,6.3746467,5.3267508,6.1408076,6.0595465,5.9221735,6.6757994,6.081664,4.9871883,5.7416987,-8.120204
170,shp2,5ehr_prepared,Example 30,23,shp2/Example 30,-8.87,-9.16,0.0,0.0,0.0,0.0,0.0,0.0,2.0,0.0,-9.16,6.0571356,6.188876,5.6354904,6.4697585,6.1865582,5.745792,6.2705398,6.03793,5.720433,5.9059024,-8.214435
171,shp2,5ehr_prepared,Example 5,25,shp2/Example 5,-6.15,-7.56,0.0,7.0,0.0,0.0,0.0,0.0,0.0,0.0,-7.5599995,6.2423916,6.6712394,6.7517576,6.468523,6.7354054,6.3223343,6.462662,6.6392193,6.368146,6.809111,-8.930914
172,shp2,5ehr_prepared,Example 4,21,shp2/Example 4,-7.03,-8.2,3.0,6.0,3.0,9.0,0.0,0.0,4.0,0.0,-8.2,5.8097067,5.988922,5.6804667,6.0489645,5.5792465,5.705129,5.554139,5.2089977,5.734775,5.740391,-7.782329
173,shp2,5ehr_prepared,Example 23,24,shp2/Example 23,-8.29,-8.74,1.0,0.0,1.0,2.0,0.0,1.0,1.0,0.0,-8.74,6.176438,6.1505604,5.9547677,5.7656527,5.744991,5.9640846,6.140155,6.116887,5.6204543,5.905615,-8.121838
174,shp2,5ehr_prepared,Example 3,21,shp2/Example 3,-7.68,-8.22,0.0,0.0,0.0,0.0,0.0,0.0,0.0,0.0,-8.22,5.773253,6.584414,6.1234436,5.960542,6.0404577,5.7658715,6.2018313,6.3570457,5.5904193,6.068208,-8.248137
175,syk,4pv0-prepared,CHEMBL3264999,38,syk/CHEMBL3264999,-11.59,-11.42,0.0,0.0,0.0,0.0,0.0,8.0,0.0,0.0,-11.42,8.199889,8.224875,8.090039,8.634342,7.429989,7.7504425,7.7338424,8.026709,8.252529,8.351463,-11.007539
176,syk,4pv0-prepared,CHEMBL3265014,31,syk/CHEMBL3265014,-9.96,-10.4,0.0,7.0,0.0,0.0,0.0,0.0,0.0,0.0,-10.4,7.773423,7.5055327,7.163872,7.833054,7.456575,7.767731,7.607723,7.3090754,7.8036723,7.6750116,-10.35298
177,syk,4pv0-prepared,CHEMBL3265034,31,syk/CHEMBL3265034,-11.09,-11.49,0.0,0.0,0.0,0.0,0.0,3.0,0.0,0.0,-11.49,7.7792935,7.838348,7.8875446,7.664598,7.8350058,7.9360766,7.4294934,7.4801803,7.750978,7.6291986,-10.535093
178,syk,4pv0-prepared,CHEMBL3265015,30,syk/CHEMBL3265015,-7.57,-9.48,0.0,0.0,0.0,0.0,0.0,0.0,0.0,0.0,-9.48,7.488681,7.228402,7.46449,7.868263,7.771025,7.296486,6.9620056,7.1007247,7.574464,7.7378583,-10.161559
179,syk,4pv0-prepared,CHEMBL3265036,32,syk/CHEMBL3265036,-11.51,-10.42,1.0,0.0,1.0,3.0,0.0,0.0,0.0,0.0,-10.42,7.9104395,7.64848,7.9992437,8.00666,8.053104,7.876001,7.5251374,7.802297,7.9560637,7.7630725,-10.713762
180,syk,4pv0-prepared,CHEMBL3265020,29,syk/CHEMBL3265020,-9.98,-11.01,0.0,0.0,0.0,0.0,0.0,0.0,0.0,0.0,-11.01,7.3937855,7.800257,7.506057,8.162697,7.2206745,7.7435446,7.279893,7.709837,8.086372,7.55274,-10.429397
181,syk,4pv0-prepared,CHEMBL3265023,30,syk/CHEMBL3265023,-10.5,-10.48,0.0,0.0,0.0,0.0,0.0,0.0,0.0,0.0,-10.48,7.7762003,7.8105197,7.659742,8.234401,7.6498775,8.039187,7.7067304,7.9604645,8.106482,7.6985917,-10.727635
182,syk,4pv0-prepared,CHEMBL3265002,40,syk/CHEMBL3265002,-12.79,-10.61,0.0,6.0,0.0,0.0,7.0,0.0,0.0,0.0,-10.610001,7.985678,7.913857,8.122852,8.513512,7.599562,8.416888,7.692877,8.088928,7.927836,8.148359,-10.968831
183,syk,4pv0-prepared,CHEMBL3265033,33,syk/CHEMBL3265033,-11.17,-11.84,3.0,0.0,3.0,9.0,0.0,0.0,0.0,0.0,-11.84,7.494538,7.9095798,7.880685,8.127584,8.097202,8.1598425,7.6287622,8.019421,8.235717,8.029708,-10.855976
184,syk,4pv0-prepared,CHEMBL3265027,25,syk/CHEMBL3265027,-10.04,-10.33,0.0,0.0,0.0,0.0,0.0,2.0,0.0,0.0,-10.33,7.301249,7.5236306,7.4786844,7.2779636,7.398302,7.80502,6.777827,7.4914026,7.171888,7.4252887,-10.046817
185,syk,4pv0-prepared,CHEMBL3265028,27,syk/CHEMBL3265028,-10.49,-11.01,0.0,0.0,0.0,0.0,0.0,0.0,0.0,0.0,-11.01,7.170753,7.425989,7.2556605,7.6864867,7.208088,8.4334755,6.997416,7.5872936,7.4807873,7.320891,-10.171715
186,syk,4pv0-prepared,CHEMBL3264997,38,syk/CHEMBL3264997,-11.31,-10.98,0.0,0.0,0.0,0.0,0.0,0.0,0.0,0.0,-10.98,7.9703236,8.048719,7.875337,8.475802,8.037586,7.8659744,7.758196,7.527846,8.502603,8.19957,-10.948587
187,syk,4pv0-prepared,CHEMBL3264996,39,syk/CHEMBL3264996,-12.06,-10.67,2.0,0.0,3.0,6.0,0.0,0.0,0.0,9.0,-10.67,7.554559,7.3348756,7.7204394,7.6142,7.3686266,6.6806912,6.8580513,7.160256,8.000192,6.813844,-9.972403
188,syk,4pv0-prepared,CHEMBL3264994,38,syk/CHEMBL3264994,-11.33,-9.81,0.0,0.0,0.0,0.0,0.0,9.0,0.0,0.0,-9.810001,6.540497,7.6290746,7.1269813,7.3250146,6.9830794,7.1768394,6.907914,7.046801,7.46486,7.2339845,-9.744502
189,syk,4pv0-prepared,CHEMBL3264995,38,syk/CHEMBL3264995,-12.21,-12.39,0.0,0.0,0.0,0.0,0.0,7.0,0.0,0.0,-12.389999,8.209376,8.226675,8.756566,8.537917,8.241778,7.9649787,7.815694,8.326918,8.514498,8.366396,-11.316738
190,syk,4pv0-prepared,CHEMBL3265031,33,syk/CHEMBL3265031,-11.53,-12.07,0.0,0.0,0.0,0.0,0.0,6.0,0.0,8.0,-12.07,7.2716613,7.461264,7.8892646,7.9192557,7.9178214,7.9754353,7.373178,8.135173,7.677404,7.646185,-10.539995
191,syk,4pv0-prepared,CHEMBL3265037,33,syk/CHEMBL3265037,-11.17,-12.77,0.0,1.0,0.0,0.0,9.0,0.0,5.0,0.0,-12.77,7.732946,8.273432,8.231337,8.74654,7.996588,8.72588,7.909283,7.987655,8.250197,8.07633,-11.176152
192,syk,4pv0-prepared,CHEMBL3265026,30,syk/CHEMBL3265026,-9.49,-11.36,0.0,0.0,0.0,0.0,0.0,0.0,9.0,0.0,-11.359999,7.666588,8.175764,7.9723,8.079803,7.6433196,7.790637,6.9595985,7.4105477,8.238701,7.6259813,-10.580454
193,syk,4pv0-prepared,CHEMBL3265012,30,syk/CHEMBL3265012,-11.05,-10.55,0.0,0.0,0.0,0.0,0.0,0.0,0.0,0.0,-10.549999,7.755236,7.722091,7.3196716,7.715786,7.6876063,8.024362,7.8050013,7.635434,7.901228,7.978631,-10.577971
194,syk,4pv0-prepared,CHEMBL3265003,40,syk/CHEMBL3265003,-13.39,-10.82,0.0,0.0,0.0,0.0,6.0,0.0,3.0,0.0,-10.82,8.12846,8.162187,8.261152,8.183695,7.771071,8.480947,7.804182,8.252571,8.306948,8.285699,-11.136146
195,syk,4pv0-prepared,CHEMBL3264998,39,syk/CHEMBL3264998,-13.18,-11.72,0.0,0.0,0.0,0.0,0.0,0.0,0.0,0.0,-11.719999,7.9230747,8.197957,8.217904,8.562113,7.8902297,7.8349013,8.086161,7.9882674,8.259991,7.8499026,-11.023414
196,syk,4pv0-prepared,CHEMBL3265029,27,syk/CHEMBL3265029,-10.63,-11.12,0.0,0.0,0.0,0.0,0.0,0.0,2.0,0.0,-11.120001,7.1118684,7.328371,7.4871078,7.2299542,7.3889146,7.3398046,6.8303843,7.310513,7.4460745,7.197636,-9.91305
197,syk,4pv0-prepared,CHEMBL3265035,30,syk/CHEMBL3265035,-11.41,-11.08,0.0,4.0,0.0,0.0,0.0,0.0,0.0,0.0,-11.08,6.99951,7.100197,7.475603,7.922996,7.390166,7.8271236,6.953654,7.7408543,7.268581,7.4948664,-10.118065
198,syk,4pv0-prepared,CHEMBL3265024,31,syk/CHEMBL3265024,-9.62,-11.79,2.0,0.0,2.0,4.0,0.0,0.0,0.0,0.0,-11.790001,7.6613894,8.169204,7.7647004,7.6258936,7.807612,8.085208,7.108569,7.580334,8.081091,7.632036,-10.574015
199,syk,4pv0-prepared,CHEMBL3265018,29,syk/CHEMBL3265018,-10.93,-11.19,3.0,0.0,3.0,7.0,0.0,0.0,0.0,0.0,-11.189999,7.7033567,7.758979,7.6851015,8.141851,7.687004,8.271381,7.5268707,8.028171,8.343731,7.765743,-10.764465
200,syk,4pv0-prepared,CHEMBL3265008,30,syk/CHEMBL3265008,-10.6,-9.78,0.0,0.0,0.0,0.0,0.0,0.0,0.0,0.0,-9.780001,7.820555,7.80979,7.392316,7.8704123,7.4795046,8.011521,7.1614017,7.4766097,7.963359,7.631147,-10.451324
201,syk,4pv0-prepared,CHEMBL3265016,29,syk/CHEMBL3265016,-9.59,-11.69,0.0,0.0,0.0,0.0,0.0,0.0,0.0,0.0,-11.689999,7.348496,7.6417894,7.4778295,7.9985085,7.1398473,7.88401,7.102515,7.681702,8.234746,7.4281545,-10.3587
202,syk,4pv0-prepared,CHEMBL3265025,31,syk/CHEMBL3265025,-10.36,-10.2,0.0,0.0,0.0,0.0,1.0,0.0,0.0,4.0,-10.199999,7.7871757,7.9289,7.6420927,7.7260904,8.089945,7.9053984,7.180782,7.6200213,8.179722,7.543314,-10.5859375
203,syk,4pv0-prepared,CHEMBL3265013,30,syk/CHEMBL3265013,-10.35,-9.81,0.0,0.0,0.0,0.0,0.0,1.0,0.0,5.0,-9.810001,7.6321745,7.531874,7.431764,7.698884,7.6367807,8.063562,7.292357,7.2760406,7.5470634,7.7125516,-10.343075
204,syk,4pv0-prepared,CHEMBL3265006,30,syk/CHEMBL3265006,-10.06,-9.96,0.0,8.0,0.0,0.0,0.0,0.0,0.0,0.0,-9.960001,7.424641,7.357488,7.3347716,7.5274367,7.7085595,7.982581,7.11641,7.5766463,7.970959,7.3913007,-10.28411
205,syk,4pv0-prepared,CHEMBL3265030_n,31,syk/CHEMBL3265030_n,-11.28,-11.47,0.0,3.0,0.0,0.0,0.0,4.0,0.0,0.0,-11.470001,7.4273615,7.8187284,8.038822,7.7561984,7.7089977,8.043695,7.2339754,7.770917,7.9265056,7.677624,-10.558572
206,syk,4pv0-prepared,CHEMBL3265022,30,syk/CHEMBL3265022,-10.29,-10.79,2.0,0.0,2.0,5.0,0.0,0.0,1.0,0.0,-10.790001,7.715601,7.8513064,7.5735874,8.180219,7.567456,8.043166,7.4808106,7.8112974,8.3213825,7.668568,-10.669143
207,syk,4pv0-prepared,CHEMBL3265019,29,syk/CHEMBL3265019,-11.54,-10.78,0.0,0.0,0.0,0.0,2.0,0.0,8.0,0.0,-10.780001,7.999913,8.181833,7.5786176,8.591086,8.05447,8.278119,7.4055853,7.9553127,8.47198,7.995772,-10.98279
208,syk,4pv0-prepared,CHEMBL3265004,40,syk/CHEMBL3265004,-12.83,-10.86,1.0,5.0,1.0,2.0,0.0,0.0,0.0,6.0,-10.859999,8.210316,8.152536,8.407667,8.420021,7.5163794,8.52311,7.7021675,7.9778147,8.070456,8.580269,-11.125755
209,syk,4pv0-prepared,CHEMBL3265009,30,syk/CHEMBL3265009,-10.82,-10.3,1.0,0.0,1.0,1.0,0.0,0.0,0.0,0.0,-10.300001,7.218222,7.31191,7.3368134,7.7288194,7.084979,7.769154,7.013386,7.6161966,7.5551534,7.770964,-10.149719
210,syk,4pv0-prepared,CHEMBL3265021,29,syk/CHEMBL3265021,-10.48,-10.89,0.0,0.0,0.0,0.0,0.0,0.0,0.0,0.0,-10.889999,7.6035123,7.9553547,7.7714458,8.352752,7.659571,8.060155,7.638913,7.7742662,8.20121,8.025429,-10.782256
211,syk,4pv0-prepared,CHEMBL3265011,30,syk/CHEMBL3265011,-6.76,-8.64,0.0,9.0,0.0,0.0,0.0,0.0,6.0,7.0,-8.64,7.422315,7.3675327,7.531359,8.275291,7.8861485,7.569263,6.893283,7.4407415,7.3218164,7.6501074,-10.279617
212,syk,4pv0-prepared,CHEMBL3265005,29,syk/CHEMBL3265005,-10.43,-10.33,3.0,0.0,3.0,8.0,4.0,0.0,0.0,0.0,-10.33,7.526295,7.6228857,7.5764627,7.9300904,7.435207,7.6809087,6.978372,7.1882577,7.9128695,7.665849,-10.301352
213,syk,4pv0-prepared,CHEMBL3265017,29,syk/CHEMBL3265017,-10.59,-11.49,0.0,0.0,0.0,0.0,0.0,0.0,0.0,0.0,-11.49,7.645229,7.922877,7.812937,8.231189,7.4722075,8.433977,7.686308,7.8802485,8.2206955,8.053071,-10.825379
214,syk,4pv0-prepared,CHEMBL3265000,42,syk/CHEMBL3265000,-12.9,-11.81,0.0,2.0,0.0,0.0,0.0,5.0,0.0,0.0,-11.810001,7.8494163,8.159124,8.154471,8.504323,7.8715925,7.7802815,7.64885,8.077479,8.22505,8.047482,-10.956243
215,syk,4pv0-prepared,CHEMBL3265010,31,syk/CHEMBL3265010,-10.54,-10.14,0.0,0.0,0.0,0.0,0.0,0.0,4.0,0.0,-10.140001,7.5645285,7.3867383,6.814583,7.418814,6.9612417,7.777961,7.132382,7.4373765,7.5666795,7.0436196,-9.972156
216,tnks2,4ui5-prepared,5f,22,tnks2/5f,-11.45,-10.26,0.0,0.0,0.0,0.0,5.0,0.0,0.0,0.0,-10.26,7.6194544,8.040885,7.659509,8.0857525,7.6973376,7.432819,7.838779,7.805989,8.146287,8.062665,-10.693162
217,tnks2,4ui5-prepared,8e,26,tnks2/8e,-8.08,-10.24,0.0,0.0,0.0,0.0,0.0,0.0,7.0,0.0,-10.24,7.411893,7.6783476,7.1126566,7.585946,7.4696927,7.6622787,7.6937547,7.9779506,7.4456205,7.738451,-10.336736
218,tnks2,4ui5-prepared,5l,23,tnks2/5l,-11.92,-10.09,0.0,0.0,0.0,0.0,0.0,6.0,0.0,0.0,-10.09,7.451947,7.8718395,7.70315,8.071347,8.033381,7.5645647,8.106564,7.943427,8.088232,8.592812,-10.834726
219,tnks2,4ui5-prepared,8b,26,tnks2/8b,-10.05,-11.93,0.0,0.0,0.0,0.0,6.0,0.0,0.0,0.0,-11.93,6.843579,7.627648,7.15266,7.438191,7.514126,7.511553,7.671889,7.923378,7.2582684,7.4093966,-10.142227
220,tnks2,4ui5-prepared,5g,22,tnks2/5g,-11.9,-10.81,0.0,0.0,0.0,0.0,0.0,0.0,6.0,0.0,-10.810001,7.419112,8.0195055,7.6123576,7.989945,7.5753093,7.1888223,7.6618967,7.881604,7.7933397,7.78915,-10.494216
221,tnks2,4ui5-prepared,1b,19,tnks2/1b,-9.58,-9.94,0.0,0.0,0.0,0.0,0.0,3.0,0.0,5.0,-9.940001,6.663537,7.2735863,7.256725,6.900415,7.073344,6.8062053,7.2959976,6.7527924,7.3328114,7.2867413,-9.636345
222,tnks2,4ui5-prepared,5e,22,tnks2/5e,-10.93,-10.11,0.0,7.0,0.0,0.0,1.0,0.0,0.0,0.0,-10.110001,7.1645527,7.668731,7.0243573,7.441088,7.304167,7.194906,7.3080416,7.626778,7.484063,7.3844447,-10.039981
223,tnks2,4ui5-prepared,5i,22,tnks2/5i,-13.17,-12.08,1.0,0.0,1.0,1.0,9.0,0.0,0.0,0.0,-12.08,7.553067,8.000802,7.876937,8.043616,7.5879292,7.4441147,7.810146,8.108187,8.1607485,7.966579,-10.715348
224,tnks2,4ui5-prepared,8d,25,tnks2/8d,-9.84,-12.49,3.0,0.0,3.0,7.0,0.0,7.0,0.0,0.0,-12.49,7.3641424,7.6003814,7.241856,7.311414,7.59939,7.508019,7.6786294,8.228044,7.4194484,8.14542,-10.380408
225,tnks2,4ui5-prepared,5b,22,tnks2/5b,-11.97,-10.47,0.0,6.0,0.0,0.0,0.0,0.0,0.0,0.0,-10.470001,7.569278,7.7497287,7.611635,7.906915,7.8495026,7.518511,7.7950525,7.9452715,8.036872,8.14128,-10.656953
226,tnks2,4ui5-prepared,5h,23,tnks2/5h,-10.25,-10.05,3.0,0.0,3.0,8.0,0.0,0.0,0.0,0.0,-10.049999,7.3336015,7.397175,7.4873824,7.7539277,7.002622,6.9301567,7.526164,7.403807,7.5279765,7.4258237,-10.065558
227,tnks2,4ui5-prepared,8c,25,tnks2/8c,-8.0,-10.12,3.0,0.0,3.0,9.0,0.0,8.0,0.0,7.0,-10.120001,7.3668714,8.122534,7.1942773,7.3857107,7.18994,7.460979,7.7457767,7.5783377,7.688779,7.8447676,-10.309643
228,tnks2,4ui5-prepared,5a,21,tnks2/5a,-11.38,-10.76,2.0,5.0,2.0,4.0,0.0,0.0,9.0,0.0,-10.76,7.12837,7.5622067,7.6031938,7.5038047,7.2087765,7.196402,7.4711337,7.291535,7.9458885,7.623018,-10.167278
229,tnks2,4ui5-prepared,5k,23,tnks2/5k,-10.87,-10.96,0.0,0.0,0.0,0.0,8.0,0.0,0.0,0.0,-10.960001,7.804221,7.920111,7.6966376,7.614643,7.689593,7.657053,8.189386,7.911997,8.000989,8.244178,-10.73945
230,tnks2,4ui5-prepared,7,22,tnks2/7,-9.01,-8.4,0.0,9.0,0.0,0.0,3.0,0.0,0.0,9.0,-8.4,6.976403,6.764356,7.238212,7.068411,7.4321165,7.444515,7.163329,7.2346563,7.192097,7.782648,-9.862048
231,tnks2,4ui5-prepared,1a,17,tnks2/1a,-8.09,-8.55,2.0,0.0,2.0,6.0,0.0,9.0,5.0,6.0,-8.55,6.256798,7.1243954,6.282195,6.248037,6.7222414,6.5826797,6.9934616,6.8918433,6.562799,6.721135,-9.055702
232,tnks2,4ui5-prepared,8f,26,tnks2/8f,-9.81,-11.81,0.0,0.0,0.0,0.0,4.0,0.0,0.0,0.0,-11.810001,7.127895,7.4519153,7.359839,7.324217,7.628931,7.797197,7.815427,8.122279,7.4869494,7.692474,-10.340901
233,tnks2,4ui5-prepared,3b,22,tnks2/3b,-12.04,-11.52,0.0,3.0,0.0,0.0,7.0,2.0,8.0,0.0,-11.52,7.529545,7.7345986,7.6006575,7.273775,8.041377,7.6619387,7.9732504,7.869314,8.0181,7.8215065,-10.5751095
234,tnks2,4ui5-prepared,8a,25,tnks2/8a,-8.46,-10.81,1.0,0.0,1.0,2.0,2.0,0.0,2.0,8.0,-10.810001,6.9512043,7.5425158,7.1982484,7.7451596,7.400423,7.431163,7.6540833,7.779479,7.466075,7.57373,-10.195618
235,tnks2,4ui5-prepared,5o,26,tnks2/5o,-12.67,-12.04,0.0,2.0,0.0,0.0,0.0,0.0,0.0,0.0,-12.039999,7.908746,7.9139514,7.7850614,7.374951,7.8430305,8.528792,8.298584,8.079031,7.592493,7.4035606,-10.739367
236,tnks2,4ui5-prepared,5d,22,tnks2/5d,-10.9,-10.89,0.0,4.0,0.0,0.0,0.0,0.0,4.0,0.0,-10.889999,7.2833486,7.651213,7.5618134,7.707091,7.7689404,7.5836163,7.669282,7.7232795,7.7419925,7.8878336,-10.446113
237,tnks2,4ui5-prepared,5m,23,tnks2/5m,-12.51,-12.69,0.0,1.0,0.0,0.0,0.0,0.0,1.0,0.0,-12.689999,7.7958903,8.037253,7.7079725,7.35234,7.670805,7.737044,7.955844,7.991299,7.9088583,7.611849,-10.608543
238,tnks2,4ui5-prepared,5n,25,tnks2/5n,-10.93,-10.71,0.0,0.0,0.0,0.0,0.0,1.0,0.0,0.0,-10.709999,7.1184554,7.290165,7.558019,7.83637,7.6172404,7.4792333,7.5973845,7.728533,7.552825,7.6611233,-10.290733
239,tnks2,4ui5-prepared,5c,22,tnks2/5c,-11.82,-9.96,0.0,8.0,0.0,0.0,0.0,0.0,0.0,4.0,-9.960001,7.1531825,7.8344145,7.4155746,7.70123,8.184497,7.57666,7.769355,7.798238,8.024591,8.015639,-10.568196
