,Target,Target_file,Ligand,Num_Atoms,graph_id,Pred. ΔG,Exp. ΔG,Group,truth,preds_0,preds_1,preds_2,preds_3,preds_4,preds_5,preds_6,preds_7,preds_8,preds_9,preds
0,cdk8,5hnb-chainA-prepared,43,29,cdk8/43,-11.24,-11.87,0.0,-11.869999,7.9463773,6.477781,8.020768,7.727037,8.373542,7.9859138,7.6297474,7.785493,7.4307947,7.467471,-10.442035
1,cdk8,5hnb-chainA-prepared,17,24,cdk8/17,-7.76,-8.94,0.0,-8.94,6.953172,6.873721,7.3621006,6.9158387,6.9799933,7.2367353,6.9213896,7.1252723,6.3118196,6.97994,-9.4657135
2,cdk8,5hnb-chainA-prepared,28,28,cdk8/28,-9.08,-6.17,0.0,-6.1700006,6.3946404,6.39713,6.5597005,6.466009,6.7455077,6.797515,6.1222596,6.908474,7.0750766,7.5238523,-9.102927
3,cdk8,5hnb-chainA-prepared,22,28,cdk8/22,-10.08,-10.22,0.0,-10.219999,7.0105243,6.4975,7.546282,7.345446,6.446573,6.9531155,6.393235,7.090364,7.9111967,7.2985477,-9.578878
4,cdk8,5hnb-chainA-prepared,16,21,cdk8/16,-8.46,-9.24,0.0,-9.24,7.0242705,6.6016555,7.5222373,7.059696,6.669079,6.8635616,7.321593,7.5305095,6.525428,6.6266727,-9.477226
5,cdk8,5hnb-chainA-prepared,30,30,cdk8/30,-11.66,-11.63,0.0,-11.629999,7.741782,7.1969543,7.6475954,7.3650246,7.7569857,7.0531945,6.7278423,8.323437,7.441409,7.5327253,-10.162389
6,cdk8,5hnb-chainA-prepared,21,28,cdk8/21,-9.64,-9.7,0.0,-9.700001,7.0167685,6.8090005,7.156663,6.812481,7.158477,6.45061,6.688033,6.86341,6.739938,7.272636,-9.371686
7,cdk8,5hnb-chainA-prepared,24,26,cdk8/24,-7.84,-10.28,0.0,-10.279999,6.91205,6.5292115,6.7267075,6.8862524,6.257459,7.621973,7.0984473,6.6775117,7.0424833,7.451413,-9.403687
8,cdk8,5hnb-chainA-prepared,38,31,cdk8/38,-11.67,-11.32,2.0,-11.32,7.926266,6.9584413,7.983414,7.650788,8.153134,7.6380544,7.5040507,8.281449,7.7447553,7.6953373,-10.5359
9,cdk8,5hnb-chainA-prepared,31,30,cdk8/31,-11.95,-11.87,3.0,-11.869999,7.400338,6.9962707,7.413798,7.4502783,7.654579,7.503026,6.8434157,8.313462,7.4813867,7.547775,-10.137573
10,cdk8,5hnb-chainA-prepared,41,30,cdk8/41,-12.53,-11.22,0.0,-11.219999,7.08951,6.2868567,7.4030166,7.1855416,6.6637287,7.0957747,6.883707,7.2085667,7.434267,7.0099673,-9.547374
11,cdk8,5hnb-chainA-prepared,29,29,cdk8/29,-11.69,-9.2,0.0,-9.199999,6.9961643,7.0831885,7.9199796,7.2247195,6.525581,7.5534983,7.080044,7.615761,6.8525763,7.50488,-9.832113
12,cdk8,5hnb-chainA-prepared,26,28,cdk8/26,-8.91,-10.16,3.0,-10.16,6.8792434,7.160099,7.0611787,7.2812552,7.8546557,7.306866,6.8811865,7.553033,7.190006,7.4530144,-9.868006
13,cdk8,5hnb-chainA-prepared,20,30,cdk8/20,-9.71,-10.64,0.0,-10.639999,6.991103,7.103365,7.211258,7.1452723,7.030052,7.493482,7.3389015,7.4549146,7.1627374,7.5419226,-9.8479595
14,cdk8,5hnb-chainA-prepared,42,28,cdk8/42,-10.91,-11.46,0.0,-11.460001,7.6813884,6.820842,7.7431364,7.493979,8.013225,7.6036158,6.88131,7.7362056,7.205622,7.3927097,-10.133184
15,cdk8,5hnb-chainA-prepared,35,29,cdk8/35,-11.37,-11.46,2.0,-11.460001,7.430877,6.9893627,7.5342035,7.413324,7.5210304,7.2427826,6.7456822,8.170262,7.23912,7.6569467,-10.047789
16,cdk8,5hnb-chainA-prepared,44,27,cdk8/44,-11.35,-11.46,0.0,-11.460001,7.458657,6.403048,7.370605,7.6203666,7.5753393,7.6320004,6.757375,7.1879005,6.92734,7.358884,-9.823298
17,cdk8,5hnb-chainA-prepared,18,24,cdk8/18,-8.74,-10.91,1.0,-10.91,7.0461245,6.627946,7.221109,7.274622,6.7773967,7.232253,7.1553698,7.2915173,6.1721344,7.0647306,-9.493327
18,cdk8,5hnb-chainA-prepared,40,30,cdk8/40,-11.59,-11.13,0.0,-11.129999,7.303841,6.627168,7.487239,7.070898,7.671975,7.171048,6.734817,7.87958,6.931915,7.130314,-9.784881
19,cdk8,5hnb-chainA-prepared,19,26,cdk8/19,-9.34,-10.67,1.0,-10.669998,6.9760895,6.6172767,7.347599,7.2555213,6.480969,7.4349446,7.178269,7.747047,6.339972,7.476419,-9.627977
20,cdk8,5hnb-chainA-prepared,33,28,cdk8/33,-9.92,-11.05,0.0,-11.049999,7.521757,7.2780967,7.4078584,7.4797816,7.751096,7.222159,7.297453,7.9707866,7.1537814,7.9769664,-10.199457
21,cdk8,5hnb-chainA-prepared,27,29,cdk8/27,-11.43,-8.41,2.0,-8.41,6.828847,6.013559,6.268874,6.4829307,6.747993,6.3356194,7.178545,6.572387,6.938526,6.943804,-9.010651
22,cdk8,5hnb-chainA-prepared,13,26,cdk8/13,-10.82,-11.22,0.0,-11.219999,7.7833652,7.0651994,8.685867,7.6876235,8.565217,7.469902,7.5874367,8.391491,7.3376684,7.549229,-10.615706
23,cdk8,5hnb-chainA-prepared,39,30,cdk8/39,-11.89,-11.46,0.0,-11.460001,7.2394404,6.541718,7.6015162,6.8144445,7.2878094,6.975573,6.550598,8.081888,7.0515213,7.3867135,-9.719987
24,cdk8,5hnb-chainA-prepared,32,25,cdk8/32,-9.69,-9.49,0.0,-9.49,6.889661,6.1865864,7.275557,6.7411075,6.642971,6.9760714,6.661134,7.5556736,7.032406,6.9632826,-9.365767
25,cdk8,5hnb-chainA-prepared,37,29,cdk8/37,-12.51,-11.46,0.0,-11.460001,7.2528577,7.0560803,7.685013,7.6921873,7.856996,7.3462906,7.066021,8.244211,7.4366255,7.60721,-10.224424
26,cdk8,5hnb-chainA-prepared,23,29,cdk8/23,-9.13,-8.96,3.0,-8.959999,6.9451075,6.7689686,7.6916304,6.958378,6.8719687,7.2477603,6.773838,6.672521,7.3833103,7.5471077,-9.628859
27,cdk8,5hnb-chainA-prepared,15,24,cdk8/15,-7.17,-7.64,0.0,-7.64,7.237371,6.6292014,7.522921,6.904364,6.6685605,7.3140306,7.034856,7.786568,6.3513417,7.0928946,-9.585581
28,cdk8,5hnb-chainA-prepared,34,30,cdk8/34,-11.5,-11.13,0.0,-11.129999,7.7887607,6.428507,7.7823086,7.4981627,7.6604266,7.605962,7.2442484,7.678689,7.609689,7.529529,-10.167733
29,cdk8,5hnb-chainA-prepared,25,27,cdk8/25,-11.04,-9.74,0.0,-9.74,6.7609615,6.307935,7.0362844,7.2252374,6.7563195,7.0408697,6.985059,7.2216344,7.472359,7.387307,-9.538274
30,cdk8,5hnb-chainA-prepared,14,17,cdk8/14,-7.6,-8.29,0.0,-8.289999,6.5510774,6.964625,6.3530645,6.7369924,6.8385425,6.9139423,6.7821903,7.6701183,6.992272,6.6731997,-9.304832
31,cdk8,5hnb-chainA-prepared,45,28,cdk8/45,-10.77,-11.13,1.0,-11.129999,7.6259384,6.459972,7.387874,7.0801134,7.5498676,7.5362444,7.091132,7.233644,6.9881887,7.2878265,-9.816407
32,cdk8,5hnb-chainA-prepared,36,30,cdk8/36,-11.72,-11.22,0.0,-11.219999,7.415761,6.7324257,7.361851,7.3545275,7.353786,7.0522933,6.9114056,7.602309,7.2775455,7.558469,-9.867986
33,cmet,4r1y_prepared,CHEMBL3402753_200,29,cmet/CHEMBL3402753_200,-9.88,-9.14,3.0,-9.139999,7.4465947,6.7724524,6.9314294,7.144622,7.179667,6.2906237,6.409308,6.7960343,6.677374,6.630061,-9.277946
34,cmet,4r1y_prepared,CHEMBL3402759_5.7,35,cmet/CHEMBL3402759_5.7,-11.93,-11.25,2.0,-11.25,7.378446,7.013099,7.276755,6.7001276,7.3020744,6.4794073,7.597151,6.523786,6.85572,6.895394,-9.514901
35,cmet,4r1y_prepared,CHEMBL3402747_3400,28,cmet/CHEMBL3402747_3400,-5.97,-7.46,0.0,-7.4600005,6.5266232,6.1131268,6.437294,6.996779,6.805356,5.8778787,6.5841866,6.387555,6.0081344,5.957354,-8.655067
36,cmet,4r1y_prepared,CHEMBL3402744_300,27,cmet/CHEMBL3402744_300,-7.41,-8.9,0.0,-8.9,7.218003,6.1426377,7.477156,7.1505075,6.600598,6.4428096,6.422995,6.899352,6.138791,6.870948,-9.153698
37,cmet,4r1y_prepared,CHEMBL3402745_200,28,cmet/CHEMBL3402745_200,-8.31,-9.14,0.0,-9.139999,6.9835525,6.1557474,7.1678724,6.9281826,6.4505434,6.6096034,6.600243,6.7603254,5.9593215,6.23407,-8.947922
38,cmet,4r1y_prepared,CHEMBL3402761_1,37,cmet/CHEMBL3402761_1,-12.22,-12.28,0.0,-12.279999,7.440091,6.970492,7.050917,7.301417,8.098195,6.6588297,7.1341934,7.000264,7.759573,6.896897,-9.825928
39,cmet,4r1y_prepared,CHEMBL3402750_400,28,cmet/CHEMBL3402750_400,-9.19,-8.73,0.0,-8.73,7.3460217,6.618033,7.0701437,7.4069705,7.3399644,5.68008,6.9958506,7.253714,6.106518,6.735833,-9.31531
40,cmet,4r1y_prepared,CHEMBL3402743_42,32,cmet/CHEMBL3402743_42,-9.12,-10.06,0.0,-10.060001,6.9778275,6.436332,7.079907,7.330743,6.7896323,6.5371757,6.7286954,6.1103673,6.402363,6.7884502,-9.128924
41,cmet,4r1y_prepared,CHEMBL3402752_30000,28,cmet/CHEMBL3402752_30000,-5.92,-6.17,1.0,-6.1700006,6.866235,6.3361588,7.077901,6.829903,7.057661,6.6158543,6.3444304,6.586045,6.2960987,5.4823265,-8.899433
42,cmet,4r1y_prepared,CHEMBL3402755_4200,29,cmet/CHEMBL3402755_4200,-8.36,-7.34,3.0,-7.3400006,7.015312,6.50519,7.2648616,6.9333644,7.02311,6.253011,7.416315,7.1824846,6.670276,6.464122,-9.339077
43,cmet,4r1y_prepared,CHEMBL3402758_10,33,cmet/CHEMBL3402758_10,-12.24,-10.91,0.0,-10.91,7.178072,6.432798,6.421759,6.3345475,7.155394,6.003144,6.6442037,6.323447,6.277406,5.9759817,-8.798081
44,cmet,4r1y_prepared,CHEMBL3402749_500,28,cmet/CHEMBL3402749_500,-7.47,-8.6,2.0,-8.599999,6.7134833,6.7293468,7.1815166,7.1039634,7.187244,6.170087,6.7778573,6.8586235,6.197237,6.158247,-9.114809
45,cmet,4r1y_prepared,CHEMBL3402757_6.5,34,cmet/CHEMBL3402757_6.5,-11.8,-11.17,0.0,-11.17,7.1036673,6.8464103,7.0953517,6.8465204,7.7542615,6.1723714,7.528322,6.5250115,6.6679583,6.6596045,-9.403138
46,cmet,4r1y_prepared,CHEMBL3402765_11-charged-pKa-8.1,35,cmet/CHEMBL3402765_11-charged-pKa-8.1,-9.94,-10.86,1.0,-10.859999,6.9362063,6.3401375,7.281849,7.4095454,7.4145694,6.414172,6.04567,6.544691,6.4130673,6.3524184,-9.124962
47,cmet,4r1y_prepared,CHEMBL3402762_1,37,cmet/CHEMBL3402762_1,-13.45,-12.28,0.0,-12.279999,7.5429373,7.073868,7.1848955,7.1971226,7.6029034,6.805954,7.2319465,6.6945863,7.3416357,6.561995,-9.68012
48,cmet,4r1y_prepared,CHEMBL3402742_23,32,cmet/CHEMBL3402742_23,-10.85,-10.42,0.0,-10.42,6.7435565,6.3014846,6.783289,7.074875,7.1969886,6.2810936,7.119904,7.085358,6.940108,6.721294,-9.27384
49,cmet,4r1y_prepared,CHEMBL3402754_40,29,cmet/CHEMBL3402754_40,-9.64,-10.09,2.0,-10.09,7.743353,6.636788,7.2950654,7.0009727,7.332668,6.268914,6.976036,7.146683,6.5178213,6.567027,-9.441981
50,cmet,4r1y_prepared,CHEMBL3402748_5300,28,cmet/CHEMBL3402748_5300,-6.97,-7.2,0.0,-7.2000003,7.323686,6.2447877,6.2874074,6.8822203,6.593861,5.9238267,6.400253,6.709205,5.59679,6.047653,-8.6979265
51,cmet,4r1y_prepared,CHEMBL3402741_400,36,cmet/CHEMBL3402741_400,-10.16,-8.73,1.0,-8.73,6.850493,6.5432653,6.7209587,6.966711,7.134733,5.622629,6.699537,6.320303,6.7042584,6.4100637,-8.964703
52,cmet,4r1y_prepared,CHEMBL3402763_90,33,cmet/CHEMBL3402763_90,-10.97,-9.61,0.0,-9.609999,7.2699575,6.5056705,7.755394,7.206874,7.3216047,6.0818195,7.697278,6.7417374,7.090518,6.6422315,-9.554461
53,cmet,4r1y_prepared,CHEMBL3402764_90,31,cmet/CHEMBL3402764_90,-9.0,-9.61,0.0,-9.609999,6.8728,6.4996886,6.6157603,7.0987206,6.6140757,6.6144276,6.832763,6.0523295,5.5897107,6.5842896,-8.883393
54,cmet,4r1y_prepared,CHEMBL3402751_2100,28,cmet/CHEMBL3402751_2100,-6.97,-7.75,3.0,-7.7499995,7.183579,6.399164,6.9381056,7.0664287,6.8868966,5.7146645,6.445128,6.8382354,6.138437,6.09371,-8.928204
55,cmet,4r1y_prepared,CHEMBL3402756_2.7,35,cmet/CHEMBL3402756_2.7,-11.62,-11.69,0.0,-11.689999,7.737827,7.238477,7.053667,6.610102,7.1309853,6.3525786,6.864472,6.635599,6.4972982,6.402324,-9.311259
56,cmet,4r1y_prepared,CHEMBL3402760_1,35,cmet/CHEMBL3402760_1,-12.26,-12.28,0.0,-12.279999,7.0979757,6.8471303,7.369452,6.827965,7.484683,6.3862166,7.653415,6.150538,6.5656652,6.422595,-9.349621
57,eg5,3l9h_prepared,CHEMBL1078774,26,eg5/CHEMBL1078774,-9.17,-10.6,2.0,-10.6,7.6927295,6.643606,6.298146,6.8272696,7.6677217,6.485749,6.4355965,6.583687,6.708456,6.879878,-9.270427
58,eg5,3l9h_prepared,CHEMBL1093087,35,eg5/CHEMBL1093087,-11.56,-10.53,0.0,-10.529999,6.489615,4.991727,6.205385,6.6289115,7.2546706,6.458818,6.7579966,6.281325,6.623113,5.863424,-8.636139
59,eg5,3l9h_prepared,CHEMBL1082249,30,eg5/CHEMBL1082249,-11.07,-11.22,0.0,-11.219999,5.5119057,6.3182135,6.9608192,7.6441097,7.1419377,6.5562925,6.025709,6.2757864,6.840821,7.0630774,-9.0144
60,eg5,3l9h_prepared,CHEMBL1089393,21,eg5/CHEMBL1089393,-8.57,-8.38,0.0,-8.379999,5.409269,5.420707,5.6853833,5.903815,6.041014,5.0763392,5.299428,5.684816,5.661642,5.3348374,-7.543935
61,eg5,3l9h_prepared,CHEMBL1078691,25,eg5/CHEMBL1078691,-10.23,-10.19,0.0,-10.190001,7.42693,6.8141537,6.38617,6.9130054,7.015314,6.3986607,6.025324,6.5640397,6.184628,6.599156,-9.012864
62,eg5,3l9h_prepared,CHEMBL1086409,28,eg5/CHEMBL1086409,-9.68,-9.87,0.0,-9.869999,6.8812356,5.58886,6.8612595,6.283147,6.562554,6.74551,6.009963,5.8789234,6.0644846,5.633992,-8.494132
63,eg5,3l9h_prepared,CHEMBL1082248,25,eg5/CHEMBL1082248,-11.09,-11.63,0.0,-11.629999,6.0613923,6.042561,6.151037,6.957824,7.4253745,6.791076,6.166204,6.306457,6.376562,6.3525867,-8.782362
64,eg5,3l9h_prepared,CHEMBL1084678,34,eg5/CHEMBL1084678,-13.62,-11.13,0.0,-11.129999,7.259366,6.237146,6.279308,7.324532,6.862889,6.8473277,7.1056166,6.5946884,6.308961,6.952552,-9.209218
65,eg5,3l9h_prepared,CHEMBL1084115,23,eg5/CHEMBL1084115,-9.81,-9.44,3.0,-9.440001,6.4870915,5.6910553,6.10592,6.886985,7.1979694,6.4170628,6.015305,6.394759,5.829573,6.3207564,-8.607805
66,eg5,3l9h_prepared,CHEMBL1084431,38,eg5/CHEMBL1084431,-10.05,-9.8,1.0,-9.800001,6.3986316,5.95256,6.9013815,7.110566,7.381751,6.458244,6.942942,6.6543856,7.4697075,6.887761,-9.261608
67,eg5,3l9h_prepared,CHEMBL1085895,33,eg5/CHEMBL1085895,-10.92,-10.86,0.0,-10.859999,6.499306,5.7449484,6.699876,7.204818,6.985825,6.2677536,7.016357,6.9714327,6.576948,6.7711086,-9.068712
68,eg5,3l9h_prepared,CHEMBL1084677,33,eg5/CHEMBL1084677,-11.84,-11.46,3.0,-11.460001,6.700378,6.0228376,6.890027,7.4256396,6.9223084,6.8659134,6.3821883,5.9720016,6.094422,6.7782774,-8.975715
69,eg5,3l9h_prepared,CHEMBL1077227,26,eg5/CHEMBL1077227,-10.82,-11.32,3.0,-11.32,6.546955,5.7973146,6.21313,6.479075,6.3828154,6.7052145,6.2068477,6.2196236,6.3757634,6.2672067,-8.587079
70,eg5,3l9h_prepared,CHEMBL1086410,27,eg5/CHEMBL1086410,-10.27,-11.46,0.0,-11.460001,5.988454,5.659822,5.757329,6.480591,5.9883423,6.8107033,6.3457317,6.354558,6.096446,6.2127957,-8.383365
71,eg5,3l9h_prepared,CHEMBL1083517,28,eg5/CHEMBL1083517,-11.24,-11.46,0.0,-11.460001,7.239939,6.6952786,6.893418,6.8774524,7.059082,7.2683444,5.902057,6.810766,6.8080063,5.488927,-9.110144
72,eg5,3l9h_prepared,CHEMBL1096003,32,eg5/CHEMBL1096003,-12.16,-11.87,0.0,-11.869999,5.8000593,6.628504,7.718161,7.316458,7.39426,6.9207063,7.2024264,6.4109416,7.059374,6.372505,-9.352035
73,eg5,3l9h_prepared,CHEMBL1077204,34,eg5/CHEMBL1077204,-11.65,-11.05,0.0,-11.049999,6.4857597,5.2700396,6.6837482,6.817893,6.447421,6.947082,6.590698,6.7854238,6.289745,6.2696657,-8.776439
74,eg5,3l9h_prepared,CHEMBL1083836,26,eg5/CHEMBL1083836,-10.53,-10.86,1.0,-10.859999,6.2017713,6.2364044,6.317094,6.002303,6.1034636,6.594572,6.0974584,6.9132686,5.794171,6.266208,-8.496412
75,eg5,3l9h_prepared,CHEMBL1085666,26,eg5/CHEMBL1085666,-10.65,-10.5,0.0,-10.5,6.5729566,5.520912,6.7418227,6.489819,6.629835,6.359704,6.564832,6.150996,6.1108317,6.177344,-8.604079
76,eg5,3l9h_prepared,CHEMBL1085692,32,eg5/CHEMBL1085692,-12.65,-11.32,0.0,-11.32,5.777854,6.1254992,6.569648,6.9787283,6.9536695,6.6308885,6.8598213,6.7399573,6.7991233,6.244805,-8.924894
77,eg5,3l9h_prepared,CHEMBL1084143,34,eg5/CHEMBL1084143,-12.24,-11.87,0.0,-11.869999,6.5565095,6.343417,7.2836266,7.0132375,7.194887,7.099038,7.348852,6.2337255,6.680526,6.5894966,-9.2868
78,eg5,3l9h_prepared,CHEMBL1096002,27,eg5/CHEMBL1096002,-10.96,-11.13,1.0,-11.129999,6.1605396,7.2214584,7.3784294,6.960858,7.2235384,6.6041403,5.726479,6.1923213,6.578364,6.7254395,-9.073223
79,eg5,3l9h_prepared,CHEMBL1089056,24,eg5/CHEMBL1089056,-9.41,-9.44,2.0,-9.440001,6.1103573,5.890886,6.2415094,6.2083516,6.4480753,5.841141,6.0273943,6.384181,5.895539,6.05511,-8.30289
80,eg5,3l9h_prepared,CHEMBL1093088,30,eg5/CHEMBL1093088,-9.65,-11.22,0.0,-11.219999,6.5763874,7.3103538,7.0521307,8.020109,7.136066,7.180959,7.540005,6.754274,7.651909,7.075008,-9.82407
81,eg5,3l9h_prepared,CHEMBL1084676,34,eg5/CHEMBL1084676,-10.6,-10.71,0.0,-10.710001,6.6020594,5.871116,6.9695015,7.563138,6.5861883,6.948672,6.9601974,7.341045,6.710679,6.325714,-9.223612
82,eg5,3l9h_prepared,CHEMBL1084935,31,eg5/CHEMBL1084935,-9.39,-10.53,2.0,-10.529999,6.6268864,6.432216,6.6841617,7.368924,6.390137,6.133791,6.474669,6.690963,6.222978,6.536652,-8.908777
83,eg5,3l9h_prepared,CHEMBL1078998,23,eg5/CHEMBL1078998,-10.45,-10.37,0.0,-10.369999,6.412089,5.517748,6.0435324,6.0192266,6.893354,5.857269,5.579806,6.1500244,6.186012,6.140965,-8.261783
84,eg5,3l9h_prepared,CHEMBL1088740,21,eg5/CHEMBL1088740,-8.64,-8.7,0.0,-8.699999,5.3400683,5.582629,5.7600527,5.766668,6.0097256,4.9822598,4.9762144,5.6027994,5.298089,5.9218316,-7.506307
85,hif2a,5tbm_prepared,338,27,hif2a/338,-9.28,-10.76,0.0,-10.76,7.9782076,6.984276,8.001745,7.9769483,7.113081,7.213512,7.1182694,7.158245,7.7794676,7.5101705,-10.168772
86,hif2a,5tbm_prepared,43,24,hif2a/43,-8.95,-8.7,0.0,-8.699999,6.9221544,6.797944,6.8458223,7.439726,6.2501745,7.2672987,7.2602043,6.6970477,7.1546206,6.1581206,-9.347919
87,hif2a,5tbm_prepared,235,28,hif2a/235,-9.42,-10.12,0.0,-10.119999,7.3724566,7.4372373,7.243008,7.4449315,6.815884,7.062129,7.1176453,6.656819,7.055691,7.3043933,-9.717128
88,hif2a,5tbm_prepared,234,26,hif2a/234,-10.56,-10.35,0.0,-10.35,7.519196,7.6923604,8.082294,8.047896,7.8313437,7.4186225,7.6359825,8.012584,7.852724,7.6624985,-10.565769
89,hif2a,5tbm_prepared,30,25,hif2a/30,-10.91,-10.57,2.0,-10.569998,7.1508293,6.777743,7.7151866,7.1329556,7.4652286,7.1698318,7.2980976,7.3724117,7.3369308,7.294986,-9.8807335
90,hif2a,5tbm_prepared,1,25,hif2a/1,-10.08,-11.32,0.0,-11.32,7.4141307,7.96395,7.6968775,7.524371,7.865857,7.605355,7.039848,7.723894,7.3879976,6.7348375,-10.185513
91,hif2a,5tbm_prepared,237,28,hif2a/237,-9.67,-9.55,0.0,-9.549999,7.431806,7.3616757,7.6662364,7.3196197,7.5083146,7.4766483,6.866845,7.032882,7.550298,6.6106505,-9.895788
92,hif2a,5tbm_prepared,227,28,hif2a/227,-11.78,-10.76,0.0,-10.76,7.835134,7.1877804,7.9229827,7.612677,7.324458,7.541592,7.5031686,7.23725,7.869117,7.094835,-10.208868
93,hif2a,5tbm_prepared,266,30,hif2a/266,-9.94,-10.53,3.0,-10.529999,7.244705,7.2971873,7.263262,6.92453,7.0695205,6.560654,7.0312467,7.220528,6.1797733,6.532263,-9.420013
94,hif2a,5tbm_prepared,206,27,hif2a/206,-8.72,-10.12,0.0,-10.119999,7.416809,7.4482427,7.4772162,7.578751,7.7223206,7.4022675,7.23633,7.538431,7.355409,7.37238,-10.129941
95,hif2a,5tbm_prepared,67,23,hif2a/67,-11.2,-10.17,0.0,-10.17,7.2453485,7.954443,6.7088413,7.2329655,6.8112,7.078429,7.1468067,6.8316317,7.2959013,6.660226,-9.643152
96,hif2a,5tbm_prepared,156,25,hif2a/156,-9.35,-9.74,0.0,-9.74,6.7296357,7.3757057,7.291064,7.615367,7.0371294,7.6489515,7.2447968,6.9824595,7.332886,6.7756996,-9.788264
97,hif2a,5tbm_prepared,31,24,hif2a/31,-9.42,-8.84,0.0,-8.84,6.7477074,6.4719033,6.8981853,6.9897013,6.405961,7.3103867,7.308249,6.9587655,6.625357,6.955786,-9.331463
98,hif2a,5tbm_prepared,289,26,hif2a/289,-11.65,-10.91,2.0,-10.91,6.9066157,7.24278,7.557096,7.3036265,7.3159647,7.150779,6.9915094,7.666483,7.1337495,7.11481,-9.835786
99,hif2a,5tbm_prepared,61,24,hif2a/61,-9.47,-10.11,0.0,-10.109999,7.3365808,7.5535274,7.4532666,7.3722095,7.218064,7.6164055,6.7435374,7.251185,7.6313963,6.434815,-9.866709
100,hif2a,5tbm_prepared,167,27,hif2a/167,-10.9,-10.67,0.0,-10.669998,7.9820805,7.5066485,7.826111,8.001296,7.907361,7.5720253,7.6720295,7.4698696,8.1085615,7.419034,-10.526298
101,hif2a,5tbm_prepared,165,26,hif2a/165,-9.04,-9.24,0.0,-9.24,7.5245943,7.672999,7.8619814,8.176501,7.241553,7.4770737,7.3778057,8.015781,7.491609,7.5042305,-10.373986
102,hif2a,5tbm_prepared,41,24,hif2a/41,-10.76,-9.79,0.0,-9.789999,7.4722095,7.5411053,7.113023,7.067126,7.48399,7.1284666,6.8054013,6.782733,6.932565,6.52657,-9.627852
103,hif2a,5tbm_prepared,7b,26,hif2a/7b,-6.51,-7.39,0.0,-7.389999,6.914789,7.66492,6.7769113,7.427897,7.119896,7.2767887,6.63504,7.8824,6.4847317,6.691741,-9.630832
104,hif2a,5tbm_prepared,54,24,hif2a/54,-8.31,-9.31,1.0,-9.309999,6.917687,7.0873494,7.4015574,7.044608,6.8344064,7.22399,6.4502892,7.1501555,6.2735333,7.196066,-9.454797
105,hif2a,5tbm_prepared,215,27,hif2a/215,-10.04,-10.6,0.0,-10.6,7.2531176,7.4322076,7.8690515,8.178908,6.928125,7.2663407,7.798175,7.4405637,7.3271255,7.6013584,-10.204245
106,hif2a,5tbm_prepared,57,27,hif2a/57,-10.88,-10.67,0.0,-10.669998,7.3514433,7.4804053,7.8466177,7.711701,7.552847,7.6412635,6.5905776,7.30938,7.776832,7.1483436,-10.111087
107,hif2a,5tbm_prepared,42,25,hif2a/42,-9.77,-8.94,0.0,-8.94,7.3900275,7.2734275,7.339645,7.548902,7.118192,7.208159,6.825493,7.2308927,7.1384816,6.6030154,-9.739691
108,hif2a,5tbm_prepared,35,25,hif2a/35,-11.51,-7.15,0.0,-7.15,7.211849,7.4933047,7.3417587,7.666978,7.392353,7.4581294,7.1765575,7.1613865,6.881382,7.327677,-9.934703
109,hif2a,5tbm_prepared,252,26,hif2a/252,-9.57,-9.71,0.0,-9.709999,7.7953634,7.0351114,7.80354,7.876025,7.228083,6.773091,7.3622804,7.2061396,7.812315,7.619441,-10.124945
110,hif2a,5tbm_prepared,336,26,hif2a/336,-9.88,-9.82,1.0,-9.819998,7.1400814,6.8299346,7.549566,7.5412245,7.8211894,7.217757,7.336693,7.2309275,7.4873643,7.3376064,-9.986472
111,hif2a,5tbm_prepared,290,29,hif2a/290,-11.2,-10.57,1.0,-10.569998,7.538678,7.2511425,7.9445577,7.885106,7.0903335,7.302569,6.9776673,7.2492886,7.571072,7.1894207,-10.055433
112,hif2a,5tbm_prepared,155,26,hif2a/155,-10.0,-10.5,0.0,-10.5,7.3791733,7.47038,7.8636413,7.8022475,7.785197,7.6799607,6.982966,7.607593,7.5951614,7.0454397,-10.220115
113,hif2a,5tbm_prepared,164,26,hif2a/164,-6.88,-6.76,0.0,-6.7600007,7.770568,7.56731,6.9000554,7.9705076,7.09824,6.8732724,7.3509645,7.9323845,7.234449,7.352276,-10.062251
114,hif2a,5tbm_prepared,7a,26,hif2a/7a,-8.58,-10.0,2.0,-10.0,7.1688266,7.656462,7.1498528,7.3784804,7.267019,7.6992574,7.439879,7.9867053,6.7499914,7.4024262,-10.041718
115,hif2a,5tbm_prepared,224,26,hif2a/224,-10.72,-9.66,3.0,-9.659998,7.1366506,6.7075787,7.069431,6.4574256,6.900831,6.6088076,6.664217,6.3588104,7.138425,5.83887,-9.0880995
116,hif2a,5tbm_prepared,84,25,hif2a/84,-8.81,-7.58,0.0,-7.5799994,7.011355,7.286475,7.1064925,7.2157674,7.29901,7.2198954,6.7633657,6.9765053,6.542134,6.42659,-9.491207
117,hif2a,5tbm_prepared,254,27,hif2a/254,-10.23,-9.55,0.0,-9.549999,7.299349,7.1578407,7.1244507,7.701934,7.2268715,7.1649103,7.0791397,7.4476633,7.2188053,7.1246033,-9.85782
118,hif2a,5tbm_prepared,23,26,hif2a/23,-8.0,-7.07,0.0,-7.07,7.286157,6.991261,7.1420045,7.4353104,7.212413,6.778909,6.4913707,6.8788667,6.2320623,6.401023,-9.355565
119,hif2a,5tbm_prepared,251,26,hif2a/251,-9.61,-10.24,0.0,-10.24,7.138663,7.0137043,6.6338377,6.5173507,7.0469203,6.804654,6.3258853,7.361748,6.565219,6.822298,-9.271439
120,hif2a,5tbm_prepared,256,25,hif2a/256,-9.16,-10.67,0.0,-10.669998,7.774127,6.950461,7.1403236,7.428097,7.393862,6.7851725,6.7901015,7.144236,6.7986245,7.429667,-9.734042
121,hif2a,5tbm_prepared,50,22,hif2a/50,-8.86,-9.7,0.0,-9.700001,7.101575,7.6475534,7.367688,7.573198,6.8510766,7.303213,6.5868497,7.38701,6.683768,7.5036287,-9.784442
122,hif2a,5tbm_prepared,231,25,hif2a/231,-10.63,-10.02,0.0,-10.019999,7.425436,7.170295,7.3194046,7.5737762,7.1723666,7.2905407,7.2636814,7.8238463,7.427408,6.8660755,-9.964796
123,hif2a,5tbm_prepared,15,28,hif2a/15,-11.29,-11.05,0.0,-11.049999,7.5306993,7.3113604,7.931954,7.6790648,7.694865,7.37721,7.3037868,7.1757307,7.854694,7.0256944,-10.175721
124,hif2a,5tbm_prepared,124,25,hif2a/124,-9.93,-10.12,3.0,-10.119999,7.091938,7.389271,6.60662,6.3664446,6.9936843,7.1274085,6.266901,7.1928043,7.2371764,6.369771,-9.327388
125,hif2a,5tbm_prepared,25,26,hif2a/25,-9.18,-10.28,0.0,-10.279999,7.5589347,7.454705,7.013782,7.138143,8.096033,7.210565,7.6196938,6.9091616,6.8507214,6.7376976,-9.86378
126,hif2a,5tbm_prepared,163,26,hif2a/163,-10.0,-11.01,0.0,-11.01,7.511647,7.5450716,7.870202,7.9621263,7.0639153,7.195083,7.2814903,7.8303914,7.515052,7.5734053,-10.238679
127,pfkfb3,6hvi_prepared,43,28,pfkfb3/43,-8.82,-8.0,0.0,-7.9999995,7.347345,6.834884,7.8487654,7.323807,6.980137,7.6747546,7.0849714,6.891101,6.2882547,7.2017746,-9.712455
128,pfkfb3,6hvi_prepared,30,29,pfkfb3/30,-9.41,-9.2,0.0,-9.199999,6.911041,5.9268246,6.8421216,6.9440975,6.2594066,6.8474584,6.2941175,7.2443156,6.589996,6.751106,-9.051333
129,pfkfb3,6hvi_prepared,65,30,pfkfb3/65,-9.34,-9.49,0.0,-9.49,7.3649187,7.4714866,8.111832,7.148525,7.4083667,7.4131284,7.455326,7.9661446,7.5188355,7.2758446,-10.209602
130,pfkfb3,6hvi_prepared,49,28,pfkfb3/49,-6.68,-7.93,0.0,-7.93,6.110456,6.268254,6.674405,6.1607633,6.5310574,6.8993883,6.167559,6.334566,6.507494,7.017819,-8.787892
131,pfkfb3,6hvi_prepared,24,29,pfkfb3/24,-9.79,-8.87,2.0,-8.869999,6.52636,5.6023035,7.4729023,6.488709,6.4371448,7.027043,7.19177,6.671221,7.0103893,6.8590446,-9.143247
132,pfkfb3,6hvi_prepared,67,31,pfkfb3/67,-10.57,-10.24,0.0,-10.24,6.994482,7.5534763,8.050885,6.8514156,7.3218517,7.0404806,6.649901,7.1515665,7.2377086,6.9723277,-9.759784
133,pfkfb3,6hvi_prepared,62,30,pfkfb3/62,-6.28,-7.69,0.0,-7.69,6.894429,7.054208,8.074227,7.395506,6.919551,6.906968,7.2644744,7.867244,7.1351924,7.216271,-9.882619
134,pfkfb3,6hvi_prepared,56,32,pfkfb3/56,-11.72,-10.57,0.0,-10.569998,7.0472116,7.078352,7.616053,6.831258,7.0105805,7.747472,6.370494,6.7989144,6.9098377,7.0515704,-9.57466
135,pfkfb3,6hvi_prepared,59,31,pfkfb3/59,-6.95,-8.12,0.0,-8.119999,6.705661,6.5554485,7.5200796,7.2928686,7.01548,7.509803,6.546978,7.0219383,6.9944563,6.8195963,-9.509514
136,pfkfb3,6hvi_prepared,38,30,pfkfb3/38,-7.23,-8.76,0.0,-8.759999,6.064077,6.4290466,7.2306643,6.080433,6.582347,6.98264,5.8504233,5.997645,6.437393,6.5990477,-8.731086
137,pfkfb3,6hvi_prepared,31,29,pfkfb3/31,-10.4,-9.28,0.0,-9.280001,7.1080985,6.320933,7.45778,6.7924705,7.0825257,7.014202,6.38924,6.9665976,7.0019913,7.0515823,-9.401228
138,pfkfb3,6hvi_prepared,48,29,pfkfb3/48,-6.78,-8.01,0.0,-8.009999,6.4317765,6.7320213,7.773012,6.550615,6.8112617,7.237605,6.2139206,6.445502,7.289133,7.117164,-9.321952
139,pfkfb3,6hvi_prepared,58,30,pfkfb3/58,-8.36,-9.13,3.0,-9.129999,6.8519583,6.7467723,7.9013486,7.2074814,7.377339,7.525409,6.9359903,6.992555,7.5546207,6.940252,-9.788269
140,pfkfb3,6hvi_prepared,41,32,pfkfb3/41,-7.65,-7.39,0.0,-7.389999,7.118396,6.834842,7.420819,6.3696594,6.815514,7.0600486,6.2745323,6.79279,6.6753774,7.4377704,-9.348821
141,pfkfb3,6hvi_prepared,29,31,pfkfb3/29,-10.12,-9.65,0.0,-9.65,7.1489034,6.5374217,7.514141,6.80338,6.753623,7.029572,6.8631577,6.72372,6.794999,7.055595,-9.40654
142,pfkfb3,6hvi_prepared,54,33,pfkfb3/54,-8.1,-8.18,3.0,-8.18,6.7984915,6.983501,7.0192533,6.578988,6.702001,6.9516125,5.7875957,6.1906505,6.5823665,7.0413394,-9.054773
143,pfkfb3,6hvi_prepared,47,29,pfkfb3/47,-6.3,-8.33,2.0,-8.329999,6.983877,6.921329,7.436207,6.6898327,6.855304,7.3938932,6.5860505,6.096121,6.8027463,6.723317,-9.306552
144,pfkfb3,6hvi_prepared,26,30,pfkfb3/26,-9.37,-9.17,0.0,-9.17,7.1294155,6.3245916,6.9348845,6.3197727,6.995318,6.717873,6.645075,6.90133,7.067894,6.923551,-9.234673
145,pfkfb3,6hvi_prepared,55,32,pfkfb3/55,-11.98,-10.64,0.0,-10.639999,7.3913856,7.3435783,7.461057,7.111965,7.7129345,7.6660523,6.407156,7.123723,6.74023,7.209284,-9.806428
146,pfkfb3,6hvi_prepared,20,29,pfkfb3/20,-7.26,-8.52,1.0,-8.52,6.6352944,6.342769,7.9058433,6.4642386,6.096922,7.5155425,6.1865826,6.4841423,7.1358094,7.312195,-9.25093
147,pfkfb3,6hvi_prepared,57,33,pfkfb3/57,-11.1,-10.47,0.0,-10.469999,6.870591,6.8825383,7.7110224,7.314309,7.294561,7.661006,6.78602,7.4303226,6.8844767,7.6561956,-9.850411
148,pfkfb3,6hvi_prepared,42,29,pfkfb3/42,-8.05,-8.47,0.0,-8.47,6.6302476,6.2291164,7.6494718,6.438708,6.1510077,6.541554,6.1874843,7.2076025,7.052686,6.8081098,-9.09013
149,pfkfb3,6hvi_prepared,35,31,pfkfb3/35,-10.54,-10.14,0.0,-10.139999,6.6120934,6.6833487,7.2886124,6.501499,6.734433,7.0693884,6.5068035,6.558254,6.3281913,6.956712,-9.136785
150,pfkfb3,6hvi_prepared,44,28,pfkfb3/44,-8.52,-9.95,0.0,-9.949999,7.3050404,7.1954627,7.4092937,7.132512,6.8326836,7.608944,6.823203,6.4764233,6.2378983,7.337285,-9.560665
151,pfkfb3,6hvi_prepared,63,30,pfkfb3/63,-8.1,-8.56,0.0,-8.56,6.728371,7.1032,8.127866,7.1854467,7.311111,7.6827188,7.187773,7.9960513,7.355498,7.5570936,-10.087405
152,pfkfb3,6hvi_prepared,69,31,pfkfb3/69,-11.46,-10.71,0.0,-10.710001,7.321389,7.5979795,7.609104,7.450894,7.441692,7.5208573,7.2344837,7.3174887,7.354864,6.984513,-10.032798
153,pfkfb3,6hvi_prepared,52,32,pfkfb3/52,-9.24,-10.4,1.0,-10.4,6.7740865,6.924804,7.432722,6.694594,6.855092,7.40226,6.3808327,6.0687146,6.739101,6.9536214,-9.270835
154,pfkfb3,6hvi_prepared,19,27,pfkfb3/19,-8.58,-7.55,2.0,-7.5500007,7.1273637,5.8987656,7.1444654,6.4349566,6.7331977,6.5186625,6.4283924,7.331213,6.8018494,7.324434,-9.205265
155,pfkfb3,6hvi_prepared,68,31,pfkfb3/68,-11.32,-9.78,0.0,-9.779999,7.326255,7.345865,7.143157,7.0079355,7.119083,7.099973,5.983807,7.1570907,7.486527,7.246175,-9.636368
156,pfkfb3,6hvi_prepared,33,29,pfkfb3/33,-10.09,-8.61,0.0,-8.609999,6.201331,6.7160716,7.321302,6.4243264,6.816613,7.106883,6.9097147,6.6433926,6.8890014,7.1836543,-9.268994
157,pfkfb3,6hvi_prepared,70,31,pfkfb3/70,-10.73,-10.3,0.0,-10.299999,7.5377164,7.2664943,7.885516,7.1001396,7.287007,7.6599035,7.260146,7.1550865,6.8014083,6.7252164,-9.875903
158,pfkfb3,6hvi_prepared,53,33,pfkfb3/53,-8.04,-7.0,0.0,-6.9999995,7.3504314,7.3416643,7.5733232,6.970137,6.753361,6.963028,6.673122,6.2256584,6.6343155,6.47227,-9.370232
159,pfkfb3,6hvi_prepared,64,30,pfkfb3/64,-9.29,-9.42,0.0,-9.42,7.540628,7.5906205,8.148552,7.1110563,7.5527983,7.2521725,7.5289364,7.7693205,7.7908673,7.4153376,-10.286498
160,pfkfb3,6hvi_prepared,39,28,pfkfb3/39,-5.77,-7.2,0.0,-7.2000003,6.204264,6.1951113,7.1420207,5.9171095,6.5690446,6.8571005,5.6371384,6.4888673,5.9582853,6.739821,-8.657036
161,pfkfb3,6hvi_prepared,37,36,pfkfb3/37,-12.26,-10.0,0.0,-10.0,7.077417,7.200424,7.630548,7.006896,7.455832,6.8538566,7.2536383,7.0090055,7.1656113,7.451014,-9.797851
162,pfkfb3,6hvi_prepared,23,27,pfkfb3/23,-8.77,-7.91,0.0,-7.9099994,6.978813,5.9362345,7.170429,6.61708,6.4857726,6.5041537,6.6389413,6.7247915,6.697018,6.737777,-9.0351
163,pfkfb3,6hvi_prepared,60,32,pfkfb3/60,-7.37,-8.14,0.0,-8.14,7.40894,6.851276,7.654832,7.138938,6.811757,7.8333178,6.701628,7.439974,6.98242,7.2222376,-9.789844
164,pfkfb3,6hvi_prepared,34,30,pfkfb3/34,-10.37,-9.97,1.0,-9.969999,6.4328732,6.470268,7.0816817,6.1420493,7.2785277,6.7172065,7.073529,6.45914,6.661568,6.7116637,-9.108136
165,pfkfb3,6hvi_prepared,36,32,pfkfb3/36,-7.98,-7.44,0.0,-7.439999,6.309187,6.2520533,6.703869,6.3667097,7.338995,6.594907,6.2248425,6.0921416,6.545525,6.252573,-8.78912
166,pfkfb3,6hvi_prepared,46,31,pfkfb3/46,-6.35,-7.86,3.0,-7.860001,6.9773216,6.835223,6.8685784,7.221758,7.0417995,7.0728736,6.324426,7.135719,7.2323194,7.5535088,-9.547725
167,shp2,5ehr_prepared,SHP099-1/Example 7,23,shp2/SHP099-1/Example 7,-9.27,-9.75,3.0,-9.75,6.174726,6.7734675,6.4366016,6.2659373,7.170669,6.6717563,5.867548,7.04755,6.3973446,6.414718,-8.8624325
168,shp2,5ehr_prepared,Example 22,24,shp2/Example 22,-8.79,-9.24,2.0,-9.24,7.1174293,6.96679,7.047966,7.0536256,7.563884,6.9000273,7.235645,6.4278,6.845196,6.969842,-9.529337
169,shp2,5ehr_prepared,Example 29,21,shp2/Example 29,-6.85,-7.62,0.0,-7.6200004,6.15059,6.11965,6.342713,6.7636237,6.59413,6.0934772,5.658968,6.3659973,6.423722,6.231438,-8.52598
170,shp2,5ehr_prepared,11,24,shp2/11,-6.49,-6.35,0.0,-6.35,6.2634554,7.3179283,6.734119,6.6698794,6.7811413,6.2880473,6.577373,6.657088,6.140274,6.908469,-9.014277
171,shp2,5ehr_prepared,4,23,shp2/4,-5.94,-5.82,0.0,-5.82,6.5947304,6.3369384,5.618083,6.2914157,6.5905433,6.753052,5.5708222,6.9092245,6.6580286,6.098924,-8.618036
172,shp2,5ehr_prepared,Example 2,23,shp2/Example 2,-7.93,-8.28,0.0,-8.279999,6.056839,6.4299135,6.3393116,7.2904887,6.3230634,6.0277047,5.9747615,6.400663,6.0143056,6.8759456,-8.660328
173,shp2,5ehr_prepared,Example 14,22,shp2/Example 14,-9.38,-9.78,0.0,-9.779999,6.330695,6.311528,5.370191,6.0960717,6.57929,6.2772217,5.728762,6.3428764,6.38656,6.299984,-8.387225
174,shp2,5ehr_prepared,Example 26,26,shp2/Example 26,-9.0,-8.96,0.0,-8.959999,6.8172717,7.3991137,7.3805957,7.1220965,8.39887,7.02327,7.1241946,7.184932,7.066674,7.428431,-9.912158
175,shp2,5ehr_prepared,SHP836-2,23,shp2/SHP836-2,-7.74,-6.71,1.0,-6.7100005,6.7832155,6.5021105,5.632614,5.8286214,6.665475,7.1794195,5.670297,6.9542713,6.710967,6.2932878,-8.726542
176,shp2,5ehr_prepared,Example 6,24,shp2/Example 6,-10.86,-9.07,3.0,-9.07,6.726083,7.126689,7.3104258,6.9555745,7.453515,7.2342296,6.7774687,7.3367352,7.513982,7.6059914,-9.789216
177,shp2,5ehr_prepared,Example 1,23,shp2/Example 1,-9.13,-8.99,0.0,-8.99,6.353802,6.6674314,6.80889,6.542327,6.805386,6.7723336,6.422767,6.9682746,6.7231627,6.9913244,-9.111832
178,shp2,5ehr_prepared,3,22,shp2/3,-6.55,-5.46,2.0,-5.4599996,5.741349,6.0411844,5.372249,5.681059,6.3278203,6.279344,5.148424,6.2223825,5.915303,5.519323,-7.9150605
179,shp2,5ehr_prepared,Example 9,23,shp2/Example 9,-9.73,-8.79,0.0,-8.79,6.203868,6.6576276,5.917164,6.0910177,6.633412,6.0035033,5.8973017,6.59644,6.8275123,6.047664,-8.543809
180,shp2,5ehr_prepared,Example 8,24,shp2/Example 8,-9.85,-9.71,1.0,-9.709999,6.5593386,6.594239,5.99831,6.26009,6.94783,6.6525884,6.2626514,6.986253,6.702689,6.7405605,-8.928231
181,shp2,5ehr_prepared,7,24,shp2/7,-8.92,-7.08,0.0,-7.0800004,6.170736,5.8762584,6.4449368,6.685904,6.3537273,6.544176,6.2606716,6.6299305,6.5908213,6.6931224,-8.730619
182,shp2,5ehr_prepared,Example 24,24,shp2/Example 24,-8.14,-9.08,0.0,-9.08,6.2272115,6.9379263,6.3441057,6.746075,7.1185155,6.5867,6.6633153,7.14328,6.8479004,7.026072,-9.191378
183,shp2,5ehr_prepared,Example 28,24,shp2/Example 28,-8.07,-8.46,2.0,-8.46,6.046194,5.6711545,5.488513,6.084678,6.5082107,6.0895796,5.136611,5.821382,6.0608306,5.9517493,-7.9980135
184,shp2,5ehr_prepared,10,22,shp2/10,-7.32,-7.15,0.0,-7.15,6.577691,6.5850573,5.6744585,5.929326,6.8429637,6.7994084,6.0153317,6.665169,6.0041547,6.3530574,-8.621413
185,shp2,5ehr_prepared,Example 25,25,shp2/Example 25,-7.67,-8.87,0.0,-8.869999,7.3106894,7.746603,7.6683807,6.9106774,7.982699,7.740322,6.9562445,7.370546,6.881551,7.626845,-10.081892
186,shp2,5ehr_prepared,Example 27,23,shp2/Example 27,-8.65,-8.52,0.0,-8.52,6.361118,6.713263,5.858017,5.6980896,6.898115,7.0887218,5.6575336,6.817505,6.5107965,6.104962,-8.656947
187,shp2,5ehr_prepared,6,22,shp2/6,-9.32,-8.03,0.0,-8.03,6.4316874,5.9763775,6.3725963,6.285778,6.6151047,6.3434873,5.6443067,6.495524,6.828873,6.8607955,-8.676843
188,shp2,5ehr_prepared,Example 30,23,shp2/Example 30,-8.87,-9.16,0.0,-9.16,6.21716,6.942751,6.5903573,6.3103967,7.3689427,6.8852,6.388946,6.4407063,6.3218236,6.9520617,-9.025227
189,shp2,5ehr_prepared,Example 5,25,shp2/Example 5,-6.15,-7.56,0.0,-7.56,7.286724,6.55632,7.6693273,7.23178,7.0931334,6.568839,6.0665026,6.9129577,6.9569182,7.533366,-9.495048
190,shp2,5ehr_prepared,Example 4,21,shp2/Example 4,-7.03,-8.2,3.0,-8.2,6.223087,5.8731213,5.7274723,6.220711,6.362603,5.2527766,5.7350116,6.141185,5.7848387,6.4864945,-8.126887
191,shp2,5ehr_prepared,Example 23,24,shp2/Example 23,-8.29,-8.74,1.0,-8.74,6.597596,6.604869,7.591099,6.499431,7.3090043,6.6765804,6.8935547,6.3467607,6.2354383,6.8186164,-9.182118
192,shp2,5ehr_prepared,Example 3,21,shp2/Example 3,-7.68,-8.22,0.0,-8.219999,6.66342,6.0929537,6.2812443,6.652652,6.6562853,6.249822,6.001506,6.5805197,6.4749813,6.344358,-8.696301
193,syk,4pv0-prepared,CHEMBL3264999,38,syk/CHEMBL3264999,-11.59,-11.42,0.0,-11.42,7.3153877,6.8970504,7.727041,6.9533215,6.7812157,7.1147604,7.392876,6.5392866,7.0397496,6.613907,-9.5628195
194,syk,4pv0-prepared,CHEMBL3265014,31,syk/CHEMBL3265014,-9.96,-10.4,0.0,-10.4,7.122662,6.84813,6.7892265,7.5203624,7.266172,7.3233137,7.055166,6.797449,6.541606,6.5928683,-9.492479
195,syk,4pv0-prepared,CHEMBL3265034,31,syk/CHEMBL3265034,-11.09,-11.49,0.0,-11.49,6.9108453,6.988311,7.2304926,7.0937395,6.5146103,6.91732,7.178579,6.8286753,6.9006176,7.122113,-9.469154
196,syk,4pv0-prepared,CHEMBL3265015,30,syk/CHEMBL3265015,-7.57,-9.48,0.0,-9.48,6.8449073,6.789865,6.5746875,7.636062,7.147806,6.9015226,6.785309,6.533005,6.8362603,7.244113,-9.41592
197,syk,4pv0-prepared,CHEMBL3265036,32,syk/CHEMBL3265036,-11.51,-10.42,1.0,-10.42,6.646554,7.1870904,6.4857655,6.746995,6.7686977,6.6027594,6.7735977,6.404234,7.059767,7.1964827,-9.222747
198,syk,4pv0-prepared,CHEMBL3265020,29,syk/CHEMBL3265020,-9.98,-11.01,0.0,-11.01,6.5130086,6.5631404,6.7276297,7.1598,7.1494374,7.489884,7.5730443,6.8090916,6.6183367,6.4954934,-9.389467
199,syk,4pv0-prepared,CHEMBL3265023,30,syk/CHEMBL3265023,-10.5,-10.48,0.0,-10.48,6.5439467,7.098377,6.9632373,7.6017694,6.963246,7.180859,7.734105,7.0342026,6.822899,6.823591,-9.616036
200,syk,4pv0-prepared,CHEMBL3265002,40,syk/CHEMBL3265002,-12.79,-10.61,0.0,-10.610001,6.9771695,6.92655,7.2381897,6.83251,6.878522,7.116591,7.7749443,6.511457,6.4215384,6.484366,-9.398023
201,syk,4pv0-prepared,CHEMBL3265033,33,syk/CHEMBL3265033,-11.17,-11.84,3.0,-11.839998,7.0535617,7.551939,7.3819914,7.136839,7.4462495,7.0228653,7.189994,6.759287,7.43017,6.894088,-9.765611
202,syk,4pv0-prepared,CHEMBL3265027,25,syk/CHEMBL3265027,-10.04,-10.33,0.0,-10.33,6.9886794,6.703287,6.507923,7.249754,6.582345,6.487335,7.0878987,5.948021,6.512762,5.9825554,-8.97525
203,syk,4pv0-prepared,CHEMBL3265028,27,syk/CHEMBL3265028,-10.49,-11.01,0.0,-11.01,6.5344887,6.8217583,6.5805387,7.047872,6.272166,7.156576,7.017486,6.224296,6.4051814,6.4170322,-9.033249
204,syk,4pv0-prepared,CHEMBL3264997,38,syk/CHEMBL3264997,-11.31,-10.98,0.0,-10.98,6.8466144,6.7061534,7.546541,6.4512115,6.959931,6.9053955,6.921936,6.437788,7.013176,6.0323153,-9.215834
205,syk,4pv0-prepared,CHEMBL3264996,39,syk/CHEMBL3264996,-12.06,-10.67,2.0,-10.669998,6.5339394,6.1809335,6.807385,6.5942636,6.4331484,6.4671693,6.7217383,5.557968,6.33774,5.8641195,-8.62845
206,syk,4pv0-prepared,CHEMBL3264994,38,syk/CHEMBL3264994,-11.33,-9.81,0.0,-9.809999,6.516127,6.766642,7.195619,6.9790206,7.2210674,6.6347785,6.863594,6.855186,6.7276974,6.9370337,-9.334826
207,syk,4pv0-prepared,CHEMBL3264995,38,syk/CHEMBL3264995,-12.21,-12.39,0.0,-12.389999,6.9722667,6.928558,7.6141973,7.041873,7.146798,6.8211293,7.168486,6.2854695,7.267525,6.292768,-9.449284
208,syk,4pv0-prepared,CHEMBL3265032,31,syk/CHEMBL3265032,-10.83,-11.06,0.0,-11.059999,6.4472,7.2991347,6.421812,6.6296654,6.7325435,6.5110006,6.8718967,6.4060707,6.826887,6.7316837,-9.08767
209,syk,4pv0-prepared,CHEMBL3265031,33,syk/CHEMBL3265031,-11.53,-12.07,0.0,-12.07,6.679769,7.356881,7.1111703,7.1945376,6.938603,6.9078526,7.322836,6.773226,7.244277,6.83162,-9.56094
210,syk,4pv0-prepared,CHEMBL3265037,33,syk/CHEMBL3265037,-11.17,-12.77,0.0,-12.77,7.3588786,7.2432613,7.411267,7.130164,7.3898263,7.5625153,7.6181912,6.9464006,7.5235863,7.401885,-9.999195
211,syk,4pv0-prepared,CHEMBL3265026,30,syk/CHEMBL3265026,-9.49,-11.36,0.0,-11.360001,7.061369,6.852097,6.744226,7.480789,7.443298,7.1427927,7.231116,6.5136256,6.422521,7.1241965,-9.514095
212,syk,4pv0-prepared,CHEMBL3265012,30,syk/CHEMBL3265012,-11.05,-10.55,0.0,-10.550001,7.165151,7.098003,6.84523,7.8339357,6.976834,7.1086345,7.161087,7.0655184,6.8000064,6.967222,-9.65074
213,syk,4pv0-prepared,CHEMBL3265003,40,syk/CHEMBL3265003,-13.39,-10.82,0.0,-10.82,7.027313,6.983718,7.6788783,6.985154,7.2166004,7.49319,7.630898,6.4128757,7.0345197,6.6513166,-9.663355
214,syk,4pv0-prepared,CHEMBL3264998,39,syk/CHEMBL3264998,-13.18,-11.72,0.0,-11.720001,6.735022,7.06304,7.5707526,6.7932053,6.9341993,6.8410754,7.1911283,6.7452755,6.9240413,5.751903,-9.314835
215,syk,4pv0-prepared,CHEMBL3265029,27,syk/CHEMBL3265029,-10.63,-11.12,0.0,-11.119999,6.655743,6.5242805,6.4077497,6.727693,6.2390885,6.6849275,6.992091,5.991546,6.590252,6.3009615,-8.84803
216,syk,4pv0-prepared,CHEMBL3265035,30,syk/CHEMBL3265035,-11.41,-11.08,0.0,-11.08,7.1336665,6.906979,6.5013757,6.927106,6.719312,6.2897744,6.9914465,5.9737535,6.7843666,6.651391,-9.087845
217,syk,4pv0-prepared,CHEMBL3265024,31,syk/CHEMBL3265024,-9.62,-11.79,2.0,-11.789999,7.063391,6.9033465,7.0997114,7.4958634,7.627574,7.36973,7.363043,6.154872,6.8254023,7.443725,-9.694906
218,syk,4pv0-prepared,CHEMBL3265018,29,syk/CHEMBL3265018,-10.93,-11.19,3.0,-11.189999,7.1564245,6.856522,6.7854533,7.810282,7.4338326,7.261731,7.4869175,7.356864,7.164414,6.70154,-9.785585
219,syk,4pv0-prepared,CHEMBL3265008,30,syk/CHEMBL3265008,-10.6,-9.78,0.0,-9.779999,6.8217435,6.6196384,7.0735273,7.567849,6.630859,6.862679,7.161304,6.68274,6.6990333,6.4470334,-9.317114
220,syk,4pv0-prepared,CHEMBL3265016,29,syk/CHEMBL3265016,-9.59,-11.69,0.0,-11.689999,6.6843376,6.543832,6.8364058,7.121749,7.23626,7.320378,7.503512,6.585274,6.5149198,6.522347,-9.358233
221,syk,4pv0-prepared,CHEMBL3265025,31,syk/CHEMBL3265025,-10.36,-10.2,0.0,-10.199999,6.993259,6.664961,7.1513605,7.3140755,7.5005093,7.2377467,7.3578086,6.3876443,6.621472,7.187062,-9.568431
222,syk,4pv0-prepared,CHEMBL3265013,30,syk/CHEMBL3265013,-10.35,-9.81,0.0,-9.809999,6.9655266,6.8052773,6.2973933,7.251978,7.1969495,6.599984,6.9201407,6.5166636,6.212128,7.01285,-9.210101
223,syk,4pv0-prepared,CHEMBL3259820,29,syk/CHEMBL3259820,-10.32,-10.57,0.0,-10.569998,6.466505,6.340778,6.751406,7.476752,7.006168,7.0170994,7.005882,6.527955,6.4535356,6.76049,-9.213863
224,syk,4pv0-prepared,CHEMBL3265001,40,syk/CHEMBL3265001,-12.81,-12.03,0.0,-12.029999,7.8591065,7.701976,7.6837306,7.172976,7.159531,7.699273,7.352746,7.080548,6.849146,7.037182,-10.000586
225,syk,4pv0-prepared,CHEMBL3265006,30,syk/CHEMBL3265006,-10.06,-9.96,0.0,-9.959999,6.8343077,6.410237,6.8614664,7.4548373,6.4443455,6.68952,7.113471,6.0402746,6.4703956,6.4971952,-9.0792675
226,syk,4pv0-prepared,CHEMBL3265030_n,31,syk/CHEMBL3265030_n,-11.28,-11.47,0.0,-11.469999,7.684361,7.346902,7.1175466,6.8806176,6.6704593,6.9279413,7.4099755,6.70552,6.9702764,6.6793013,-9.565306
227,syk,4pv0-prepared,CHEMBL3265022,30,syk/CHEMBL3265022,-10.29,-10.79,2.0,-10.789999,7.1446958,7.1039753,6.9437723,7.5180526,6.945114,7.017145,7.6289496,6.722682,6.8165507,6.781697,-9.596523
228,syk,4pv0-prepared,CHEMBL3265019,29,syk/CHEMBL3265019,-11.54,-10.78,0.0,-10.779999,6.833963,6.3126817,7.0257144,7.2899227,7.130209,7.450654,7.4521246,6.9734964,6.9980893,6.8368754,-9.553188
229,syk,4pv0-prepared,CHEMBL3265004,40,syk/CHEMBL3265004,-12.83,-10.86,1.0,-10.859999,7.2996044,7.076034,7.644791,7.305483,6.910227,7.3829026,7.889661,6.470233,6.8139153,6.9366827,-9.746933
230,syk,4pv0-prepared,CHEMBL3265009,30,syk/CHEMBL3265009,-10.82,-10.3,1.0,-10.299999,6.7559967,6.6950464,6.7749014,7.3287225,7.0828032,6.7604647,6.970009,6.358786,6.995337,6.6316123,-9.288207
231,syk,4pv0-prepared,CHEMBL3265021,29,syk/CHEMBL3265021,-10.48,-10.89,0.0,-10.889999,6.9404616,6.7910695,6.875613,7.6006737,6.998501,7.506578,7.4935317,6.942277,7.050247,6.9167333,-9.66352
232,syk,4pv0-prepared,CHEMBL3265011,30,syk/CHEMBL3265011,-6.76,-8.64,0.0,-8.639999,6.9076633,6.8266053,6.9297256,7.5671325,7.138606,6.883895,6.649036,6.1549635,7.0266376,6.963978,-9.382588
233,syk,4pv0-prepared,CHEMBL3265005,29,syk/CHEMBL3265005,-10.43,-10.33,3.0,-10.33,6.4752183,5.9794245,6.7032776,7.1685424,6.2398577,7.133951,7.0187216,6.0653496,6.386544,6.212954,-8.884652
234,syk,4pv0-prepared,CHEMBL3265017,29,syk/CHEMBL3265017,-10.59,-11.49,0.0,-11.49,7.054241,6.7972875,6.99865,7.6312146,6.7730384,7.575396,7.441316,6.5939326,7.0229745,6.90908,-9.6202345
235,syk,4pv0-prepared,CHEMBL3265000,42,syk/CHEMBL3265000,-12.9,-11.81,0.0,-11.809999,7.602757,7.0306487,7.9964466,6.8109975,7.234257,6.985423,7.596455,6.940917,7.0768456,6.9483237,-9.813998
236,syk,4pv0-prepared,CHEMBL3265010,31,syk/CHEMBL3265010,-10.54,-10.14,0.0,-10.139999,6.424487,5.992605,6.4128246,6.868132,6.496573,6.7869563,6.734739,6.5040627,6.2837806,6.051656,-8.772137
237,tnks2,4ui5-prepared,3a,21,tnks2/3a,-12.41,-11.0,2.0,-11.0,7.49375,7.012733,7.708498,7.1789865,7.315451,6.7780805,7.4564157,7.606712,7.3120985,7.130979,-9.9187155
238,tnks2,4ui5-prepared,5f,22,tnks2/5f,-11.45,-10.26,0.0,-10.26,7.002946,7.192757,7.5901146,7.209223,7.3656535,7.0728545,7.1710258,7.3014426,7.285767,6.831482,-9.786847
239,tnks2,4ui5-prepared,8e,26,tnks2/8e,-8.08,-10.24,0.0,-10.24,7.898721,7.078816,7.5842457,7.798505,7.265199,7.959891,7.803288,7.522848,7.417713,7.621896,-10.320581
240,tnks2,4ui5-prepared,5l,23,tnks2/5l,-11.92,-10.09,0.0,-10.09,6.7797136,7.238283,8.1475935,7.3964477,7.2467914,7.2921066,6.8776884,7.35217,7.126523,7.274848,-9.883177
241,tnks2,4ui5-prepared,8b,26,tnks2/8b,-10.05,-11.93,0.0,-11.93,7.052792,7.0084314,7.1127234,6.9167876,7.026376,8.008529,7.528104,7.304605,6.8521028,6.907789,-9.7453985
242,tnks2,4ui5-prepared,5g,22,tnks2/5g,-11.9,-10.81,0.0,-10.810001,7.2313447,7.001474,7.1673517,6.9560065,7.358158,6.93851,7.1145926,7.053427,6.9478426,7.041764,-9.622047
243,tnks2,4ui5-prepared,1b,19,tnks2/1b,-9.58,-9.94,0.0,-9.939999,7.5416183,6.954826,7.616857,7.174971,7.0594435,7.024905,7.305984,7.4492865,7.3240676,7.163773,-9.867355
244,tnks2,4ui5-prepared,5e,22,tnks2/5e,-10.93,-10.11,0.0,-10.109999,6.4784884,6.6143613,6.937692,6.8914104,6.8822026,6.8868656,6.5424924,7.115398,7.048586,6.159994,-9.180018
245,tnks2,4ui5-prepared,5i,22,tnks2/5i,-13.17,-12.08,1.0,-12.08,6.707435,6.920926,6.8928633,6.8925304,7.2940106,7.0294337,6.9246187,7.2870097,6.8032722,6.2904973,-9.381821
246,tnks2,4ui5-prepared,8d,25,tnks2/8d,-9.84,-12.49,3.0,-12.489998,7.6795373,7.0591435,7.3336606,7.440522,7.023906,8.124749,7.894588,7.9198694,7.3570223,7.197704,-10.195511
247,tnks2,4ui5-prepared,5b,22,tnks2/5b,-11.97,-10.47,0.0,-10.469999,6.4571834,6.8815484,7.3956485,7.303783,7.055444,7.033284,6.9467316,7.035995,7.1217265,6.560201,-9.483592
248,tnks2,4ui5-prepared,5h,23,tnks2/5h,-10.25,-10.05,3.0,-10.049999,6.3764734,7.0360394,7.0962157,6.8782835,7.370032,6.793277,7.152627,7.105679,6.865659,6.489103,-9.398234
249,tnks2,4ui5-prepared,8c,25,tnks2/8c,-8.0,-10.12,3.0,-10.119999,7.688213,7.0404496,7.304105,8.163449,7.3702903,7.8136215,7.642649,7.7166553,7.927251,7.1391087,-10.300834
250,tnks2,4ui5-prepared,5a,21,tnks2/5a,-11.38,-10.76,2.0,-10.76,6.467757,6.897775,7.3909373,6.7994986,7.1095166,6.3956623,6.6970057,7.0600014,7.0517907,6.1998596,-9.249634
251,tnks2,4ui5-prepared,5k,23,tnks2/5k,-10.87,-10.96,0.0,-10.959999,7.0767574,7.182787,7.7004986,7.080083,7.1865015,7.3751717,6.4803743,7.3245325,7.2578044,7.035921,-9.742978
252,tnks2,4ui5-prepared,7,22,tnks2/7,-9.01,-8.4,0.0,-8.399999,6.333088,6.067654,6.1641717,7.0870047,6.650006,6.4499025,6.4220915,7.011036,6.6398425,6.592251,-8.889164
253,tnks2,4ui5-prepared,5p,26,tnks2/5p,-10.76,-10.5,1.0,-10.5,6.654596,6.974771,6.557944,7.6477017,6.8800735,6.412607,6.4554143,6.877726,7.0360923,6.9760666,-9.3044195
254,tnks2,4ui5-prepared,1a,17,tnks2/1a,-8.09,-8.55,2.0,-8.549999,7.0083823,6.8447886,6.967478,7.0371127,6.7183766,6.99039,7.1572633,6.979124,6.922567,7.018269,-9.463509
255,tnks2,4ui5-prepared,5j,23,tnks2/5j,-11.51,-11.08,0.0,-11.08,6.411641,7.0405307,7.505449,7.400205,6.922812,7.195296,6.889652,7.0855284,7.2107587,6.8412824,-9.580288
256,tnks2,4ui5-prepared,8f,26,tnks2/8f,-9.81,-11.81,0.0,-11.809999,7.580484,7.1623626,7.1135015,7.2335515,6.9893813,8.0374565,7.8214,7.8036633,6.9814935,7.4525933,-10.079354
257,tnks2,4ui5-prepared,3b,22,tnks2/3b,-12.04,-11.52,0.0,-11.52,7.2533855,6.4661374,7.2196245,7.0640526,6.797835,6.7743154,6.9627905,7.4241385,7.3672633,6.9018645,-9.543362
258,tnks2,4ui5-prepared,8a,25,tnks2/8a,-8.46,-10.81,1.0,-10.810001,7.3322415,7.3340907,7.788051,7.599515,7.0963044,7.7750635,7.605384,7.336222,7.4283657,7.4524565,-10.157055
259,tnks2,4ui5-prepared,5o,26,tnks2/5o,-12.67,-12.04,0.0,-12.039999,7.265167,7.4014726,6.8175917,7.7496266,7.7587943,7.2590294,6.9217625,7.5421457,7.495165,7.8352966,-10.061711
260,tnks2,4ui5-prepared,5d,22,tnks2/5d,-10.9,-10.89,0.0,-10.889999,6.695825,7.084705,7.2279444,6.920309,7.103381,6.763818,6.379081,7.1815486,7.008168,6.5012417,-9.357826
261,tnks2,4ui5-prepared,5m,23,tnks2/5m,-12.51,-12.69,0.0,-12.689999,6.714994,6.7304087,6.7649207,6.89671,6.921181,7.364358,6.9788775,7.234612,6.793186,6.4661274,-9.3577385
262,tnks2,4ui5-prepared,5n,25,tnks2/5n,-10.93,-10.71,0.0,-10.710001,6.9317966,7.0475836,7.0388894,7.4251933,6.9484653,6.444061,6.7616577,6.7788215,7.0572433,6.964532,-9.430147
263,tnks2,4ui5-prepared,5c,22,tnks2/5c,-11.82,-9.96,0.0,-9.959999,6.92019,6.941201,7.384599,6.7632594,7.367404,7.1392746,7.1247334,7.542313,7.2601933,7.0620937,-9.716459
