,Target,Ligand,Num_Atoms,graph_id,Exp. dG,Pred. dG,Pred. Error,Rel. dG,Error,Error^2,Group,truth,preds_0,preds_1,preds_2,preds_3,preds_4,preds_5,preds_6,preds_7,preds_8,preds_9,preds
0,Bace,CAT-13f,26,Bace/CAT-13f,-9.09,-10.24,1.2,-1.41,1.15,1.3225,0.0,-9.09,6.7330575,7.006352,6.618699,6.493363,6.80839,6.4308953,6.3721576,7.0184727,6.840536,7.039852,-9.153424
1,Bace,CAT-13d,24,Bace/CAT-13d,-10.47,-10.5,1.05,-1.67,0.03,0.0009,0.0,-10.470001,6.8437676,6.8714123,6.6522374,6.8102145,7.020047,6.6415305,6.4181967,7.077042,7.340559,7.1472673,-9.351882
2,Bace,CAT-4c,28,Bace/CAT-4c,-7.85,-7.52,1.11,1.31,0.33,0.1089,0.0,-7.8499994,5.3149676,5.0751367,5.195445,5.2261405,5.2273364,5.2551646,6.0797,5.514986,5.541179,5.5669265,-7.337354
3,Bace,CAT-13b,23,Bace/CAT-13b,-9.12,-8.92,1.51,-0.09,0.2,0.04,0.0,-9.120001,6.358275,6.6787596,6.372672,6.32278,6.3938217,6.363992,6.1649375,6.392896,6.9480824,6.3911076,-8.749241
4,Bace,CAT-4l,26,Bace/CAT-4l,-9.34,-7.29,1.17,1.54,2.05,4.2025,0.0,-9.34,6.438455,6.3406143,6.0082192,5.71694,6.0164695,6.109437,6.41751,6.0713735,6.205921,6.314312,-8.37582
5,Bace,CAT-13m,27,Bace/CAT-13m,-8.76,-10.11,0.71,-1.28,1.35,1.8225,0.0,-8.76,7.055159,6.481071,6.798854,6.7683773,6.691046,6.5632133,6.9938526,6.5279512,6.8935337,6.7543907,-9.175936
6,Bace,CAT-4k,26,Bace/CAT-4k,-7.85,-7.41,1.11,1.42,0.44,0.1936,0.0,-7.8499994,5.832916,5.5711355,5.07215,5.4381895,5.572387,5.772168,6.1513557,5.913309,5.4098353,5.595869,-7.6542826
7,Bace,CAT-13n,27,Bace/CAT-13n,-8.54,-6.77,0.71,2.06,1.77,3.1329,0.0,-8.540001,6.39649,6.303636,5.9781075,6.0023117,6.087678,6.3253503,6.437931,7.000196,6.641388,6.5351954,-8.656969
8,Bace,CAT-13o,26,Bace/CAT-13o,-8.54,-8.34,0.97,0.49,0.2,0.04,3.0,-8.540001,6.881295,6.741581,7.413143,6.531896,6.6100235,6.5172253,6.8907247,7.297531,6.5353956,6.8160467,-9.272062
9,Bace,CAT-13a,22,Bace/CAT-13a,-8.84,-8.83,0.0,0.0,0.01,0.0001,0.0,-8.84,6.1739893,6.761779,6.473488,6.490547,6.502914,6.540981,6.4077196,6.1601243,6.571545,6.4844007,-8.773723
10,Bace,CAT-13k,27,Bace/CAT-13k,-9.7,-9.4,1.01,-0.57,0.3,0.09,0.0,-9.699999,6.696228,6.4052424,6.1516685,5.945896,6.455582,6.3628893,6.4529924,6.3018703,6.571346,6.402529,-8.662128
11,Bace,CAT-17a,25,Bace/CAT-17a,-10.73,-11.29,1.19,-2.46,0.56,0.3136,0.0,-10.73,7.017083,6.9508142,6.76993,6.950335,7.2589364,7.059523,7.249759,7.027149,7.4496174,7.365724,-9.661236
12,Bace,CAT-17f,25,Bace/CAT-17f,-9.42,-10.45,1.05,-1.62,1.03,1.0609,2.0,-9.42,6.7101793,6.7943325,6.771876,6.534168,6.857089,6.5992966,6.7182093,6.625163,7.2410874,7.0567417,-9.227666
13,Bace,CAT-13i,25,Bace/CAT-13i,-9.27,-10.43,1.51,-1.6,1.16,1.3456,2.0,-9.27,7.1511884,7.0419908,6.4775963,6.7088947,6.8437743,7.0202394,6.7582483,7.037875,7.610069,6.9933324,-9.463434
14,Bace,CAT-17d,23,Bace/CAT-17d,-9.42,-7.93,1.22,0.9,1.49,2.2201,0.0,-9.42,6.295242,6.1005487,6.2437267,6.176429,6.4783573,5.6340437,6.2461915,5.9775696,6.812578,6.841962,-8.534451
15,Bace,CAT-13c,24,Bace/CAT-13c,-9.32,-9.32,1.2,-0.49,0.0,0.0,0.0,-9.32,6.380427,6.865293,6.409921,6.6678567,6.7813063,6.1805987,6.4049954,6.4402027,7.0174932,6.3733115,-8.903345
16,Bace,CAT-17c,25,Bace/CAT-17c,-9.86,-10.9,1.07,-2.07,1.04,1.0816,2.0,-9.860001,6.507403,6.803189,6.580322,6.9140472,6.703021,7.0834236,6.4662695,7.3137393,7.0093603,6.8695035,-9.274158
17,Bace,CAT-24,26,Bace/CAT-24,-11.35,-12.35,0.99,-3.52,1.0,1.0,0.0,-11.35,7.812737,7.581542,7.4192557,7.3892183,7.6360765,7.115581,7.339727,6.8808737,8.026909,7.5438757,-10.156797
18,Bace,CAT-17i,24,Bace/CAT-17i,-9.47,-9.35,0.92,-0.52,0.12,0.0144,0.0,-9.470001,6.247463,6.287808,6.2851267,6.1269155,6.7311506,6.121952,6.4349756,6.3128924,6.866807,6.2234826,-8.647497
19,Bace,CAT-13g,27,Bace/CAT-13g,-9.09,-10.07,1.12,-1.24,0.98,0.9604,0.0,-9.09,6.7820854,6.585204,6.6573563,6.3949213,6.3547926,6.4986787,6.216641,6.6475115,6.6000805,6.5529604,-8.871933
20,Bace,CAT-4j,26,Bace/CAT-4j,-9.02,-7.94,1.14,0.89,1.08,1.1664,0.0,-9.02,6.050873,6.1029572,5.3062997,5.411446,5.8939013,5.740672,5.9729023,5.9843607,6.137269,6.1702485,-7.9860597
21,Bace,CAT-17b,25,Bace/CAT-17b,-10.02,-10.91,1.18,-2.08,0.89,0.7921,1.0,-10.02,6.5148387,6.6063538,6.395567,6.2534018,6.453631,5.986503,6.5954933,6.1905494,6.5860114,6.2848053,-8.678557
22,Bace,CAT-4p,27,Bace/CAT-4p,-10.08,-9.79,1.24,-0.96,0.29,0.0841,0.0,-10.08,7.087586,6.541532,6.8371983,6.708595,6.5800366,6.3610263,6.644576,7.100053,6.9525666,6.9007487,-9.201274
23,Bace,CAT-17h,24,Bace/CAT-17h,-10.33,-10.38,1.01,-1.55,0.05,0.0025,0.0,-10.33,7.1876936,6.7613974,7.0207276,7.0020957,7.287791,6.523504,6.984078,7.1009154,7.379838,7.3301377,-9.590481
24,Bace,CAT-4b,28,Bace/CAT-4b,-9.63,-10.22,1.17,-1.39,0.59,0.3481,0.0,-9.630001,6.091878,5.734291,5.7953634,5.77934,5.771793,5.748352,5.9274845,5.9170537,5.745538,5.6083417,-7.897532
25,Bace,CAT-17g,24,Bace/CAT-17g,-9.74,-9.09,0.92,-0.26,0.65,0.4225,0.0,-9.74,6.8572526,6.4765944,6.8453636,6.712057,7.069865,6.520772,6.8452525,6.8492565,7.2519135,6.862623,-9.279684
26,Bace,CAT-4d,29,Bace/CAT-4d,-9.11,-10.16,1.13,-1.33,1.05,1.1025,3.0,-9.110001,6.067139,6.0853343,6.1308093,5.820123,5.712661,5.949685,6.204981,5.842409,5.946765,5.8871408,-8.105111
27,Bace,CAT-4m,27,Bace/CAT-4m,-9.15,-8.5,1.01,0.33,0.65,0.4225,0.0,-9.15,6.1408253,6.462649,5.941214,5.9645295,6.16085,6.178283,6.5077157,6.4663386,6.233385,6.321633,-8.476127
28,Bace,CAT-13e,25,Bace/CAT-13e,-9.96,-10.49,1.23,-1.66,0.53,0.2809,0.0,-9.960001,6.75487,7.1262136,6.587746,6.479186,6.728202,6.668848,6.426677,6.939796,6.8342075,7.0880294,-9.190384
29,Bace,CAT-4n,28,Bace/CAT-4n,-9.09,-9.28,1.24,-0.45,0.19,0.0361,0.0,-9.09,6.6109743,6.4509754,6.7164454,6.2180862,6.3021045,6.4236484,6.220916,6.480825,6.657134,6.694457,-8.801997
30,Bace,CAT-4o,27,Bace/CAT-4o,-9.38,-8.67,1.14,0.16,0.71,0.5041,1.0,-9.379999,6.600573,6.5354795,6.389892,6.2535777,6.2590823,6.4173756,6.626435,6.5215325,6.5658865,6.2485065,-8.753456
31,Bace,CAT-4a,26,Bace/CAT-4a,-7.93,-7.96,1.08,0.87,0.03,0.0009,3.0,-7.9300003,5.605874,5.635731,5.319268,5.3064766,5.4404707,5.570237,5.924596,5.814681,5.1079354,5.594134,-7.5170517
32,Bace,CAT-13j,27,Bace/CAT-13j,-8.73,-8.74,1.17,0.09,0.01,0.0001,0.0,-8.73,6.335135,6.3895025,5.9966974,6.1698704,5.9461513,6.132245,6.036184,6.888509,6.2794533,6.1719694,-8.471818
33,Bace,CAT-13h,25,Bace/CAT-13h,-9.63,-9.26,1.3,-0.43,0.37,0.1369,0.0,-9.630001,6.7721515,6.9293466,6.7218337,6.792723,6.629725,6.4194303,6.349537,6.742482,6.881885,6.8696065,-9.119036
34,Bace,CAT-4i,26,Bace/CAT-4i,-8.26,-7.02,0.85,1.81,1.24,1.5376,0.0,-8.260001,6.103956,5.861235,5.687861,5.480335,5.7465806,5.7259955,5.918702,6.0852795,6.0074615,5.953074,-7.9588213
35,Bace,CAT-17e,25,Bace/CAT-17e,-10.02,-10.47,1.05,-1.64,0.45,0.2025,1.0,-10.02,6.934357,6.8134313,6.6023784,6.720115,6.927779,6.3242464,6.5506186,6.40248,6.978416,6.813168,-9.113366
36,CDK2,30,28,CDK2/30,-9.812,-8.81425,0.94,-0.66,0.99775,0.9955050625,1.0,-9.812,6.2270436,5.971861,6.0663395,6.198391,6.2306824,6.2572165,6.535208,6.389723,6.234185,6.036567,-8.444845
37,CDK2,28,29,CDK2/28,-11.112,-10.29425,0.83,-2.14,0.81775,0.6687150625,2.0,-11.112001,6.6854815,6.9196367,6.2676363,7.0366855,6.85496,7.0132165,6.710628,7.045809,6.598744,6.8369846,-9.236042
38,CDK2,1oiy,27,CDK2/1oiy,-9.785,-8.75425,0.48,-0.6,1.03075,1.0624455625,3.0,-9.785,5.726371,6.1240716,5.441631,6.194133,6.1148005,5.6999354,6.4988265,6.161613,5.537618,6.296613,-8.125298
39,CDK2,1oi9,25,CDK2/1oi9,-9.741,-8.65425,0.61,-0.5,1.08675,1.1810255625,0.0,-9.741001,6.062947,6.470165,6.1420994,6.547808,6.6932673,5.561014,6.685857,6.3525615,5.861987,6.6402087,-8.56316
40,CDK2,32,30,CDK2/32,-9.75,-9.45425,0.94,-1.3,0.29575,0.0874680625,0.0,-9.75,6.8483043,6.738328,6.7026825,6.8880186,6.5591707,6.9614077,6.9697814,7.0805354,6.6386046,6.722119,-9.254952
41,CDK2,1oiu,28,CDK2/1oiu,-9.083,-10.80425,0.43,-2.65,1.72125,2.9627015625,3.0,-9.083,6.167631,6.278736,6.652247,6.47522,6.4141207,6.531457,6.41885,6.331919,6.5377817,5.87349,-8.653323
42,CDK2,29,30,CDK2/29,-9.882,-9.11425,0.82,-0.96,0.76775,0.5894400625,0.0,-9.882,6.5143166,6.6115365,6.151217,6.2671986,6.8592787,6.808651,6.7260776,6.8549204,6.468852,7.422627,-9.061416
43,CDK2,1h1r,25,CDK2/1h1r,-7.669,-8.84425,0.53,-0.69,1.17525,1.3812125625,0.0,-7.6690006,5.855435,6.050001,5.929785,5.594633,5.904402,5.19601,6.0309772,5.585026,5.8503942,5.9009814,-7.867394
44,CDK2,21,26,CDK2/21,-7.828,-8.46425,0.47,-0.31,0.63625,0.4048140625,1.0,-7.828,6.139878,6.217253,5.821586,6.249162,6.1690145,5.346896,5.9536347,6.4953246,5.9340544,5.868783,-8.179649
45,CDK2,26,26,CDK2/26,-8.431,-8.79425,0.48,-0.64,0.36325,0.1319505625,2.0,-8.431001,6.5296,6.368149,6.2545176,6.5150385,6.4668818,5.8581305,6.258624,6.6412516,6.1134243,6.5427365,-8.635238
46,CDK2,1h1s,28,CDK2/1h1s,-11.246,-9.77425,0.84,-1.62,1.47175,2.1660480625,0.0,-11.246,6.9681897,6.8195443,6.6675596,6.8615556,6.6315656,6.717653,7.2214055,6.975193,6.553968,6.4114213,-9.216783
47,CDK2,31,27,CDK2/31,-9.539,-9.01425,0.83,-0.86,0.52475,0.2753625625,3.0,-9.539,6.0693936,5.6970205,6.034167,6.010308,6.2405996,5.91077,6.1686163,6.785942,5.7551994,6.507343,-8.313329
48,CDK2,20,26,CDK2/20,-8.718,-8.69425,0.43,-0.54,0.02375,0.0005640625,0.0,-8.718,5.7575274,5.3548675,5.9838753,5.917569,6.1150255,5.8207235,5.6296678,5.533424,5.90982,5.078457,-7.7591367
49,CDK2,22,26,CDK2/22,-7.862,-8.98425,0.57,-0.83,1.12225,1.2594450625,2.0,-7.8620005,5.735524,6.107402,6.2157736,6.4389243,5.832076,5.3901095,6.350997,5.7244105,6.3892417,6.114128,-8.193645
50,CDK2,17,25,CDK2/17,-7.041,-9.06425,0.4,-0.91,2.02325,4.0935405625,1.0,-7.0410004,6.1082044,5.9476085,6.0837274,5.3364334,5.5896897,5.1776285,6.0541687,5.6360126,6.224465,6.170773,-7.925969
51,CDK2,1h1q,24,CDK2/1h1q,-8.179,-8.15425,0.0,0.0,0.02475,0.0006125625,0.0,-8.179,5.9084473,5.9633346,5.8264947,6.177409,6.31124,5.7701163,5.947748,5.9892836,6.1976748,5.986816,-8.163748
52,Jnk1,18629-1,23,Jnk1/18629-1,-8.67,-7.5,0.02,0.68,1.17,1.3689,1.0,-8.67,7.0093517,7.0611944,6.938976,7.05969,6.850643,7.2909946,6.7080317,7.229055,7.5810657,6.657951,-9.564497
53,Jnk1,18634-1,26,Jnk1/18634-1,-9.99,-10.77,0.45,-2.59,0.78,0.6084,1.0,-9.99,6.050875,6.376608,6.062106,5.868862,6.44782,6.7398214,6.7901783,6.318992,6.6675315,6.9623322,-8.735353
54,Jnk1,18628-1,23,Jnk1/18628-1,-8.7,-7.37,0.45,0.81,1.33,1.7689,0.0,-8.7,6.7996297,6.164864,6.63765,6.9074335,6.9181566,7.0837493,6.837463,6.9329376,7.303476,6.37935,-9.235352
55,Jnk1,18660-1,30,Jnk1/18660-1,-8.7,-10.75,0.38,-2.57,2.05,4.2025,2.0,-8.7,6.125595,7.1742616,6.9267063,6.757632,6.512922,7.023441,6.982759,6.9816017,6.5550947,6.7989793,-9.218268
56,Jnk1,18624-1,22,Jnk1/18624-1,-8.49,-7.45,0.3,0.73,1.04,1.0816,0.0,-8.489999,6.3396325,6.058559,6.4231844,6.1932654,6.3984923,6.674241,6.6241817,6.9242764,7.093783,6.3950806,-8.849438
57,Jnk1,18633-1,24,Jnk1/18633-1,-9.17,-8.23,0.3,-0.05,0.94,0.8836,3.0,-9.17,6.1793137,6.0443225,5.924782,6.422177,6.4799013,6.6897573,6.4590406,6.6428375,6.7970943,6.5995135,-8.729051
58,Jnk1,18635-1,24,Jnk1/18635-1,-7.29,-7.45,0.35,0.73,0.16,0.0256,0.0,-7.290001,6.8925138,6.5680656,6.951938,6.583713,7.1944137,7.3514147,6.9228168,6.955443,7.3265276,6.6128054,-9.424903
59,Jnk1,17124-1,27,Jnk1/17124-1,-9.68,-11.42,0.64,-3.24,1.74,3.0276,0.0,-9.68,6.7243953,6.7651386,6.9072204,6.4266143,6.6957803,7.2232056,7.238393,6.95834,6.8470364,7.2714953,-9.383862
60,Jnk1,18625-1,23,Jnk1/18625-1,-8.11,-6.53,0.3,1.65,1.58,2.4964,2.0,-8.110001,5.904936,6.240626,6.5970087,6.6589794,6.330146,6.744568,6.212742,7.053596,7.567107,6.8378906,-8.988435
61,Jnk1,18659-1,28,Jnk1/18659-1,-9.47,-10.48,0.44,-2.3,1.01,1.0201,0.0,-9.470001,5.7222667,6.4506016,6.19627,6.259251,6.073899,7.002375,6.6476088,6.022736,6.710049,6.6862493,-8.665533
62,Jnk1,18637-1,30,Jnk1/18637-1,-10.14,-11.49,0.6,-3.31,1.35,1.8225,0.0,-10.139999,6.289425,6.514987,6.7121954,6.088986,6.766058,7.5218377,6.990118,6.7092395,7.0736885,6.970882,-9.190878
63,Jnk1,18638-1,30,Jnk1/18638-1,-10.09,-10.98,0.55,-2.8,0.89,0.7921,1.0,-10.09,6.0606446,6.7109575,6.664746,6.0060105,6.368255,7.271022,6.837713,6.6581798,7.1909237,6.9204483,-9.061989
64,Jnk1,18652-1,31,Jnk1/18652-1,-10.68,-11.65,0.53,-3.47,0.97,0.9409,0.0,-10.68,6.413968,6.889109,6.913234,6.0339255,7.0417333,7.27042,6.837756,7.10031,7.530919,6.9305954,-9.370865
65,Jnk1,18627-1,23,Jnk1/18627-1,-8.48,-7.91,0.02,0.27,0.57,0.3249,0.0,-8.4800005,6.607329,6.9066215,6.547944,6.7927756,6.736669,6.8086495,6.5124006,6.848662,7.1688766,6.734556,-9.194557
66,Jnk1,18658-1,27,Jnk1/18658-1,-9.7,-10.11,0.44,-1.93,0.41,0.1681,0.0,-9.699999,5.9043627,6.616725,6.6176844,6.1817217,6.2327094,6.7634,6.7027516,6.259679,6.6176634,6.6932526,-8.776774
67,Jnk1,18630-1,23,Jnk1/18630-1,-9.14,-7.64,0.02,0.54,1.5,2.25,3.0,-9.140001,6.35317,6.8445406,6.724537,6.542953,6.217711,7.275213,6.514705,6.9986224,7.3698606,6.208956,-9.111094
68,Jnk1,18639-1,29,Jnk1/18639-1,-9.74,-10.82,0.62,-2.64,1.08,1.1664,0.0,-9.74,6.6063647,6.7286873,6.5755286,6.73335,6.439948,7.181526,6.975535,7.032921,6.7839236,7.3636746,-9.297418
69,Jnk1,18631-1,24,Jnk1/18631-1,-9.41,-10.02,0.53,-1.84,0.61,0.3721,2.0,-9.41,6.1633954,6.3152614,6.091941,5.892628,6.45346,6.708669,6.595568,6.712765,6.8604617,7.068829,-8.813876
70,Jnk1,18632-1,24,Jnk1/18632-1,-9.08,-7.99,0.31,0.19,1.09,1.1881,3.0,-9.08,6.2873387,6.1675315,6.1436186,6.2493186,5.9510527,6.9387145,6.6245136,6.929819,6.978017,6.549162,-8.80791
71,Jnk1,18636-1,24,Jnk1/18636-1,-7.51,-6.31,0.42,1.87,1.2,1.44,0.0,-7.51,6.447656,6.7830176,6.665846,6.9123588,6.709807,6.897162,6.3404584,6.9213796,6.951326,6.6948724,-9.148274
72,Jnk1,18626-1,23,Jnk1/18626-1,-8.87,-8.18,0.0,0.0,0.69,0.4761,0.0,-8.87,6.6632285,6.4961157,6.813299,6.956181,6.363064,6.9354544,6.5398536,7.0394735,7.275975,6.5611696,-9.191748
73,MCL1,26,26,MCL1/26,-8.24,-8.31,0.8,-2.5,0.07,0.0049,0.0,-8.24,5.4520087,5.2222576,5.168259,5.3989043,5.586862,5.470878,4.9398875,5.6148157,5.3365726,5.3323607,-7.272921
74,MCL1,48,25,MCL1/48,-6.66,-3.88,1.06,1.93,2.78,7.7284,0.0,-6.66,5.229222,5.2985725,5.4730163,5.491392,5.6943555,5.352152,5.257668,5.2224054,5.9647074,5.5425572,-7.409246
75,MCL1,33,23,MCL1/33,-6.88,-6.82,0.8,-1.01,0.06,0.0036,0.0,-6.880001,5.5534353,5.7333984,5.9193544,5.6147118,5.186081,5.6153913,5.3872657,5.3243933,5.5247116,5.844464,-7.5692034
76,MCL1,46,25,MCL1/46,-7.6,-6.72,1.11,-0.91,0.88,0.7744,0.0,-7.6000004,6.23221,5.6733317,6.305227,5.931569,5.2488365,6.238385,6.3542633,5.587131,5.3348837,5.434574,-7.927559
77,MCL1,35,24,MCL1/35,-8.81,-7.36,1.14,-1.55,1.45,2.1025,2.0,-8.81,6.3138785,6.3494334,6.2552447,5.866592,4.994083,6.0043907,5.754871,5.7223353,5.8688817,5.34405,-7.9456797
78,MCL1,31,26,MCL1/31,-7.92,-6.79,1.66,-0.98,1.13,1.2769,0.0,-7.92,6.1895084,5.7581515,5.4284596,5.3404393,5.528104,5.211675,5.5875244,5.6177835,4.9142494,5.39612,-7.469846
79,MCL1,52,25,MCL1/52,-9.23,-9.53,1.65,-3.72,0.3,0.09,0.0,-9.23,5.8609786,6.8823123,6.2513986,5.7040086,5.7139764,5.695471,6.1966004,5.4297776,6.4607906,6.5461297,-8.253823
80,MCL1,68,27,MCL1/68,-7.69,-6.16,0.87,-0.35,1.53,2.3409,0.0,-7.6900005,5.6595774,6.4727383,5.906363,6.347136,6.7902055,6.501592,6.2462687,6.9539547,6.339583,6.2587023,-8.6254225
81,MCL1,32,23,MCL1/32,-6.58,-6.09,1.57,-0.28,0.49,0.2401,3.0,-6.58,5.1742997,5.172882,5.4846845,5.202174,4.600126,4.7826443,5.3903093,4.648235,4.7420883,5.0309057,-6.825255
82,MCL1,38,28,MCL1/38,-7.02,-7.61,1.35,-1.8,0.59,0.3481,0.0,-7.0199995,4.978183,5.584824,5.438982,5.669868,5.332662,5.316973,5.2760806,4.974707,5.376852,5.486982,-7.2611413
83,MCL1,51,27,MCL1/51,-8.45,-7.35,1.06,-1.54,1.1,1.21,0.0,-8.45,6.1161017,6.8433795,6.0115356,6.543383,6.298977,6.5517435,6.0967298,7.0822763,6.5743937,6.57144,-8.790364
84,MCL1,50,26,MCL1/50,-9.33,-8.81,1.5,-3.0,0.52,0.2704,0.0,-9.33,6.2772617,7.0317807,6.4258847,6.793003,6.578067,6.5268664,5.98502,5.9822183,6.8111243,6.6087465,-8.835208
85,MCL1,28,23,MCL1/28,-6.62,-5.94,1.23,-0.13,0.68,0.4624,0.0,-6.62,5.134985,5.223213,5.575093,5.2276287,5.476318,5.1014705,4.947312,5.1425653,5.6585875,5.633288,-7.2182493
86,MCL1,66,27,MCL1/66,-8.43,-8.97,0.68,-3.16,0.54,0.2916,2.0,-8.43,5.854266,5.851251,5.8876033,5.610404,5.749607,5.89068,5.8679132,6.1310244,5.9675183,5.6635756,-7.9456897
87,MCL1,39,28,MCL1/39,-7.03,-7.36,1.38,-1.55,0.33,0.1089,0.0,-7.0299997,6.1100864,5.606469,5.566411,5.642476,5.855575,6.0293007,5.6901464,5.352883,5.4899273,5.4405737,-7.716047
88,MCL1,37,25,MCL1/37,-8.95,-9.22,1.52,-3.41,0.27,0.0729,0.0,-8.950001,5.623345,5.608638,6.1605515,5.958531,6.2808657,6.474781,5.4578724,5.9072585,6.841902,6.412605,-8.251771
89,MCL1,30,23,MCL1/30,-7.85,-5.88,1.22,-0.07,1.97,3.8809,0.0,-7.8499994,5.368193,5.123129,5.6090636,5.638703,6.153154,5.5769525,5.5319233,5.1843133,5.9221497,5.396051,-7.542085
90,MCL1,54,27,MCL1/54,-9.78,-9.94,0.79,-4.13,0.16,0.0256,0.0,-9.780001,5.502005,5.365707,5.8496723,6.3963175,5.7338896,5.854357,5.176697,5.742456,5.971378,5.606589,-7.772468
91,MCL1,44,27,MCL1/44,-8.67,-9.37,0.71,-3.56,0.7,0.49,0.0,-8.67,6.360428,6.173739,6.1052957,5.8450303,5.520557,5.8837543,5.8206563,5.9442344,6.223367,5.8566976,-8.116893
92,MCL1,23,26,MCL1/23,-8.83,-8.11,0.6,-2.3,0.72,0.5184,1.0,-8.83,5.354766,5.276437,5.88632,5.484023,5.612869,5.689109,5.677277,6.0328226,5.4258122,5.1929474,-7.55958
93,MCL1,29,26,MCL1/29,-6.94,-6.29,1.25,-0.48,0.65,0.4225,0.0,-6.9399996,5.594326,5.3940063,5.8647146,5.6632442,6.1076045,5.2241836,5.691828,5.351811,5.6789074,5.7540197,-7.6536474
94,MCL1,40,29,MCL1/40,-7.25,-8.21,1.73,-2.4,0.96,0.9216,0.0,-7.249999,5.5585313,5.295542,5.6061487,5.8931317,5.6252046,5.8010097,5.2546525,5.559786,6.162781,6.0090623,-7.7136
95,MCL1,62,27,MCL1/62,-7.96,-7.26,1.06,-1.45,0.7,0.49,0.0,-7.96,6.48865,6.18008,5.739803,6.342003,6.456255,6.166953,6.1848283,6.929991,6.551714,6.0778847,-8.576781
96,MCL1,61,26,MCL1/61,-8.08,-9.23,1.65,-3.42,1.15,1.3225,0.0,-8.079999,7.044292,6.501566,6.7072725,6.772923,6.103482,6.4606476,6.3767133,6.917406,6.7951,6.917711,-9.049517
97,MCL1,49,25,MCL1/49,-8.36,-8.1,1.35,-2.29,0.26,0.0676,0.0,-8.36,6.1728826,6.946937,6.2106357,6.375036,6.163903,6.1777096,6.050975,6.3165174,6.2702646,6.2290335,-8.549025
98,MCL1,64,27,MCL1/64,-9.5,-8.89,1.15,-3.08,0.61,0.3721,1.0,-9.5,5.953025,6.058717,6.103293,6.4120574,6.075752,6.3924437,5.8530746,6.6941457,5.891366,5.853278,-8.327975
99,MCL1,41,29,MCL1/41,-7.13,-8.01,1.64,-2.2,0.88,0.7744,1.0,-7.13,5.551847,5.246919,5.809838,5.7096972,5.626855,6.0828886,5.700589,5.3232408,5.3156934,5.782272,-7.6298943
100,MCL1,65,26,MCL1/65,-8.41,-10.24,1.65,-4.43,1.83,3.3489,0.0,-8.41,6.3320484,5.954184,6.319574,6.7536335,5.8186073,6.605326,6.1651006,6.680379,6.1924543,6.3226004,-8.58028
101,MCL1,58,27,MCL1/58,-9.41,-11.63,1.68,-5.82,2.22,4.9284,0.0,-9.41,6.4188232,6.9961967,7.040821,7.0412097,7.0373745,6.9418044,6.8669295,6.752758,7.4323497,6.6281567,-9.397286
102,MCL1,63,26,MCL1/63,-9.06,-10.29,1.62,-4.48,1.23,1.5129,2.0,-9.060001,6.449587,6.3996553,6.2586637,6.650581,6.3284802,6.945964,6.6428437,6.5964065,6.302377,6.2931314,-8.814515
103,MCL1,27,22,MCL1/27,-6.12,-5.81,0.0,0.0,0.31,0.0961,3.0,-6.12,5.070186,5.0599394,5.6055436,4.754186,4.554314,4.6495657,4.9365644,4.540046,4.8271594,5.0381904,-6.663192
104,MCL1,47,26,MCL1/47,-5.78,-6.16,1.47,-0.35,0.38,0.1444,0.0,-5.7799997,5.2204885,5.503062,5.4170656,5.3318925,5.544482,6.1226044,4.527308,5.02427,5.846634,5.4460974,-7.3355775
105,MCL1,57,27,MCL1/57,-9.04,-8.9,0.87,-3.09,0.14,0.0196,0.0,-9.040001,6.038421,6.068714,5.6445894,5.535524,6.34319,5.70064,5.8027673,5.716068,5.8894224,6.06946,-7.9912057
106,MCL1,56,26,MCL1/56,-9.26,-10.41,1.23,-4.6,1.15,1.3225,0.0,-9.26,6.4328055,6.141854,5.8127584,6.397624,6.703174,5.875995,5.7630887,5.728952,6.3969474,6.1507072,-8.343841
107,MCL1,53,26,MCL1/53,-9.96,-11.24,1.61,-5.43,1.28,1.6384,0.0,-9.960001,6.116864,6.4057245,6.5041075,5.8261275,6.3437257,6.679735,5.684817,5.865696,5.9158607,5.9335027,-8.326482
108,MCL1,36,25,MCL1/36,-8.18,-7.91,1.22,-2.1,0.27,0.0729,0.0,-8.180001,6.3545117,5.8129916,5.992354,6.353545,5.495477,6.4264083,6.1213913,5.610247,6.537023,6.002025,-8.249002
109,MCL1,60,25,MCL1/60,-8.92,-9.43,1.3,-3.62,0.51,0.2601,0.0,-8.92,5.958806,5.6539497,6.376057,6.360026,5.61817,6.1928115,5.660505,6.928555,6.512701,5.9136586,-8.312769
110,MCL1,45,26,MCL1/45,-8.95,-8.49,0.6,-2.68,0.46,0.2116,0.0,-8.950001,6.220932,5.8021016,6.311587,6.5006347,6.392898,6.553595,6.2091155,6.1222987,5.951478,5.906413,-8.420907
111,MCL1,42,26,MCL1/42,-8.9,-7.93,0.75,-2.12,0.97,0.9409,0.0,-8.899999,5.1253924,5.3878274,5.957618,6.027206,5.8532586,5.895651,5.2009687,5.3886,5.802576,5.6720304,-7.651811
112,MCL1,67,25,MCL1/67,-7.58,-9.54,1.25,-3.73,1.96,3.8416,3.0,-7.58,6.494601,5.715633,6.2053704,6.0150576,6.205617,6.056074,6.1012254,6.1606164,6.3726873,6.1793957,-8.357752
113,MCL1,34,26,MCL1/34,-6.87,-7.38,1.44,-1.57,0.51,0.2601,0.0,-6.870001,5.7997985,5.430383,5.160355,5.1276336,5.07748,5.5045185,5.0236225,5.4981675,5.1790867,5.8126473,-7.2852716
114,MCL1,43,26,MCL1/43,-7.03,-7.72,1.04,-1.91,0.69,0.4761,0.0,-7.0299997,6.439739,6.0685434,5.9604034,5.928401,5.37492,5.8132625,6.2110004,5.652,5.183586,5.269155,-7.8678513
115,p38,p38a_2n,31,p38/p38a_2n,-11.85,-11.0,1.2,-2.48,0.85,0.7225,0.0,-11.85,8.073403,7.8550406,7.0924497,8.292753,7.9319234,7.7065935,7.86509,7.3377595,7.8652453,7.6467743,-10.553747
116,p38,p38a_3flz,26,p38/p38a_3flz,-9.49,-9.95,1.02,-1.43,0.46,0.2116,0.0,-9.49,7.4071293,7.4504347,7.474114,7.433845,7.0026183,6.8902636,7.498896,7.262514,7.114768,7.1634555,-9.878538
117,p38,p38a_2h,27,p38/p38a_2h,-9.48,-10.45,1.18,-1.93,0.97,0.9409,0.0,-9.48,7.7126017,7.8842425,7.9036965,6.942158,7.0722947,7.120279,8.026572,7.226402,7.3930383,7.6902204,-10.187468
118,p38,p38a_2s,32,p38/p38a_2s,-11.11,-10.35,1.15,-1.83,0.76,0.5776,0.0,-11.110001,8.343048,8.056692,7.374326,8.41673,8.027748,7.5748506,8.034456,7.515851,8.222836,8.212271,-10.840706
119,p38,p38a_2bb,28,p38/p38a_2bb,-9.06,-8.52,1.29,0.0,0.54,0.2916,0.0,-9.060001,7.3971653,7.6733356,7.60219,7.4960394,6.991097,6.8009696,7.4955654,7.656369,7.863249,7.5956755,-10.133133
120,p38,p38a_2q,35,p38/p38a_2q,-12.26,-12.62,0.99,-4.1,0.36,0.1296,0.0,-12.26,8.12312,7.7008305,7.6360726,7.514177,7.5551157,7.4722457,7.651045,7.2260194,7.8176928,8.21687,-10.451313
121,p38,p38a_2z,27,p38/p38a_2z,-10.36,-11.37,1.5,-2.85,1.01,1.0201,0.0,-10.360001,7.4861093,7.471995,7.6408143,7.3698378,7.1613345,7.4643807,7.823744,7.847856,7.512573,7.2926655,-10.20103
122,p38,p38a_3fmh,30,p38/p38a_3fmh,-10.83,-11.31,0.24,-2.79,0.48,0.2304,0.0,-10.83,7.780966,8.526129,7.671358,6.7192035,7.070101,6.9327073,8.0186405,7.8812494,8.172097,7.0915856,-10.308748
123,p38,p38a_2f,27,p38/p38a_2f,-8.48,-9.25,1.19,-0.73,0.77,0.5929,2.0,-8.4800005,8.117297,7.88435,7.5090094,7.2662764,7.1843753,7.22516,7.716574,7.4588966,7.540864,7.25692,-10.213044
124,p38,p38a_2v,23,p38/p38a_2v,-8.97,-8.52,0.0,0.0,0.45,0.2025,0.0,-8.97,7.416035,7.488989,6.858303,6.735142,6.9970703,7.012655,7.3256063,6.909794,7.1333737,7.3115745,-9.67342
125,p38,p38a_3fln,28,p38/p38a_3fln,-10.88,-9.85,0.93,-1.33,1.03,1.0609,0.0,-10.880001,8.220162,7.9982452,7.2700562,7.273191,7.4059772,7.7397428,7.943396,7.6544185,8.140563,8.026006,-10.55439
126,p38,p38a_2t,30,p38/p38a_2t,-11.85,-10.34,1.26,-1.82,1.51,2.2801,0.0,-11.85,8.083011,8.59458,6.836155,7.7957983,8.102423,7.0442185,7.6511283,7.182666,8.197879,7.207954,-10.421774
127,p38,p38a_2r,32,p38/p38a_2r,-10.79,-12.09,1.28,-3.57,1.3,1.69,2.0,-10.790001,8.349313,8.522217,6.9987884,7.805834,7.8398337,7.6865096,7.5798507,7.0373063,7.7732162,7.547383,-10.482166
128,p38,p38a_3fly,25,p38/p38a_3fly,-11.42,-10.58,0.35,-2.06,0.84,0.7056,0.0,-11.42,7.7233944,7.966933,7.1694484,7.052885,7.5575686,7.576178,7.8127394,7.507618,7.830391,7.241248,-10.250913
129,p38,p38a_2u,37,p38/p38a_2u,-12.26,-13.04,1.05,-4.52,0.78,0.6084,0.0,-12.26,8.314404,8.051876,7.6416025,7.8550563,7.790881,7.906634,8.216152,7.574077,8.051564,8.2732935,-10.8266735
130,p38,p38a_2l,29,p38/p38a_2l,-12.26,-11.87,1.23,-3.35,0.39,0.1521,1.0,-12.26,8.150133,8.373426,7.397255,7.476399,7.520872,7.912395,7.8380976,7.423496,8.136159,7.6753254,-10.585888
131,p38,p38a_2aa,27,p38/p38a_2aa,-9.27,-10.29,1.82,-1.77,1.02,1.0404,0.0,-9.27,7.647077,7.22283,7.3005943,6.9104686,7.3214903,7.0520687,7.970953,7.1260996,7.184327,7.5781183,-9.962242
132,p38,p38a_2gg,30,p38/p38a_2gg,-10.66,-9.81,1.06,-1.29,0.85,0.7225,0.0,-10.66,7.795314,7.3747835,7.4155793,7.137748,7.4017057,7.112759,7.846449,7.3731723,7.1509476,8.019349,-10.140764
133,p38,p38a_2k,27,p38/p38a_2k,-10.55,-10.25,1.1,-1.73,0.3,0.09,0.0,-10.549999,8.098936,7.8569503,7.374068,6.956721,7.16228,7.59624,7.7768106,7.541127,7.789161,7.822274,-10.323768
134,p38,p38a_3flq,29,p38/p38a_3flq,-9.93,-9.69,1.09,-1.17,0.24,0.0576,2.0,-9.93,7.8597407,7.398014,7.5010114,7.848723,7.421137,6.6246595,6.904353,7.907475,7.516595,7.040464,-10.058469
135,p38,p38a_2p,34,p38/p38a_2p,-11.2,-10.09,1.09,-1.57,1.11,1.2321,0.0,-11.200001,8.313941,8.036396,7.229721,7.884898,7.768502,7.467175,7.9415026,7.193605,7.7590027,7.737884,-10.5083065
136,p38,p38a_3fmk,30,p38/p38a_3fmk,-11.83,-13.9,1.29,-5.38,2.07,4.2849,1.0,-11.83,7.5424314,8.005212,7.1797514,7.362123,7.5548935,7.411767,8.324744,7.4853435,7.4938707,7.1075015,-10.254884
137,p38,p38a_2j,28,p38/p38a_2j,-10.08,-9.67,0.93,-1.15,0.41,0.1681,0.0,-10.08,7.8184643,7.8327165,7.402296,7.297402,7.6163588,7.5811234,7.7186933,7.8821874,7.560356,8.01742,-10.426014
138,p38,p38a_2g,27,p38/p38a_2g,-10.66,-10.09,1.1,-1.57,0.57,0.3249,0.0,-10.66,8.278263,7.8781304,7.5350895,7.1372304,7.3121986,6.88906,7.896415,7.5832744,8.093669,7.5962358,-10.354342
139,p38,p38a_2c,26,p38/p38a_2c,-10.46,-11.44,1.1,-2.92,0.98,0.9604,3.0,-10.460001,7.545952,6.9281263,7.476557,6.5165863,7.1725135,7.1397924,7.0189567,6.800816,7.613219,6.855372,-9.657026
140,p38,p38a_2x,27,p38/p38a_2x,-10.23,-9.06,0.34,-0.54,1.17,1.3689,0.0,-10.23,7.6180325,7.7558894,7.132813,6.9906907,7.0842247,7.453921,7.63652,7.339298,7.6159034,7.946025,-10.13336
141,p38,p38a_3flw,29,p38/p38a_3flw,-10.68,-12.1,1.84,-3.58,1.42,2.0164,1.0,-10.68,7.959672,7.341645,7.1283407,7.179983,7.3251987,6.8124437,7.7020645,7.3983064,7.5560393,7.4640045,-10.037477
142,p38,p38a_2e,27,p38/p38a_2e,-10.7,-9.99,1.15,-1.47,0.71,0.5041,3.0,-10.700001,8.121415,7.6507626,7.3558335,7.041336,7.100756,7.2599845,7.8337746,7.466495,7.5689216,7.5915093,-10.190086
143,p38,p38a_2ee,31,p38/p38a_2ee,-12.26,-11.08,1.18,-2.56,1.18,1.3924,0.0,-12.26,7.433455,7.8234177,7.19658,6.453094,6.9428635,7.243828,7.3406243,7.4017763,7.1336827,7.7115626,-9.876207
144,p38,p38a_2y,27,p38/p38a_2y,-9.78,-10.6,1.13,-2.08,0.82,0.6724,0.0,-9.780001,7.772398,7.563161,6.8324566,7.3120375,7.2819724,7.1510935,7.770068,7.5585847,7.9023685,7.544736,-10.149063
145,p38,p38a_2i,27,p38/p38a_2i,-10.05,-10.22,1.18,-1.7,0.17,0.0289,0.0,-10.050001,7.665134,7.8408113,7.829304,7.3334374,7.31803,7.038551,7.6185846,8.048179,7.7588716,7.9150023,-10.376945
146,p38,p38a_2o,33,p38/p38a_2o,-10.49,-9.46,1.32,-0.94,1.03,1.0609,0.0,-10.49,8.063217,8.022518,7.3584623,7.9142747,7.5373287,7.4507055,7.5918007,7.698433,7.8415504,7.9996915,-10.52806
147,p38,p38a_2ff,29,p38/p38a_2ff,-11.44,-10.79,1.19,-2.27,0.65,0.4225,3.0,-11.439999,8.523844,8.181509,7.724508,7.448833,7.597435,8.293618,8.074514,7.702448,7.896565,8.113739,-10.810567
148,p38,p38a_2m,30,p38/p38a_2m,-10.96,-12.96,1.17,-4.44,2.0,4.0,0.0,-10.959999,8.033594,8.000593,7.119498,7.4949207,7.5309887,7.8726187,7.698285,7.509529,8.141749,8.108858,-10.5324955
149,PTP1B,23469,29,PTP1B/23469,-7.72,-7.22,0.78,1.87,0.5,0.25,3.0,-7.7199993,5.963008,6.4207444,5.855168,6.2650843,6.140327,5.8951945,5.6723924,5.938319,5.912969,5.972193,-8.157882
150,PTP1B,23472,31,PTP1B/23472,-8.65,-8.61,0.87,0.48,0.04,0.0,1.0,-8.65,6.01339,6.92049,6.7446017,6.782589,6.6476655,6.3014126,6.2772307,6.146029,6.5294447,6.705543,-8.841788
151,PTP1B,23474,28,PTP1B/23474,-9.11,-9.06,0.91,0.03,0.05,0.0,0.0,-9.110001,7.0929265,6.9100747,6.8958364,6.620306,6.3948603,6.5242076,6.9332147,5.951521,6.8289547,6.8985853,-9.111124
152,PTP1B,23480,31,PTP1B/23480,-8.72,-9.4,1.77,-0.31,0.68,0.47,0.0,-8.72,6.6532807,6.711236,6.5122595,7.452136,7.1642313,7.1574173,7.7809987,6.7435756,7.383097,6.9552765,-9.581695
153,PTP1B,23470,27,PTP1B/23470,-7.72,-8.06,0.89,1.03,0.34,0.12,0.0,-7.7199993,5.7818594,7.0030537,6.5565867,6.56286,6.3725705,5.976259,6.476916,6.539551,6.362324,6.7065153,-8.742605
154,PTP1B,23486,37,PTP1B/23486,-12.47,-10.99,1.75,-1.9,1.48,2.18,3.0,-12.470001,7.6038394,7.4440513,7.9388914,7.7754774,7.327997,7.494272,8.281069,7.0508323,8.166261,7.8257966,-10.450672
155,PTP1B,20669(2qbr),28,PTP1B/20669(2qbr),-8.61,-8.43,0.86,0.66,0.18,0.03,0.0,-8.61,5.90799,6.1065717,5.875807,5.998896,5.9860387,5.976046,6.420215,6.0638576,5.97843,6.237752,-8.228025
156,PTP1B,23482,31,PTP1B/23482,-10.01,-9.8,1.39,-0.71,0.21,0.04,0.0,-10.01,6.501373,6.5991926,7.018403,7.406262,7.3893456,6.7248397,7.1863794,6.8665056,7.274085,7.361351,-9.556451
157,PTP1B,23483,36,PTP1B/23483,-9.87,-10.83,0.9,-1.74,0.96,0.93,1.0,-9.870001,6.945425,6.535409,7.1780844,7.171876,7.053042,6.610601,7.601995,6.7249966,7.2155,7.067609,-9.526121
158,PTP1B,23473,28,PTP1B/23473,-8.39,-8.11,0.92,0.98,0.28,0.08,2.0,-8.39,5.6572075,5.738996,5.605677,5.412369,5.710719,5.779685,5.362184,5.3527718,5.7874465,5.761234,-7.632401
159,PTP1B,20670(2qbs),27,PTP1B/20670(2qbs),-9.08,-9.95,1.06,-0.86,0.87,0.76,0.0,-9.08,6.664662,6.664641,6.243999,7.1440797,6.5927625,6.449781,6.853887,6.5204678,6.969712,6.459136,-9.044898
160,PTP1B,23468,25,PTP1B/23468,-7.75,-7.11,0.77,1.98,0.64,0.4,0.0,-7.750001,6.2286396,6.054599,6.1647043,6.338116,6.2364306,5.5694003,6.2838836,6.066378,6.013496,5.7804375,-8.253094
161,PTP1B,23475,26,PTP1B/23475,-8.72,-8.98,0.97,0.11,0.26,0.07,3.0,-8.72,6.3808084,6.481398,6.1414995,6.5411286,6.2873025,6.005761,6.630898,6.5311093,6.9150023,6.1107903,-8.700102
162,PTP1B,20667(2qbp),37,PTP1B/20667(2qbp),-11.42,-10.62,1.68,-1.53,0.8,0.63,2.0,-11.42,7.796513,7.5091977,7.8098373,7.8161554,7.533158,7.615825,8.170905,7.2291536,8.191567,7.8336124,-10.531856
163,PTP1B,23477,27,PTP1B/23477,-8.85,-9.09,0.0,0.0,0.24,0.06,0.0,-8.85,6.066179,6.2529225,6.1632276,6.8298163,6.428579,6.137744,6.407645,6.8757095,6.7601705,5.950528,-8.679287
164,PTP1B,23471,25,PTP1B/23471,-7.75,-7.99,0.84,1.1,0.24,0.06,1.0,-7.750001,5.6191792,5.960901,6.2042475,6.517684,5.595916,5.9489393,6.2195897,6.291841,6.48907,5.8883967,-8.253051
165,PTP1B,23485,37,PTP1B/23485,-11.01,-9.73,1.83,-0.64,1.28,1.63,0.0,-11.01,7.511346,6.8945217,7.289572,7.1773257,7.2209983,7.424713,7.514772,7.1746416,7.980492,7.3157578,-9.988074
166,PTP1B,23467,22,PTP1B/23467,-7.34,-6.67,0.68,2.42,0.67,0.44,2.0,-7.340001,5.8115816,5.8997054,5.754913,5.584759,5.887265,5.9524493,6.26291,5.8360963,5.997276,5.5524926,-7.9546056
167,PTP1B,23466,21,PTP1B/23466,-7.85,-7.06,0.88,2.03,0.79,0.62,0.0,-7.8499994,5.714454,6.514302,6.143824,6.136379,5.7005897,5.824341,6.5071316,6.084126,6.319558,5.772271,-8.250498
168,PTP1B,23476,28,PTP1B/23476,-9.41,-9.32,0.83,-0.23,0.09,0.01,0.0,-9.41,6.6606393,6.6131988,6.427298,6.533791,6.505322,6.185444,6.3271713,6.4928455,6.4438148,6.1597247,-8.744067
169,PTP1B,23484,36,PTP1B/23484,-7.75,-10.02,1.65,-0.93,2.27,5.17,0.0,-7.750001,7.5786266,6.961746,7.2721367,6.3448343,6.8793993,7.459534,7.614389,6.999311,7.9553723,7.3304276,-9.837465
170,PTP1B,23479,30,PTP1B/23479,-9.14,-9.36,1.21,-0.27,0.22,0.05,0.0,-9.140001,6.324786,6.489637,6.5885487,7.4483056,6.8558593,6.4968796,6.769449,6.437842,6.787225,6.941772,-9.123328
171,PTP1B,23330(2qbq),31,PTP1B/23330(2qbq),-10.13,-10.97,1.0,-1.88,0.84,0.71,0.0,-10.129999,6.8596587,6.5437164,6.0310807,6.564451,6.895384,7.0474963,6.3987617,6.8103337,6.931783,7.0265584,-9.119104
172,Thrombin,1b,27,Thrombin/1b,-8.46,-8.37,0.66,1.15,0.09,0.0081,2.0,-8.46,5.1980605,4.7056985,5.680653,4.934699,4.8845677,5.354079,5.204959,5.473543,5.5517817,4.8475094,-7.0436487
173,Thrombin,1d,27,Thrombin/1d,-8.25,-9.52,0.0,0.0,1.27,1.6129,3.0,-8.25,5.6204066,5.545949,6.2288904,5.1564274,5.5211253,5.8317094,6.033093,6.7172837,5.7673254,5.376058,-7.85389
174,Thrombin,3b,28,Thrombin/3b,-7.86,-7.42,1.37,2.1,0.44,0.1936,2.0,-7.8599997,6.0706825,4.9778876,5.6574135,5.393771,5.413656,4.840536,5.276401,5.7386813,4.996743,5.3817153,-7.3034515
175,Thrombin,1a,27,Thrombin/1a,-7.48,-7.37,1.08,2.15,0.11,0.0121,0.0,-7.4799995,5.467542,4.750733,5.581742,4.976583,4.806895,5.501163,5.3603983,5.6260595,5.1641946,4.7024236,-7.0575347
176,Thrombin,6a,28,Thrombin/6a,-9.18,-8.62,0.57,0.9,0.56,0.3136,2.0,-9.18,6.529889,6.9493294,7.197361,6.695011,6.4673834,6.3598466,6.9884834,6.454607,7.4550595,6.5754585,-9.195637
177,Thrombin,7a,28,Thrombin/7a,-8.22,-8.59,1.04,0.93,0.37,0.1369,1.0,-8.220001,6.5302877,5.405046,6.070167,5.110579,5.5563083,5.3474874,5.456616,5.879142,5.9584827,5.5278716,-7.7239466
178,Thrombin,3a,27,Thrombin/3a,-8.32,-8.35,1.2,1.17,0.03,0.0009,0.0,-8.32,6.048983,4.500443,5.50075,4.91897,5.292539,4.9540653,4.992393,5.51985,5.204316,4.7950244,-7.0289445
179,Thrombin,5,26,Thrombin/5,-7.58,-6.9,1.2,2.62,0.68,0.4624,3.0,-7.58,5.0976005,4.49575,4.8979573,4.617283,4.874573,4.8184514,4.996017,4.8904696,5.360755,4.8124623,-6.639497
180,Thrombin,6b,28,Thrombin/6b,-8.89,-9.0,0.47,0.52,0.11,0.0121,1.0,-8.89,6.198229,6.1777096,7.026001,6.1989436,5.9048333,5.993049,6.264374,6.6794477,6.501766,5.781494,-8.523472
181,Thrombin,6e,28,Thrombin/6e,-8.91,-8.47,0.33,1.05,0.44,0.1936,3.0,-8.909999,6.7352123,6.9060044,6.793091,6.7118797,6.2485023,6.7568955,7.303909,6.9651837,7.338046,6.541146,-9.280896
182,Thrombin,1c,27,Thrombin/1c,-8.56,-9.05,1.12,0.47,0.49,0.2401,1.0,-8.56,5.567068,5.468958,6.0489426,5.1875997,5.451231,5.9879513,5.554741,6.2550726,5.8920007,5.4990244,-7.73354
183,Tyk2,ejm_31,21,Tyk2/ejm_31,-9.54,-9.82,0.0,0.0,0.28,0.0784,1.0,-9.540001,6.7919455,7.655529,6.7276106,5.999845,6.85755,6.709263,6.226152,6.2393804,6.6475115,7.0492334,-9.091221
184,Tyk2,jmc_30,25,Tyk2/jmc_30,-10.94,-10.78,0.3,-0.96,0.16,0.0256,2.0,-10.939999,8.2389965,8.528716,8.219699,7.49537,7.905266,8.29933,7.9267063,8.373474,8.314848,8.079173,-11.058497
185,Tyk2,ejm_50,22,Tyk2/ejm_50,-8.98,-9.52,0.41,0.3,0.54,0.2916,3.0,-8.9800005,6.8109584,6.9874744,6.8455873,6.6805215,6.991984,6.9467916,6.755584,6.441417,7.108273,7.514908,-9.387378
186,Tyk2,ejm_46,23,Tyk2/ejm_46,-11.31,-10.63,0.24,-0.81,0.68,0.4624,0.0,-11.310001,8.405635,8.315199,8.205715,8.375435,7.961899,7.8243,8.320395,8.317508,7.6860957,8.260556,-11.098061
187,Tyk2,ejm_55,22,Tyk2/ejm_55,-9.21,-10.61,0.42,-0.79,1.4,1.96,0.0,-9.210001,7.264064,7.4154377,6.6214986,6.6214004,7.0862765,6.5068355,6.665395,6.371903,7.454139,7.27852,-9.414823
188,Tyk2,ejm_43,23,Tyk2/ejm_43,-8.26,-8.18,0.47,1.64,0.08,0.0064,3.0,-8.260001,7.623465,7.322229,7.3345537,6.9499345,7.165518,6.9845595,6.674328,7.188327,6.787354,7.2223673,-9.68213
189,Tyk2,jmc_28,24,Tyk2/jmc_28,-10.98,-10.3,0.24,-0.48,0.68,0.4624,0.0,-10.98,7.9496207,7.837417,7.6851397,7.859285,7.6811724,8.0347395,7.56896,7.2849345,7.792863,7.8844686,-10.541731
190,Tyk2,ejm_49,26,Tyk2/ejm_49,-7.75,-8.81,0.29,1.01,1.06,1.1236,0.0,-7.750001,7.516886,7.313049,6.517791,7.598536,7.268767,7.119486,7.4507475,7.034272,7.224843,7.535406,-9.862469
191,Tyk2,ejm_45,24,Tyk2/ejm_45,-9.56,-9.62,0.76,0.2,0.06,0.0036,1.0,-9.560001,7.7667656,8.058425,7.6581836,7.201185,7.358258,7.185379,7.317474,6.89484,7.2783875,8.18442,-10.178201
192,Tyk2,ejm_44,24,Tyk2/ejm_44,-7.42,-7.01,0.86,2.81,0.41,0.1681,2.0,-7.42,7.469973,7.546797,7.0633893,7.2187433,7.416632,6.6858616,7.3782897,7.3839235,7.3340707,7.079507,-9.862116
193,Tyk2,jmc_27,24,Tyk2/jmc_27,-11.28,-11.0,0.35,-1.18,0.28,0.0784,0.0,-11.280001,7.890385,7.299325,7.8678246,7.9115224,7.8632708,7.9027886,7.674052,8.173199,7.7297564,8.46408,-10.704468
194,Tyk2,ejm_48,25,Tyk2/ejm_48,-9.0,-8.64,0.72,1.18,0.36,0.1296,3.0,-9.000001,7.838518,7.5135794,7.8101606,7.440737,7.6299295,7.49443,7.487726,7.2034116,7.05481,7.4076715,-10.175165
195,Tyk2,ejm_47,24,Tyk2/ejm_47,-9.7,-9.25,0.76,0.57,0.45,0.2025,0.0,-9.699999,7.8806043,7.459392,8.016739,7.440288,7.610292,7.593549,7.5627017,7.3506384,7.1624274,7.3688498,-10.251873
196,Tyk2,jmc_23,24,Tyk2/jmc_23,-11.7,-11.29,0.34,-1.47,0.41,0.1681,2.0,-11.700001,8.231811,7.7664056,8.379962,8.222657,8.80893,8.306897,8.026884,8.727943,8.1856785,8.517389,-11.3021345
197,Tyk2,ejm_42,22,Tyk2/ejm_42,-9.78,-9.7,0.5,0.12,0.08,0.0064,1.0,-9.780001,7.0381823,6.9482327,6.431917,6.8316693,6.653473,6.8277802,5.9554567,6.5009217,6.7387137,6.8182755,-9.069561
198,Tyk2,ejm_54,23,Tyk2/ejm_54,-10.53,-10.74,0.6,-0.92,0.21,0.0441,0.0,-10.529999,7.0361104,6.665803,6.4262123,6.4348955,7.039284,6.666296,6.181893,6.2374163,6.8028045,7.5439157,-9.108969
