,graph_id,affinity,Group,Target,Target_file,Ligand,Num_Atoms,Pred. ΔG,Exp. ΔG,truth,preds_0,preds_1,preds_2,preds_3,preds_4,preds_5,preds_6,preds_7,preds_8,preds_9,preds
0,cdk8/43,8.735358110871505,0.0,cdk8,5hnb-chainA-prepared,43,29.0,-11.24,-11.87,8.735358,7.682917,7.7715993,8.045143,8.060767,7.756712,7.557305,8.610769,8.178422,7.5437655,8.393298,-10.816502
1,cdk8/17,6.5791155443295075,0.0,cdk8,5hnb-chainA-prepared,17,24.0,-7.76,-8.94,6.5791154,7.446189,7.5671883,7.6473484,7.7911468,7.4681673,7.821981,7.4118,8.204458,7.6079755,7.288417,-10.361829
2,cdk8/28,4.540620012137927,0.0,cdk8,5hnb-chainA-prepared,28,28.0,-9.08,-6.17,4.54062,6.836631,7.5127993,7.2148023,7.517877,6.889185,7.2003255,7.0244846,6.964429,7.2669406,6.9004464,-9.692361
3,cdk8/22,7.521091819132838,0.0,cdk8,5hnb-chainA-prepared,22,28.0,-10.08,-10.22,7.521092,7.518843,7.4548483,7.1633997,7.9472528,7.4296904,7.400464,7.3642507,7.530857,6.827405,7.4638104,-10.069155
4,cdk8/16,6.799891233736538,0.0,cdk8,5hnb-chainA-prepared,16,21.0,-8.46,-9.24,6.7998915,7.560203,7.457358,6.943892,7.0860553,7.2002215,7.572228,7.4576097,7.648623,7.1330004,7.211565,-9.956362
5,cdk8/30,8.558737559345882,0.0,cdk8,5hnb-chainA-prepared,30,30.0,-11.66,-11.63,8.558738,7.6594605,8.102246,8.04921,8.017067,8.180608,7.937156,8.288928,7.9891133,6.999691,7.9606285,-10.759895
6,cdk8/21,7.138413957493984,0.0,cdk8,5hnb-chainA-prepared,21,28.0,-9.64,-9.7,7.138414,6.5079174,7.4583273,7.657999,7.729399,7.5582304,7.4062757,7.5872784,7.528107,7.0408688,6.884397,-9.968326
7,cdk8/24,7.565246957014243,0.0,cdk8,5hnb-chainA-prepared,24,26.0,-7.84,-10.28,7.565247,6.789517,6.92134,7.3850083,7.3911304,7.8200073,7.3023963,7.89495,7.8803296,7.0313096,7.26907,-10.012659
8,cdk8/38,8.33060268029195,2.0,cdk8,5hnb-chainA-prepared,38,31.0,-11.67,-11.32,8.330603,7.5120726,7.9486513,7.917101,8.002057,8.066011,7.720217,8.778752,8.502361,7.4088044,8.1512,-10.871744
9,cdk8/31,8.735358110871505,3.0,cdk8,5hnb-chainA-prepared,31,30.0,-11.95,-11.87,8.735358,7.675144,8.01777,7.7806783,7.9220686,8.071805,8.042771,8.273405,8.113486,7.5097427,7.4559007,-10.71623
10,cdk8/41,8.25701078382294,0.0,cdk8,5hnb-chainA-prepared,41,30.0,-12.53,-11.22,8.25701,6.4304676,6.8616858,7.105471,7.663358,7.4783134,7.787719,7.28131,7.2289567,6.617875,7.018644,-9.712184
11,cdk8/29,6.7704544751489335,0.0,cdk8,5hnb-chainA-prepared,29,29.0,-11.69,-9.2,6.7704544,6.9031034,7.7951283,7.642354,8.017378,6.622361,8.017902,7.4088373,7.343786,6.570114,7.067085,-9.9723
12,cdk8/26,7.4769366812514315,3.0,cdk8,5hnb-chainA-prepared,26,28.0,-8.91,-10.16,7.476937,7.460215,7.6886644,7.8858213,7.7919827,7.5461144,8.013025,7.755988,7.861672,7.274786,7.0751505,-10.375249
13,cdk8/20,7.8301777843026805,0.0,cdk8,5hnb-chainA-prepared,20,30.0,-9.71,-10.64,7.830178,7.7211857,8.287576,7.7624545,7.943606,7.964437,7.693368,7.550491,8.508903,7.6005797,7.1781144,-10.627625
14,cdk8/42,8.433631335348565,0.0,cdk8,5hnb-chainA-prepared,42,28.0,-10.91,-11.46,8.433631,7.642126,7.6101356,7.8677883,7.894518,8.253941,7.6567254,8.242166,8.072922,7.139349,8.13244,-10.66858
15,cdk8/35,8.433631335348565,2.0,cdk8,5hnb-chainA-prepared,35,29.0,-11.37,-11.46,8.433631,7.8666096,8.112578,8.257845,7.7821274,8.134614,8.114995,8.138999,8.081282,7.104407,7.8351007,-10.793112
16,cdk8/44,8.433631335348565,0.0,cdk8,5hnb-chainA-prepared,44,27.0,-11.35,-11.46,8.433631,7.651905,7.2947617,8.015882,7.5517125,7.860358,7.65082,7.8339515,8.334791,7.668246,7.65757,-10.533767
17,cdk8/40,8.19077807700083,0.0,cdk8,5hnb-chainA-prepared,40,30.0,-11.59,-11.13,8.190778,7.0541906,7.6710253,7.8300667,7.933673,7.644197,7.6749067,7.8619103,7.7440014,7.344202,6.982014,-10.29192
18,cdk8/33,8.131904559825623,0.0,cdk8,5hnb-chainA-prepared,33,28.0,-9.92,-11.05,8.131905,7.1105337,8.273077,7.771767,8.704643,7.9360437,7.954956,8.046014,8.062893,7.8226495,7.767988,-10.796103
19,cdk8/27,6.189078493043755,2.0,cdk8,5hnb-chainA-prepared,27,29.0,-11.43,-8.41,6.1890783,6.7166653,7.055242,7.1100974,7.136948,7.265029,7.213698,7.0106554,7.271323,7.1166344,6.4967318,-9.565323
20,cdk8/13,8.25701078382294,0.0,cdk8,5hnb-chainA-prepared,13,26.0,-10.82,-11.22,8.25701,8.380681,7.505523,6.9960413,7.996093,8.084844,7.644369,8.361986,7.705911,7.488984,7.358277,-10.534136
21,cdk8/39,8.433631335348565,0.0,cdk8,5hnb-chainA-prepared,39,30.0,-11.89,-11.46,8.433631,7.2616963,8.155458,7.610012,8.170372,7.365855,7.7962766,7.875418,7.856872,7.2673583,7.4358954,-10.435282
22,cdk8/32,6.983870974909064,0.0,cdk8,5hnb-chainA-prepared,32,25.0,-9.69,-9.49,6.983871,6.4257236,7.144472,7.443124,7.6620264,7.393886,7.3660083,7.746007,7.6749187,6.7433047,7.503339,-9.933541
23,cdk8/37,8.433631335348565,0.0,cdk8,5hnb-chainA-prepared,37,29.0,-12.51,-11.46,8.433631,7.1184363,7.643749,8.171428,8.083602,8.088008,7.765271,7.925358,7.828524,7.4749546,7.7230964,-10.574864
24,cdk8/23,6.59383392362331,3.0,cdk8,5hnb-chainA-prepared,23,29.0,-9.13,-8.96,6.593834,7.077191,7.4928875,7.032874,8.070933,7.3038974,7.452309,7.3175144,7.860563,7.0637984,7.99468,-10.146042
25,cdk8/15,5.622420890232376,0.0,cdk8,5hnb-chainA-prepared,15,24.0,-7.17,-7.64,5.622421,7.2045302,7.0802674,7.1047454,7.46616,7.219224,7.5208597,7.0814486,7.639211,6.951702,6.7882233,-9.791345
26,cdk8/34,8.19077807700083,0.0,cdk8,5hnb-chainA-prepared,34,30.0,-11.5,-11.13,8.190778,7.496862,7.853794,7.530795,7.756731,7.5198684,7.6421685,8.189758,7.6305976,7.325058,7.6314683,-10.4056425
27,cdk8/25,7.167850716081589,0.0,cdk8,5hnb-chainA-prepared,25,27.0,-11.04,-9.74,7.1678505,7.0265026,6.975008,7.1576877,7.4891887,7.7065063,7.5761514,7.603535,7.415085,6.3706346,7.2114353,-9.85594
28,cdk8/14,6.100768217280941,0.0,cdk8,5hnb-chainA-prepared,14,17.0,-7.6,-8.29,6.100768,7.1252694,7.5703135,6.977639,6.6900206,6.571869,7.337149,7.473966,7.7659755,6.965671,6.8143983,-9.687517
29,cdk8/36,8.25701078382294,0.0,cdk8,5hnb-chainA-prepared,36,30.0,-11.72,-11.22,8.25701,7.30606,7.702598,8.002297,8.282364,8.019755,8.253918,7.839057,8.031311,7.3819675,7.5972533,-10.6556
30,cmet/CHEMBL3402753_200,6.726299337267529,3.0,cmet,4r1y_prepared,CHEMBL3402753_200,29.0,-9.88,-9.14,6.7262993,6.375648,6.0192223,7.539402,7.2622123,5.932187,6.655869,6.5035276,6.8482103,7.0993457,6.195179,-9.026917
31,cmet/CHEMBL3402759_5.7,8.279088352763642,2.0,cmet,4r1y_prepared,CHEMBL3402759_5.7,35.0,-11.93,-11.25,8.279088,7.7783756,7.6709375,7.492344,7.312293,7.371888,7.289991,7.6875143,7.254579,7.406519,6.5873685,-10.035318
32,cmet/CHEMBL3402747_3400,5.4899554765881575,0.0,cmet,4r1y_prepared,CHEMBL3402747_3400,28.0,-5.97,-7.46,5.4899554,5.6586657,5.649075,6.241803,5.845603,5.711243,5.5804,5.919568,5.8006616,6.170514,5.507114,-7.892805
33,cmet/CHEMBL3402744_300,6.549678785741904,0.0,cmet,4r1y_prepared,CHEMBL3402744_300,27.0,-7.41,-8.9,6.549679,5.5968385,6.1456647,7.032171,7.596813,6.40305,6.2349653,6.5501704,6.6322823,6.793571,6.085221,-8.842108
34,cmet/CHEMBL3402745_200,6.726299337267529,0.0,cmet,4r1y_prepared,CHEMBL3402745_200,28.0,-8.31,-9.14,6.7262993,6.0829563,5.7151823,6.584792,7.132574,6.73002,6.1500626,6.5841327,6.6248474,6.760124,6.419388,-8.803154
35,cmet/CHEMBL3402761_1,9.037084886394446,0.0,cmet,4r1y_prepared,CHEMBL3402761_1,37.0,-12.22,-12.28,9.037085,7.532875,8.102084,8.27799,7.7344747,6.8657255,7.911543,7.161887,7.7017837,6.8658137,7.8060765,-10.321822
36,cmet/CHEMBL3402750_400,6.424572561744587,0.0,cmet,4r1y_prepared,CHEMBL3402750_400,28.0,-9.19,-8.73,6.4245725,5.5863476,5.700222,7.568911,7.015312,6.438253,6.561192,6.2011933,6.580823,6.5527453,5.614767,-8.672118
37,cmet/CHEMBL3402743_42,7.403344784782422,0.0,cmet,4r1y_prepared,CHEMBL3402743_42,32.0,-9.12,-10.06,7.4033446,6.983082,6.9662046,7.5306387,6.4568167,7.133321,6.7461576,6.8016253,6.880382,7.4354663,6.26196,-9.402618
38,cmet/CHEMBL3402755_4200,5.401645200825345,3.0,cmet,4r1y_prepared,CHEMBL3402755_4200,29.0,-8.36,-7.34,5.401645,5.778521,6.026687,7.3699408,6.4042077,5.7335124,5.842829,6.3982334,6.0058784,6.379008,5.568666,-8.357915
39,cmet/CHEMBL3402758_10,8.028875904769007,0.0,cmet,4r1y_prepared,CHEMBL3402758_10,33.0,-12.24,-10.91,8.028876,7.018104,7.158942,7.56892,7.574251,6.9337263,7.1460915,7.68809,6.607601,7.0989156,6.291094,-9.6594515
40,cmet/CHEMBL3402749_500,6.328903096334873,2.0,cmet,4r1y_prepared,CHEMBL3402749_500,28.0,-7.47,-8.6,6.328903,5.6879086,5.9562025,6.8627815,6.4875393,5.7137184,6.2859898,6.028046,6.1290054,6.426025,5.7270355,-8.330299
41,cmet/CHEMBL3402757_6.5,8.220214835588434,0.0,cmet,4r1y_prepared,CHEMBL3402757_6.5,34.0,-11.8,-11.17,8.220215,7.7821307,7.4259915,7.5607953,7.716356,7.4553323,7.095962,7.401981,7.1460366,7.240789,6.429103,-9.95415
42,cmet/CHEMBL3402762_1,9.037084886394446,0.0,cmet,4r1y_prepared,CHEMBL3402762_1,37.0,-13.45,-12.28,9.037085,7.5938187,7.725356,8.768807,8.161786,6.744433,8.458556,6.6378174,7.9340153,7.3679595,7.089157,-10.39268
43,cmet/CHEMBL3402742_23,7.668275612070858,0.0,cmet,4r1y_prepared,CHEMBL3402742_23,32.0,-10.85,-10.42,7.668276,6.0505624,6.8676815,7.340146,6.9111366,6.573486,6.5447764,6.496744,7.0770316,7.946337,6.335693,-9.25966
44,cmet/CHEMBL3402754_40,7.425422353723125,2.0,cmet,4r1y_prepared,CHEMBL3402754_40,29.0,-9.64,-10.09,7.425422,5.751938,6.221252,7.185283,7.340499,6.473915,6.1743526,6.65105,6.8881097,6.769554,5.594707,-8.839377
45,cmet/CHEMBL3402748_5300,5.2986165457687315,0.0,cmet,4r1y_prepared,CHEMBL3402748_5300,28.0,-6.97,-7.2,5.2986164,5.8596005,5.4189034,6.5973797,6.5646753,5.7874856,6.0751038,5.821778,6.419544,6.4325237,5.592926,-8.230515
46,cmet/CHEMBL3402763_90,7.072181250671876,0.0,cmet,4r1y_prepared,CHEMBL3402763_90,33.0,-10.97,-9.61,7.072181,6.8565893,6.552698,6.7925344,7.107735,6.6765532,7.3510513,6.8777695,6.687422,7.705547,6.6059837,-9.405095
47,cmet/CHEMBL3402764_90,7.072181250671876,0.0,cmet,4r1y_prepared,CHEMBL3402764_90,31.0,-9.0,-9.61,7.072181,6.927243,6.6150784,7.0437913,6.9963717,7.009483,6.7806625,7.1026406,6.959022,7.4808965,6.3416634,-9.4109335
48,cmet/CHEMBL3402751_2100,5.703371976348287,3.0,cmet,4r1y_prepared,CHEMBL3402751_2100,28.0,-6.97,-7.75,5.703372,5.8974876,5.6614738,6.6399703,6.4568157,6.133021,6.149265,6.0126805,6.2091727,5.9720006,5.591646,-8.251389
49,cmet/CHEMBL3402756_2.7,8.602892697227286,0.0,cmet,4r1y_prepared,CHEMBL3402756_2.7,35.0,-11.62,-11.69,8.602893,7.5684433,7.4045787,7.4253693,7.9070716,7.4323726,6.7931695,7.258658,7.2453966,7.378357,6.448123,-9.900756
50,cmet/CHEMBL3402760_1,9.037084886394446,0.0,cmet,4r1y_prepared,CHEMBL3402760_1,35.0,-12.26,-12.28,9.037085,7.59273,7.640482,7.9936247,7.8926077,6.605355,7.4014664,7.0063057,7.5553436,7.170615,7.0701222,-10.045759
51,eg5/CHEMBL1078774,7.800741025715076,2.0,eg5,3l9h_prepared,CHEMBL1078774,26.0,-9.17,-10.6,7.800741,6.6645784,6.669469,7.219148,6.645157,7.174007,7.0966277,6.839669,7.310731,6.6992726,7.8956594,-9.541039
52,eg5/CHEMBL1093087,7.749226698186769,0.0,eg5,3l9h_prepared,CHEMBL1093087,35.0,-11.56,-10.53,7.7492266,6.8621902,6.5129833,6.7502275,7.423976,7.2760067,7.4807854,7.245139,6.916496,7.414392,7.1642785,-9.654117
53,eg5/CHEMBL1082249,8.25701078382294,0.0,eg5,3l9h_prepared,CHEMBL1082249,30.0,-11.07,-11.22,8.25701,7.2149324,6.851209,7.443433,7.254621,7.7933064,6.5947084,7.5796533,7.2788434,6.409207,7.5848074,-9.7843275
54,eg5/CHEMBL1089393,6.167000924103052,0.0,eg5,3l9h_prepared,CHEMBL1089393,21.0,-8.57,-8.38,6.167001,5.849089,5.015707,6.3317676,6.071155,5.9873624,6.0267406,6.044339,5.7964983,4.968427,5.369386,-7.8079886
55,eg5/CHEMBL1078691,7.499014250192134,0.0,eg5,3l9h_prepared,CHEMBL1078691,25.0,-10.23,-10.19,7.4990144,6.687005,7.3402615,7.1109347,7.3208885,6.8479614,6.853197,7.0824256,7.1582894,6.255801,6.9488316,-9.4583235
56,eg5/CHEMBL1086409,7.263520181491302,0.0,eg5,3l9h_prepared,CHEMBL1086409,28.0,-9.68,-9.87,7.2635202,7.0324545,7.0729833,7.134443,6.4967356,7.5050783,7.221885,7.36803,7.5419807,7.403773,6.602435,-9.69941
57,eg5/CHEMBL1082248,8.558737559345882,0.0,eg5,3l9h_prepared,CHEMBL1082248,25.0,-11.09,-11.63,8.558738,7.102014,6.7587523,7.2359605,7.1090717,7.5756474,6.9913855,7.068316,7.444949,6.903584,7.237985,-9.705915
58,eg5/CHEMBL1084678,8.19077807700083,0.0,eg5,3l9h_prepared,CHEMBL1084678,34.0,-13.62,-11.13,8.190778,7.493013,7.667642,6.870743,7.539943,6.6517634,7.0745134,7.258017,6.2557755,8.2213745,7.3495564,-9.835641
59,eg5/CHEMBL1084115,6.9470750266745585,3.0,eg5,3l9h_prepared,CHEMBL1084115,23.0,-9.81,-9.44,6.947075,6.6460605,6.405587,6.2717013,6.359639,6.748752,6.46311,6.5118594,6.272759,6.1889505,6.637285,-8.765327
60,eg5/CHEMBL1085895,7.992079956534503,0.0,eg5,3l9h_prepared,CHEMBL1085895,33.0,-10.92,-10.86,7.9920797,7.612275,7.6067886,7.517828,7.191395,7.5887623,7.698903,7.798057,7.3995366,6.6148577,8.445008,-10.255669
61,eg5/CHEMBL1084677,8.433631335348565,3.0,eg5,3l9h_prepared,CHEMBL1084677,33.0,-11.84,-11.46,8.433631,7.1955514,7.0229845,7.410231,7.101353,7.06762,7.1790595,7.3303003,6.7874074,6.950349,6.995989,-9.653351
62,eg5/CHEMBL1077227,8.33060268029195,3.0,eg5,3l9h_prepared,CHEMBL1077227,26.0,-10.82,-11.32,8.330603,6.3017845,7.154666,6.935462,6.5232835,6.710982,6.5931706,6.9390135,6.256962,6.2908263,6.5911255,-9.008774
63,eg5/CHEMBL1086410,8.433631335348565,0.0,eg5,3l9h_prepared,CHEMBL1086410,27.0,-10.27,-11.46,8.433631,6.957775,7.455589,7.5184035,7.1471133,7.2507353,6.742898,6.9674115,6.7050767,6.950234,7.372282,-9.656976
64,eg5/CHEMBL1083517,8.433631335348565,0.0,eg5,3l9h_prepared,CHEMBL1083517,28.0,-11.24,-11.46,8.433631,6.661128,7.6425557,7.483366,7.0483127,7.2015076,7.50371,7.410995,7.7379847,7.8247037,6.732654,-9.953122
65,eg5/CHEMBL1096003,8.735358110871505,0.0,eg5,3l9h_prepared,CHEMBL1096003,32.0,-12.16,-11.87,8.735358,8.191047,7.128092,7.7441883,8.281935,7.73032,7.7365074,7.6798396,7.7457705,6.987846,8.222147,-10.523943
66,eg5/CHEMBL1077204,8.131904559825623,0.0,eg5,3l9h_prepared,CHEMBL1077204,34.0,-11.65,-11.05,8.131905,7.4715586,6.926846,7.0518994,7.3530664,7.5111156,7.5051584,7.7332172,6.797887,6.567144,7.678579,-9.8647375
67,eg5/CHEMBL1085666,7.727149129246066,0.0,eg5,3l9h_prepared,CHEMBL1085666,26.0,-10.65,-10.5,7.727149,6.573209,6.8306174,6.9735622,6.9907517,7.831127,6.980214,7.1289268,6.6102962,6.5867085,7.0672636,-9.453849
68,eg5/CHEMBL1085692,8.33060268029195,0.0,eg5,3l9h_prepared,CHEMBL1085692,32.0,-12.65,-11.32,8.330603,7.240769,6.665767,7.2245812,6.815992,7.2912827,6.4064,7.4868717,7.3801246,7.196764,7.7960205,-9.716364
69,eg5/CHEMBL1084143,8.735358110871505,0.0,eg5,3l9h_prepared,CHEMBL1084143,34.0,-12.24,-11.87,8.735358,6.6929884,7.543688,7.6109924,7.9681883,7.7115955,7.0477314,7.208878,7.5750093,7.170151,7.567045,-10.068536
70,eg5/CHEMBL1089056,6.9470750266745585,2.0,eg5,3l9h_prepared,CHEMBL1089056,24.0,-9.41,-9.44,6.947075,6.4043593,6.4982586,6.158395,6.540764,6.704427,6.09964,6.1884613,6.006173,6.058455,6.325126,-8.558558
71,eg5/CHEMBL1093088,8.25701078382294,0.0,eg5,3l9h_prepared,CHEMBL1093088,30.0,-9.65,-11.22,8.25701,7.3871694,6.697691,8.418665,7.7620845,7.2602987,7.679758,7.5818205,7.5108457,7.876028,7.0338235,-10.219628
72,eg5/CHEMBL1084676,7.881692111830988,0.0,eg5,3l9h_prepared,CHEMBL1084676,34.0,-10.6,-10.71,7.881692,7.0802207,7.0577507,7.3764544,6.976515,7.219383,7.4413223,7.427032,7.286409,7.1460547,7.719491,-9.882967
73,eg5/CHEMBL1084935,7.749226698186769,2.0,eg5,3l9h_prepared,CHEMBL1084935,31.0,-9.39,-10.53,7.7492266,7.1961684,7.682787,8.097932,7.009774,7.4293723,7.0031185,6.8815346,7.0822234,7.662593,7.115229,-9.941411
74,eg5/CHEMBL1078998,7.631479663836353,0.0,eg5,3l9h_prepared,CHEMBL1078998,23.0,-10.45,-10.37,7.6314797,6.250148,6.4812775,6.1175647,5.9795675,6.669724,6.2738924,6.2164707,5.708592,5.6821856,5.9989195,-8.340366
75,eg5/CHEMBL1088740,6.402494992803883,0.0,eg5,3l9h_prepared,CHEMBL1088740,21.0,-8.64,-8.7,6.402495,5.7148004,5.1244807,6.2605157,5.936521,5.810321,6.448238,6.0011277,6.476423,5.2786946,5.636317,-7.9747148
76,hif2a/338,7.918488060065492,0.0,hif2a,5tbm_prepared,338,27.0,-9.28,-10.76,7.918488,7.9603853,7.5646343,7.964576,7.823919,7.832487,7.6874075,7.409529,7.8071523,7.6381845,7.6577086,-10.510122
77,hif2a/43,6.402494992803883,0.0,hif2a,5tbm_prepared,43,24.0,-8.95,-8.7,6.402495,7.1811223,6.436898,6.831697,6.8796053,6.782925,6.882161,6.5244207,6.928506,6.800295,7.352165,-9.32165
78,hif2a/235,7.447499922663827,0.0,hif2a,5tbm_prepared,235,28.0,-9.42,-10.12,7.4474998,7.5210533,8.106927,7.591834,7.877699,7.8792458,7.960972,7.5096774,7.5692782,8.0659,7.960895,-10.604901
79,hif2a/234,7.616761284542551,0.0,hif2a,5tbm_prepared,234,26.0,-10.56,-10.35,7.616761,8.042876,7.949703,8.142678,8.359985,7.9323545,7.7559075,8.008696,7.284193,8.0668,8.02136,-10.811592
80,hif2a/30,7.778663456774374,2.0,hif2a,5tbm_prepared,30,25.0,-10.91,-10.57,7.7786636,7.3712416,6.8893266,7.6777,6.924992,7.444451,7.3001065,7.2043247,7.6428876,6.8920383,7.2760205,-9.868354
81,hif2a/1,8.33060268029195,0.0,hif2a,5tbm_prepared,1,25.0,-10.08,-11.32,8.330603,7.170445,7.4134035,7.0363164,7.6786056,7.351855,6.8825817,7.107202,7.887286,6.872085,6.815999,-9.813007
82,hif2a/237,7.02802611279047,0.0,hif2a,5tbm_prepared,237,28.0,-9.67,-9.55,7.028026,7.601542,7.744853,7.376523,7.6308746,7.7477636,7.317629,7.7438984,7.048947,7.295591,8.017767,-10.262732
83,hif2a/227,7.918488060065492,0.0,hif2a,5tbm_prepared,227,28.0,-11.78,-10.76,7.918488,7.906515,7.5678735,7.5303197,8.136994,7.297321,7.630681,8.173594,7.6706986,7.8824077,7.431376,-10.49406
84,hif2a/266,7.749226698186769,3.0,hif2a,5tbm_prepared,266,30.0,-9.94,-10.53,7.7492266,7.4200034,7.943283,6.9105573,7.716847,7.7402654,7.11907,7.4841905,7.1188173,7.5432277,6.8909454,-10.040128
85,hif2a/206,7.447499922663827,0.0,hif2a,5tbm_prepared,206,27.0,-8.72,-10.12,7.4474998,7.940835,7.7903657,7.810203,7.365885,7.4194207,7.699394,7.203005,6.850091,7.9622498,7.5508046,-10.271817
86,hif2a/67,7.4842958708983325,0.0,hif2a,5tbm_prepared,67,23.0,-11.2,-10.17,7.484296,7.752062,7.294479,7.9427485,6.8390493,6.533055,7.789653,6.42203,7.069877,7.576814,6.1714897,-9.700969
87,hif2a/156,7.167850716081589,0.0,hif2a,5tbm_prepared,156,25.0,-9.35,-9.74,7.1678505,6.431483,6.453636,6.824671,6.6563945,6.818052,7.0537224,7.1230235,6.8557854,6.769098,7.100265,-9.251851
88,hif2a/31,6.505523647860498,0.0,hif2a,5tbm_prepared,31,24.0,-9.42,-8.84,6.5055237,7.0352387,6.23398,6.791227,6.4110136,6.658538,7.061177,6.2986584,6.920036,6.660042,7.1851254,-9.138918
89,hif2a/289,8.028875904769007,2.0,hif2a,5tbm_prepared,289,26.0,-11.65,-10.91,8.028876,7.1390257,7.1322327,7.55001,6.8162184,7.119888,6.9650755,7.379766,6.053191,6.912237,6.881556,-9.505013
90,hif2a/61,7.440140733016926,0.0,hif2a,5tbm_prepared,61,24.0,-9.47,-10.11,7.4401407,7.127018,7.3621035,7.005747,6.952842,7.280732,7.0407248,6.981359,7.69666,6.6914587,6.7856727,-9.637517
91,hif2a/167,7.852255353243383,0.0,hif2a,5tbm_prepared,167,27.0,-10.9,-10.67,7.8522553,7.9850507,8.062813,7.6394887,8.161271,7.7471886,7.6612315,8.1361065,7.61527,7.676935,8.074223,-10.7022085
92,hif2a/165,6.799891233736538,0.0,hif2a,5tbm_prepared,165,26.0,-9.04,-9.24,6.7998915,7.642181,7.6946907,7.9818964,7.652244,7.345866,7.036325,7.218696,6.633676,7.4703856,7.0615644,-10.019787
93,hif2a/41,7.204646664316093,0.0,hif2a,5tbm_prepared,41,24.0,-10.76,-9.79,7.2046466,7.1735764,7.5486007,6.7228274,7.637697,7.215992,6.831397,6.949148,7.385518,6.734417,6.6678314,-9.629729
94,hif2a/7b,5.43844114905985,0.0,hif2a,5tbm_prepared,7b,26.0,-6.51,-7.39,5.4384413,7.2107806,6.646419,6.67004,6.728155,7.2625084,6.9340453,6.427683,6.680411,6.848058,5.9254103,-9.149582
95,hif2a/215,7.800741025715076,0.0,hif2a,5tbm_prepared,215,27.0,-10.04,-10.6,7.800741,7.737479,7.384316,8.164044,7.7485695,7.6051373,7.601594,7.133125,6.913789,7.7744474,7.7434287,-10.300853
96,hif2a/57,7.852255353243383,0.0,hif2a,5tbm_prepared,57,27.0,-10.88,-10.67,7.8522553,7.593136,7.141801,7.4788275,7.144787,6.95053,7.384001,7.9007664,7.4333706,7.45516,7.4572163,-10.047247
97,hif2a/42,6.5791155443295075,0.0,hif2a,5tbm_prepared,42,25.0,-9.77,-8.94,6.5791154,7.552781,7.039107,7.2634516,7.2556334,7.1546693,6.8125825,6.9540625,7.01905,7.0279737,7.332868,-9.703811
98,hif2a/35,5.261820597534227,0.0,hif2a,5tbm_prepared,35,25.0,-11.51,-7.15,5.261821,7.341261,6.64152,7.254624,7.019671,7.2086673,6.612976,7.55399,7.245537,6.6627913,6.3638544,-9.498993
99,hif2a/252,7.145773147140886,0.0,hif2a,5tbm_prepared,252,26.0,-9.57,-9.71,7.145773,7.8468823,7.8504558,8.19749,7.6849213,7.8779774,7.2823963,7.2232203,7.436567,7.762122,7.2483697,-10.38299
100,hif2a/155,7.727149129246066,0.0,hif2a,5tbm_prepared,155,26.0,-10.0,-10.5,7.727149,6.8658752,7.0209293,7.21882,6.8003116,7.1512175,6.9839787,7.557234,7.2698483,6.8625164,7.2014623,-9.638587
101,hif2a/164,4.974812201305086,0.0,hif2a,5tbm_prepared,164,26.0,-6.88,-6.76,4.974812,7.890258,7.7929716,7.368387,7.7751174,7.35317,7.486972,7.099914,6.1825323,7.227657,7.23018,-9.974896
102,hif2a/7a,7.359189646901015,2.0,hif2a,5tbm_prepared,7a,26.0,-8.58,-10.0,7.3591895,7.346284,6.7321515,6.7249956,6.7432275,7.384692,6.620978,6.844501,7.447303,7.071129,6.39598,-9.418325
103,hif2a/224,7.1089771989063815,3.0,hif2a,5tbm_prepared,224,26.0,-10.72,-9.66,7.1089773,7.8602743,7.246963,6.64118,7.6415653,7.835268,6.8187413,7.07789,6.886435,7.6199045,7.4714,-9.933106
104,hif2a/84,5.57826575235097,0.0,hif2a,5tbm_prepared,84,25.0,-8.81,-7.58,5.5782657,7.3766723,6.6090264,7.214029,7.0518146,7.0661516,6.6751842,6.872391,7.697215,6.590084,6.6408296,-9.483844
105,hif2a/254,7.02802611279047,0.0,hif2a,5tbm_prepared,254,27.0,-10.23,-9.55,7.028026,7.996508,7.260674,8.152981,7.705191,7.9833865,7.043932,7.654141,6.9959702,7.5011525,7.4831605,-10.296935
106,hif2a/23,5.202947080359018,0.0,hif2a,5tbm_prepared,23,26.0,-8.0,-7.07,5.202947,7.5274544,6.708705,7.080717,6.430334,6.976097,7.099284,6.8289075,7.30494,7.2780695,6.1808977,-9.43248
107,hif2a/251,7.53581019842664,0.0,hif2a,5tbm_prepared,251,26.0,-9.61,-10.24,7.53581,7.623501,6.7062597,7.9109297,7.9399576,7.5757327,7.0972586,6.97648,6.8292303,7.4089456,7.0367303,-9.933842
108,hif2a/256,7.852255353243383,0.0,hif2a,5tbm_prepared,256,25.0,-9.16,-10.67,7.8522553,7.714906,7.456948,7.750235,7.0761414,7.5638356,7.4263997,6.762932,7.0881724,7.7262645,7.1026,-10.0104
109,hif2a/50,7.138413957493984,0.0,hif2a,5tbm_prepared,50,22.0,-8.86,-9.7,7.138414,7.3312583,6.632162,7.6465683,6.842395,7.252688,6.561702,7.0725036,6.404797,7.0997424,6.4320965,-9.413525
110,hif2a/231,7.373908026194817,0.0,hif2a,5tbm_prepared,231,25.0,-10.63,-10.02,7.373908,7.2216725,7.0465946,7.425866,7.0910573,7.0389676,7.1505146,7.0626373,6.693684,7.206098,6.420429,-9.560497
111,hif2a/15,8.131904559825623,0.0,hif2a,5tbm_prepared,15,28.0,-11.29,-11.05,8.131905,8.275602,8.010439,7.9226103,7.8030252,7.9463906,7.4864516,7.7358375,7.853117,7.8406887,8.225361,-10.7484
112,hif2a/124,7.447499922663827,3.0,hif2a,5tbm_prepared,124,25.0,-9.93,-10.12,7.4474998,6.5994086,7.368404,7.008261,7.7780275,7.1588244,6.7859,7.205266,6.777606,7.191844,6.495331,-9.56204
113,hif2a/25,7.565246957014243,0.0,hif2a,5tbm_prepared,25,26.0,-9.18,-10.28,7.565247,7.358438,7.5095654,6.917416,7.5682335,7.8211994,7.433008,7.379258,6.6546636,7.2064996,7.2070255,-9.927084
114,hif2a/163,8.102467801238017,0.0,hif2a,5tbm_prepared,163,26.0,-10.0,-11.01,8.102468,8.010248,7.715241,8.159308,7.6997795,8.000733,7.224198,7.4674644,6.735468,7.963406,7.3730907,-10.3746395
115,pfkfb3/43,5.887351717520812,0.0,pfkfb3,6hvi_prepared,43,28.0,-8.82,-8.0,5.8873515,6.555379,6.1199303,6.930194,7.600822,6.556688,6.822868,6.2522116,7.0048285,6.4706383,7.154036,-9.167803
116,pfkfb3/30,6.7704544751489335,0.0,pfkfb3,6hvi_prepared,30,29.0,-9.41,-9.2,6.7704544,6.159835,6.352533,6.958471,6.6499486,5.8747563,7.2874627,6.0190153,6.539099,5.9420652,6.3508472,-8.714823
117,pfkfb3/65,6.983870974909064,0.0,pfkfb3,6hvi_prepared,65,30.0,-9.34,-9.49,6.983871,7.63436,7.003538,7.4591494,7.504433,7.315725,7.7711835,7.139145,7.466981,6.973464,7.8870497,-10.07652
118,pfkfb3/49,5.835837389992505,0.0,pfkfb3,6hvi_prepared,49,28.0,-6.68,-7.93,5.8358374,5.7683263,5.854913,6.8622255,7.0088234,6.523429,7.350548,5.698319,6.57755,6.418454,6.6152415,-8.788715
119,pfkfb3/24,6.5276012168012,2.0,pfkfb3,6hvi_prepared,24,29.0,-9.79,-8.87,6.5276012,6.668075,6.988742,7.7581587,6.5401297,6.700395,6.6734986,6.4743247,6.349951,5.9334335,6.051128,-8.987108
120,pfkfb3/67,7.53581019842664,0.0,pfkfb3,6hvi_prepared,67,31.0,-10.57,-10.24,7.53581,7.0844374,6.5074687,6.99587,7.6729465,7.220714,7.2708936,6.455669,7.265474,6.9942446,6.105634,-9.453941
121,pfkfb3/62,5.6592168384668815,0.0,pfkfb3,6hvi_prepared,62,30.0,-6.28,-7.69,5.659217,7.1596155,6.8252997,7.233401,7.2661757,7.301415,7.432897,6.577896,7.3428063,6.4698486,7.218679,-9.6244335
122,pfkfb3/56,7.778663456774374,0.0,pfkfb3,6hvi_prepared,56,32.0,-11.72,-10.57,7.7786636,7.0416,6.6791596,7.3874745,7.1568184,7.672224,8.029585,7.2702093,6.9090757,7.036953,6.9373226,-9.80005
123,pfkfb3/59,5.975661993283624,0.0,pfkfb3,6hvi_prepared,59,31.0,-6.95,-8.12,5.975662,6.672652,6.2837825,7.2013736,7.068882,7.0043964,7.1050363,5.938451,6.9663925,6.783893,6.495993,-9.175038
124,pfkfb3/38,6.446650130685289,0.0,pfkfb3,6hvi_prepared,38,30.0,-7.23,-8.76,6.44665,5.988331,5.845033,6.771702,6.997815,6.6862583,6.9934545,7.072267,6.7623234,6.4182153,6.9559836,-9.03515
125,pfkfb3/31,6.829327992324142,0.0,pfkfb3,6hvi_prepared,31,29.0,-10.4,-9.28,6.829328,6.55122,6.875373,7.46465,7.116858,6.72741,7.4278717,6.675872,7.0817757,6.7400904,6.796085,-9.438159
126,pfkfb3/48,5.894710907167713,0.0,pfkfb3,6hvi_prepared,48,29.0,-6.78,-8.01,5.894711,6.2128577,6.3998694,7.218069,6.651028,6.7278323,6.8017554,6.064442,6.070663,6.6391835,6.8936396,-8.924806
127,pfkfb3/58,6.718940147620628,3.0,pfkfb3,6hvi_prepared,58,30.0,-8.36,-9.13,6.7189403,6.7402987,6.733052,7.662687,7.200235,7.2525687,7.560147,6.261514,7.314967,7.030366,6.489468,-9.545249
128,pfkfb3/41,5.43844114905985,0.0,pfkfb3,6hvi_prepared,41,32.0,-7.65,-7.39,5.4384413,7.196647,6.851315,7.169776,6.7899504,7.1312475,6.3359313,6.5571685,6.7682395,7.0261593,6.512027,-9.286139
129,pfkfb3/29,7.1016180092594805,0.0,pfkfb3,6hvi_prepared,29,31.0,-10.12,-9.65,7.101618,6.62595,7.040132,7.8437853,7.211903,6.913686,7.4645777,7.0576415,6.8993373,6.102666,6.8741865,-9.516518
130,pfkfb3/54,6.019817131165031,3.0,pfkfb3,6hvi_prepared,54,33.0,-8.1,-8.18,6.0198174,7.067091,6.718294,6.7680025,7.5361495,6.5440083,7.7949014,6.661577,6.616486,6.6137433,6.9534473,-9.413224
131,pfkfb3/47,6.130204975868546,2.0,pfkfb3,6hvi_prepared,47,29.0,-6.3,-8.33,6.130205,6.5095987,6.3552647,7.429384,7.561909,6.974202,6.588958,6.4912834,6.6358914,6.593524,6.951022,-9.252518
132,pfkfb3/26,6.7483769062082315,0.0,pfkfb3,6hvi_prepared,26,30.0,-9.37,-9.17,6.748377,6.185735,7.0230575,7.5075097,6.9971995,6.7582655,6.934876,6.7569194,6.556957,5.7971473,6.2018075,-9.066144
133,pfkfb3/55,7.8301777843026805,0.0,pfkfb3,6hvi_prepared,55,32.0,-11.98,-10.64,7.830178,7.2607617,7.1209245,7.6565294,7.4556746,7.4802976,8.2300825,7.3591275,7.198046,7.7991457,7.314265,-10.174334
134,pfkfb3/57,7.705071560305364,0.0,pfkfb3,6hvi_prepared,57,33.0,-11.1,-10.47,7.7050714,7.7262626,7.014917,7.894236,7.4582925,7.749287,7.671447,7.69652,7.2771974,7.9001203,7.152824,-10.264867
135,pfkfb3/42,6.23323363092516,0.0,pfkfb3,6hvi_prepared,42,29.0,-8.05,-8.47,6.2332335,6.4728127,6.0480003,6.8290157,6.742738,6.9157023,6.4506416,6.379308,6.5697093,6.5051365,6.235751,-8.8527155
136,pfkfb3/35,7.4622183019576305,0.0,pfkfb3,6hvi_prepared,35,31.0,-10.54,-10.14,7.4622183,6.880097,6.578645,7.687808,7.0892324,6.8651624,7.808828,7.0699897,6.6407104,6.6344824,6.7860284,-9.517485
137,pfkfb3/44,7.3223936986665095,0.0,pfkfb3,6hvi_prepared,44,28.0,-8.52,-9.95,7.322394,6.899261,6.1585846,7.183907,7.069797,6.3177376,6.143357,6.0258965,7.028667,6.448701,6.9909253,-9.004638
138,pfkfb3/63,6.29946633774727,0.0,pfkfb3,6hvi_prepared,63,30.0,-8.1,-8.56,6.299466,7.600277,7.536727,7.1689534,7.368014,7.2830873,7.1410265,6.807099,7.570094,6.2569942,7.5253344,-9.81869
139,pfkfb3/69,7.881692111830988,0.0,pfkfb3,6hvi_prepared,69,31.0,-11.46,-10.71,7.881692,7.426342,6.314429,7.5709796,7.1619873,6.561976,7.8088202,7.250134,6.777871,6.9139023,6.831507,-9.595885
140,pfkfb3/19,5.556188183410266,2.0,pfkfb3,6hvi_prepared,19,27.0,-8.58,-7.55,5.556188,6.449473,6.9755526,7.3194942,6.5466375,6.399469,6.387725,6.1309023,6.363271,6.3594995,6.3741817,-8.874103
141,pfkfb3/68,7.197287474669193,0.0,pfkfb3,6hvi_prepared,68,31.0,-11.32,-9.78,7.1972876,7.238133,6.3684235,7.358271,7.2525697,6.8547754,7.5444617,6.1710176,7.3048615,7.175872,7.2407265,-9.581097
142,pfkfb3/33,6.336262285981774,0.0,pfkfb3,6hvi_prepared,33,29.0,-10.09,-8.61,6.336262,7.0542192,6.826977,7.6140933,6.7225432,6.5529065,6.856835,6.4995165,6.757866,6.164704,6.2419934,-9.143894
143,pfkfb3/70,7.579965336308047,0.0,pfkfb3,6hvi_prepared,70,31.0,-10.73,-10.3,7.579965,6.913535,6.507037,7.518881,7.3212285,6.817321,7.8759537,6.951985,6.9800606,6.871574,6.853203,-9.594913
144,pfkfb3/53,5.1514327528307104,0.0,pfkfb3,6hvi_prepared,53,33.0,-8.04,-7.0,5.151433,7.7043757,6.4062123,7.372179,7.4051495,7.1976275,7.7964025,6.8311706,7.0938444,7.275018,7.200498,-9.82207
145,pfkfb3/64,6.9323566473807565,0.0,pfkfb3,6hvi_prepared,64,30.0,-9.29,-9.42,6.932357,7.58139,6.9014506,7.6191635,7.8173957,6.944686,7.7970853,6.88942,7.494292,7.2814674,7.609261,-10.046705
146,pfkfb3/39,5.2986165457687315,0.0,pfkfb3,6hvi_prepared,39,28.0,-5.77,-7.2,5.2986164,6.1882887,5.844651,6.781755,6.897695,6.241711,7.2562046,6.0540414,6.672511,6.508133,6.5825167,-8.836233
147,pfkfb3/37,7.359189646901015,0.0,pfkfb3,6hvi_prepared,37,36.0,-12.26,-10.0,7.3591895,6.5502405,7.0213256,7.359166,7.350698,6.2748704,6.819563,6.87751,6.425988,6.1937804,6.3847923,-9.139312
148,pfkfb3/23,5.821119010698704,0.0,pfkfb3,6hvi_prepared,23,27.0,-8.77,-7.91,5.821119,6.069657,6.8172035,7.265569,6.6092386,6.1181183,6.552448,6.300582,6.7500477,6.490293,6.2011185,-8.856174
149,pfkfb3/60,5.990380372577427,0.0,pfkfb3,6hvi_prepared,60,32.0,-7.37,-8.14,5.9903803,7.1501293,6.631292,6.884616,7.2483087,7.1883993,7.8170834,6.856674,7.50192,7.217028,6.9594593,-9.709617
150,pfkfb3/36,5.475237097294356,0.0,pfkfb3,6hvi_prepared,36,32.0,-7.98,-7.44,5.475237,6.838694,5.657577,6.147893,6.5672646,6.104686,6.9669976,6.043946,6.8313594,6.571667,6.1349845,-8.678275
151,pfkfb3/46,5.784323062464199,3.0,pfkfb3,6hvi_prepared,46,31.0,-6.35,-7.86,5.784323,7.912421,6.5997753,7.099901,7.5936365,7.052154,7.6253796,6.895274,7.5114865,7.573909,7.2888126,-9.940326
152,shp2/SHP099-1/Example 7,7.17520990572849,3.0,shp2,5ehr_prepared,SHP099-1/Example 7,23.0,-9.27,-9.75,7.17521,6.4972873,6.1784167,6.0639935,6.6063757,5.6297894,6.1970305,5.903988,6.5788603,6.5242953,6.3142557,-8.492007
153,shp2/Example 22,6.799891233736538,2.0,shp2,5ehr_prepared,Example 22,24.0,-8.79,-9.24,6.7998915,6.730281,6.2204556,6.7076697,7.31148,6.4383874,6.669552,6.366972,6.9414673,6.8142343,7.0087214,-9.132694
154,shp2/Example 29,5.607702510938574,0.0,shp2,5ehr_prepared,Example 29,21.0,-6.85,-7.62,5.6077027,6.566224,5.985581,6.1785727,6.5058217,6.0691657,6.558703,6.389051,6.306397,7.1079907,7.144377,-8.8069315
155,shp2/11,4.673085425782144,0.0,shp2,5ehr_prepared,11,24.0,-6.49,-6.35,4.673085,6.336463,6.2805834,5.6134567,7.1453114,5.808493,6.0925097,6.5381107,6.2733927,6.442046,6.191666,-8.522953
156,shp2/4,4.283048374496391,0.0,shp2,5ehr_prepared,4,23.0,-5.94,-5.82,4.283048,5.6777873,6.1685743,5.4096127,5.940015,5.228904,5.2601633,5.9156065,5.319001,5.6438375,5.9659586,-7.681478
157,shp2/Example 2,6.09340902763404,0.0,shp2,5ehr_prepared,Example 2,23.0,-7.93,-8.28,6.093409,6.2758913,5.7191434,6.199275,6.2407646,5.173501,6.0889907,5.9779625,5.751231,6.648924,6.388115,-8.216095
158,shp2/Example 14,7.197287474669193,0.0,shp2,5ehr_prepared,Example 14,22.0,-9.38,-9.78,7.1972876,5.811276,5.497874,5.665784,6.633047,5.294278,5.671645,5.779864,5.882801,6.0949545,5.836119,-7.9040833
159,shp2/Example 26,6.59383392362331,0.0,shp2,5ehr_prepared,Example 26,26.0,-9.0,-8.96,6.593834,7.498218,7.546429,7.467491,7.062673,6.3639026,7.319989,7.130705,7.193554,6.5710406,7.534534,-9.741362
160,shp2/Example 6,6.674785009739221,3.0,shp2,5ehr_prepared,Example 6,24.0,-10.86,-9.07,6.674785,7.3147483,7.1826997,6.9601016,7.164224,6.9847784,7.350136,6.811744,6.83426,6.9581475,7.2355194,-9.62013
161,shp2/Example 1,6.615911492564013,0.0,shp2,5ehr_prepared,Example 1,23.0,-9.13,-8.99,6.6159115,6.263022,6.28954,6.1980305,6.664469,5.2616625,6.1216006,6.1937513,6.3018003,6.7814636,6.389857,-8.488054
162,shp2/3,4.018117547207955,2.0,shp2,5ehr_prepared,3,22.0,-6.55,-5.46,4.0181174,5.2694573,5.4633355,5.1358733,5.5203176,4.5064373,4.782617,5.603224,4.963791,4.9841704,4.680545,-6.9178495
163,shp2/Example 9,6.468727699625992,0.0,shp2,5ehr_prepared,Example 9,23.0,-9.73,-8.79,6.4687276,6.8369927,5.5591693,6.402309,6.8120313,5.7245827,6.5611305,6.4362903,6.1173453,6.8339195,6.0083137,-8.600414
164,shp2/7,5.210306270005919,0.0,shp2,5ehr_prepared,7,24.0,-8.92,-7.08,5.210306,6.5092387,6.2313786,6.0613723,6.97427,5.3763595,5.4867764,6.5694647,6.235265,6.747919,6.355812,-8.499286
165,shp2/Example 24,6.682144199386122,0.0,shp2,5ehr_prepared,Example 24,24.0,-8.14,-9.08,6.682144,6.5695086,6.93004,7.087645,6.8981676,5.58069,6.6906123,6.662704,5.716472,6.784467,6.8661127,-8.939356
166,shp2/Example 28,6.225874441278259,2.0,shp2,5ehr_prepared,Example 28,24.0,-8.07,-8.46,6.2258744,6.4171247,5.3637285,5.896651,5.5644293,5.5549903,5.3764024,5.4230933,6.1165133,5.6655645,6.444862,-7.8572993
167,shp2/10,5.261820597534227,0.0,shp2,5ehr_prepared,10,22.0,-7.32,-7.15,5.261821,6.226738,6.971823,5.9144144,6.084463,5.0863266,6.558291,5.80453,6.6403794,6.8432727,5.7684965,-8.41108
168,shp2/Example 25,6.5276012168012,0.0,shp2,5ehr_prepared,Example 25,25.0,-7.67,-8.87,6.5276012,7.563366,7.306696,7.5433474,7.350318,7.495753,7.774608,7.322896,7.249907,7.4201713,7.0837984,-10.07052
169,shp2/Example 27,6.270029579159665,0.0,shp2,5ehr_prepared,Example 27,23.0,-8.65,-8.52,6.2700295,6.11609,5.650819,5.5682683,5.9449935,5.085811,5.330124,5.6091576,6.1102505,5.029115,5.399501,-7.588352
170,shp2/6,5.909429286461515,0.0,shp2,5ehr_prepared,6,22.0,-9.32,-8.03,5.909429,6.0994205,5.5785947,5.8523865,6.854846,5.0101757,5.300426,6.1440964,5.8390326,6.4729323,6.342859,-8.084417
171,shp2/Example 30,6.7410177165613305,0.0,shp2,5ehr_prepared,Example 30,23.0,-8.87,-9.16,6.741018,5.831145,6.107068,6.406683,7.0701156,5.4549623,5.976757,5.9377174,6.266527,6.482941,6.866769,-8.479288
172,shp2/Example 5,5.563547373057167,0.0,shp2,5ehr_prepared,Example 5,25.0,-6.15,-7.56,5.5635476,6.7368383,6.4767213,6.202869,6.8380785,6.005978,7.0322185,6.6478963,6.508979,6.397002,6.4063926,-8.86687
173,shp2/Example 4,6.0345355104588325,3.0,shp2,5ehr_prepared,Example 4,21.0,-7.03,-8.2,6.0345354,6.1763015,5.81195,6.065008,5.8820744,6.09606,5.5039606,6.0248356,5.78745,5.8915744,6.3529124,-8.097648
174,shp2/Example 3,6.049253889752635,0.0,shp2,5ehr_prepared,Example 3,21.0,-7.68,-8.22,6.049254,6.9227123,6.275144,6.21166,5.9359965,5.4359603,5.9887824,6.297991,6.6298532,6.5469303,6.3560767,-8.50652
175,syk/CHEMBL3264999,8.40419457676096,0.0,syk,4pv0-prepared,CHEMBL3264999,38.0,-11.59,-11.42,8.404195,8.027613,8.052193,8.7562,7.873184,7.488624,8.299572,7.888066,7.503594,8.051949,7.465754,-10.790148
176,syk/CHEMBL3265014,7.6535572327770565,0.0,syk,4pv0-prepared,CHEMBL3265014,31.0,-9.96,-10.4,7.6535573,7.324411,7.5503683,8.085593,8.005794,7.253843,7.3796515,7.2920074,7.0351768,7.4064956,8.197963,-10.263535
177,syk/CHEMBL3265034,8.455708904289267,0.0,syk,4pv0-prepared,CHEMBL3265034,31.0,-11.09,-11.49,8.4557085,7.167726,7.2328444,7.8221974,7.699892,7.076653,7.3100266,7.378664,7.985442,7.3811283,7.5491114,-10.1374855
178,syk/CHEMBL3265015,6.976511785262163,0.0,syk,4pv0-prepared,CHEMBL3265015,30.0,-7.57,-9.48,6.976512,7.7222524,7.6415,7.789723,7.1947546,7.338994,6.8931813,7.5406094,7.726178,7.3785386,7.805019,-10.195516
179,syk/CHEMBL3265020,8.102467801238017,0.0,syk,4pv0-prepared,CHEMBL3265020,29.0,-9.98,-11.01,8.102468,6.9906263,7.356993,7.6481867,7.147112,6.2972236,7.632828,7.593436,7.6800294,7.81774,8.085512,-10.089383
180,syk/CHEMBL3265023,7.712430749952264,0.0,syk,4pv0-prepared,CHEMBL3265023,30.0,-10.5,-10.48,7.712431,7.385758,7.6994967,8.261967,7.7577443,7.5468335,7.7036953,7.6777673,7.2944684,7.784554,7.6596913,-10.432123
181,syk/CHEMBL3265002,7.808100215361977,0.0,syk,4pv0-prepared,CHEMBL3265002,40.0,-12.79,-10.61,7.8081,7.5720406,7.748522,8.045919,7.5395956,7.2093415,8.181688,7.921137,7.738009,8.034866,7.3544354,-10.510064
182,syk/CHEMBL3265033,8.713280541930802,3.0,syk,4pv0-prepared,CHEMBL3265033,33.0,-11.17,-11.84,8.713281,7.3817296,7.5778947,7.8525653,7.3111677,7.969453,7.819111,7.64255,7.3642664,8.043749,7.76917,-10.426644
183,syk/CHEMBL3265027,7.602042905248749,0.0,syk,4pv0-prepared,CHEMBL3265027,25.0,-10.04,-10.33,7.6020427,6.400929,6.8276896,7.1242275,6.159042,6.961965,7.2443223,6.9169993,6.865959,7.113731,6.4082427,-9.243288
184,syk/CHEMBL3265028,8.102467801238017,0.0,syk,4pv0-prepared,CHEMBL3265028,27.0,-10.49,-11.01,8.102468,6.8917537,6.734285,7.4556804,6.9054914,6.978636,7.325232,6.8114676,7.5811114,6.698326,7.105407,-9.578145
185,syk/CHEMBL3264997,8.080390232297315,0.0,syk,4pv0-prepared,CHEMBL3264997,38.0,-11.31,-10.98,8.08039,7.850956,8.011124,8.593716,7.431957,7.6418285,8.176736,7.6668196,7.474062,7.573834,7.5798535,-10.599114
186,syk/CHEMBL3264996,7.852255353243383,2.0,syk,4pv0-prepared,CHEMBL3264996,39.0,-12.06,-10.67,7.8522553,7.421629,6.832615,8.328509,6.9333606,6.882657,7.6453266,7.5531325,7.255125,7.5725513,6.840013,-9.955568
187,syk/CHEMBL3264994,7.219365043609897,0.0,syk,4pv0-prepared,CHEMBL3264994,38.0,-11.33,-9.81,7.219365,7.242528,7.1610775,7.5212445,6.8430285,6.9230137,7.9764733,6.6842003,7.1442723,7.732959,7.5062265,-9.883564
188,syk/CHEMBL3264995,9.11803597251036,0.0,syk,4pv0-prepared,CHEMBL3264995,38.0,-12.21,-12.39,9.118036,8.614101,8.269132,8.969103,7.9341326,7.5715976,8.362779,8.280295,7.8071146,8.127256,8.271741,-11.170694
189,syk/CHEMBL3265032,8.139263749472523,0.0,syk,4pv0-prepared,CHEMBL3265032,31.0,-10.83,-11.06,8.139264,7.1912055,7.0397882,7.772079,7.1496263,6.9210205,7.4916415,7.372196,7.2099924,7.0706835,7.45597,-9.875299
190,syk/CHEMBL3265031,8.882541903809527,0.0,syk,4pv0-prepared,CHEMBL3265031,33.0,-11.53,-12.07,8.882542,7.62291,7.5838475,7.9104505,7.6679673,7.107814,7.7462177,7.3618298,7.2850323,7.2736106,7.718767,-10.2291765
191,syk/CHEMBL3265037,9.397685179092596,0.0,syk,4pv0-prepared,CHEMBL3265037,33.0,-11.17,-12.77,9.397685,7.9453154,7.922485,7.97867,7.4357414,7.83009,8.000901,7.613153,7.774351,7.8940315,7.474993,-10.58129
192,syk/CHEMBL3265026,8.360039438879554,0.0,syk,4pv0-prepared,CHEMBL3265026,30.0,-9.49,-11.36,8.36004,7.1500115,7.4912906,7.7403164,7.4808617,6.9130745,7.67173,7.1666183,7.4215517,7.1138124,7.4818463,-10.00533
193,syk/CHEMBL3265012,7.763945077480572,0.0,syk,4pv0-prepared,CHEMBL3265012,30.0,-11.05,-10.55,7.763945,7.3632817,7.598061,8.453084,7.454748,7.0647674,7.474386,7.4664817,7.2972255,7.1936584,8.290071,-10.280447
194,syk/CHEMBL3265003,7.962643197946899,0.0,syk,4pv0-prepared,CHEMBL3265003,40.0,-13.39,-10.82,7.962643,8.036207,8.369187,8.290393,8.252129,6.9657793,8.19034,8.18804,7.547579,7.9844966,8.237783,-10.879177
195,syk/CHEMBL3264998,8.62497026616799,0.0,syk,4pv0-prepared,CHEMBL3264998,39.0,-13.18,-11.72,8.62497,7.592414,8.188947,8.521585,8.03795,7.4240837,7.6555758,7.688422,7.957943,7.7725873,7.524802,-10.648497
196,syk/CHEMBL3265029,8.183418887353929,0.0,syk,4pv0-prepared,CHEMBL3265029,27.0,-10.63,-11.12,8.183419,6.7759614,6.913114,7.559853,6.700416,6.8248777,7.4322133,7.166933,7.3715415,6.926871,7.1241884,-9.620076
197,syk/CHEMBL3265035,8.153982128766325,0.0,syk,4pv0-prepared,CHEMBL3265035,30.0,-11.41,-11.08,8.153982,7.1141925,7.5484056,7.7077246,6.879895,7.063613,7.4155207,7.49276,7.306409,6.9798875,7.4618597,-9.91553
198,syk/CHEMBL3265024,8.676484593696296,2.0,syk,4pv0-prepared,CHEMBL3265024,31.0,-9.62,-11.79,8.676485,7.702774,7.37868,8.26812,7.740273,7.4842014,7.765657,7.690081,7.590289,7.805593,7.3086953,-10.427012
199,syk/CHEMBL3265018,8.234933214882236,3.0,syk,4pv0-prepared,CHEMBL3265018,29.0,-10.93,-11.19,8.234933,7.5376244,7.600949,7.6444106,7.583254,6.8289332,7.8231707,7.712766,7.6948137,7.8283057,7.8139167,-10.336483
200,syk/CHEMBL3265008,7.197287474669193,0.0,syk,4pv0-prepared,CHEMBL3265008,30.0,-10.6,-9.78,7.1972876,6.9933524,7.354343,7.8154325,7.579738,6.671584,7.51124,7.3478856,6.7151475,7.226097,7.2818775,-9.851179
201,syk/CHEMBL3265016,8.602892697227286,0.0,syk,4pv0-prepared,CHEMBL3265016,29.0,-9.59,-11.69,8.602893,6.808402,7.3716946,7.58194,7.324812,6.355751,7.6565304,7.4586463,7.5648937,7.8780036,7.717606,-10.017173
202,syk/CHEMBL3265025,7.506373439839035,0.0,syk,4pv0-prepared,CHEMBL3265025,31.0,-10.36,-10.2,7.5063734,7.2045236,7.460199,8.209599,7.795857,7.4802737,7.5890055,7.5097237,7.718146,7.540025,7.417584,-10.317024
203,syk/CHEMBL3265013,7.219365043609897,0.0,syk,4pv0-prepared,CHEMBL3265013,30.0,-10.35,-9.81,7.219365,7.6392455,8.2920475,7.7900515,7.369494,6.9358606,7.3724904,6.9644876,7.208916,7.387205,7.9279833,-10.176091
204,syk/CHEMBL3259820,7.778663456774374,0.0,syk,4pv0-prepared,CHEMBL3259820,29.0,-10.32,-10.57,7.7786636,7.269382,7.6345325,7.7289095,7.4139175,7.1079144,7.4771233,7.5535836,7.4422956,6.8089747,7.5018454,-10.047094
205,syk/CHEMBL3265001,8.853105145221921,0.0,syk,4pv0-prepared,CHEMBL3265001,40.0,-12.81,-12.03,8.853106,8.012966,8.325795,8.35543,7.8631563,7.1526613,8.291664,8.004615,8.2336035,8.658213,7.778304,-10.962674
206,syk/CHEMBL3265006,7.329752888313412,0.0,syk,4pv0-prepared,CHEMBL3265006,30.0,-10.06,-9.96,7.329753,7.2663918,7.559143,7.817785,7.006458,6.792031,7.612381,7.590062,7.3357387,7.02936,6.5948863,-9.865792
207,syk/CHEMBL3265030_n,8.440990524995465,0.0,syk,4pv0-prepared,CHEMBL3265030_n,31.0,-11.28,-11.47,8.44099,7.5565925,7.910825,7.64797,8.066726,6.9948773,7.8498974,7.448967,7.1166677,7.1106024,7.6960034,-10.245575
208,syk/CHEMBL3265022,7.940565629006195,2.0,syk,4pv0-prepared,CHEMBL3265022,30.0,-10.29,-10.79,7.9405656,7.1794763,7.6875024,8.181704,7.7788935,7.3980927,7.991333,7.7235045,7.4280477,7.5875387,7.8563404,-10.43762
209,syk/CHEMBL3265019,7.933206439359294,0.0,syk,4pv0-prepared,CHEMBL3265019,29.0,-11.54,-10.78,7.9332066,7.6743116,7.842069,7.91319,7.2497053,7.364105,7.8909063,8.057577,7.4294715,7.5683374,7.781856,-10.432063
210,syk/CHEMBL3265021,8.014157525475206,0.0,syk,4pv0-prepared,CHEMBL3265021,29.0,-10.48,-10.89,8.014157,7.6654153,7.7153277,7.83451,7.595495,7.1747355,7.9703207,7.915941,7.5230713,7.7468085,7.936193,-10.473682
211,syk/CHEMBL3265011,6.358339854922478,0.0,syk,4pv0-prepared,CHEMBL3265011,30.0,-6.76,-8.64,6.35834,7.6419,7.299635,7.771829,7.3881783,6.6678276,7.3282084,7.383635,7.6220803,7.660549,7.880115,-10.142959
212,syk/CHEMBL3265005,7.602042905248749,3.0,syk,4pv0-prepared,CHEMBL3265005,29.0,-10.43,-10.33,7.6020427,6.8859663,7.7177653,7.680377,7.2266006,6.1994276,7.360934,7.3159456,7.2391047,7.157102,7.1181684,-9.7702875
213,syk/CHEMBL3265017,8.455708904289267,0.0,syk,4pv0-prepared,CHEMBL3265017,29.0,-10.59,-11.49,8.4557085,7.3807516,7.9139466,7.852354,7.5419674,7.179415,8.088088,7.9831696,7.60262,7.5791593,7.658963,-10.433274
214,syk/CHEMBL3265000,8.6912029729901,0.0,syk,4pv0-prepared,CHEMBL3265000,42.0,-12.9,-11.81,8.691203,8.689342,8.499799,7.94766,7.576324,8.068767,7.864331,7.3490777,8.247269,8.259751,7.6863623,-10.896401
215,syk/CHEMBL3265010,7.4622183019576305,0.0,syk,4pv0-prepared,CHEMBL3265010,31.0,-10.54,-10.14,7.4622183,6.860385,6.9164314,7.646256,7.422318,6.4117846,6.997741,6.8672876,6.5026307,6.7728033,7.24741,-9.463685
216,tnks2/3a,8.095108611591117,2.0,tnks2,4ui5-prepared,3a,21.0,-12.41,-11.0,8.095109,7.554248,7.839772,7.620829,7.2849975,6.5570726,7.4329844,7.7447147,7.054989,7.1107674,7.4064336,-10.002026
217,tnks2/5f,7.550528577720442,0.0,tnks2,4ui5-prepared,5f,22.0,-11.45,-10.26,7.5505285,8.326871,7.799786,7.987818,7.5244837,7.084156,8.313554,8.203115,7.9016385,8.232907,7.8773565,-10.769077
218,tnks2/8e,7.53581019842664,0.0,tnks2,4ui5-prepared,8e,26.0,-8.08,-10.24,7.53581,7.63131,8.168744,7.3557315,7.9407067,7.7897744,7.5828714,7.9547057,7.3391533,7.810641,7.5784726,-10.483778
219,tnks2/5l,7.425422353723125,0.0,tnks2,4ui5-prepared,5l,23.0,-11.92,-10.09,7.425422,7.8227825,7.467557,7.8589673,7.6948485,7.1806827,8.483894,8.2846,7.94258,8.391156,7.329815,-10.661076
220,tnks2/8b,8.779513248752911,0.0,tnks2,4ui5-prepared,8b,26.0,-10.05,-11.93,8.779513,7.7390213,7.6308303,6.484443,7.5830708,7.311659,7.771558,7.6810217,7.3775043,7.5823426,7.8093214,-10.187367
221,tnks2/5g,7.955284008299998,0.0,tnks2,4ui5-prepared,5g,22.0,-11.9,-10.81,7.955284,8.1707535,7.626864,7.917472,7.6619577,7.0517364,8.305751,7.7370205,7.369187,8.08878,7.576262,-10.5318365
222,tnks2/1b,7.315034509019609,0.0,tnks2,4ui5-prepared,1b,19.0,-9.58,-9.94,7.3150344,6.8587995,7.505356,7.3100395,6.544355,6.8296766,6.735527,6.9092402,6.485492,7.004058,6.9437156,-9.393188
223,tnks2/5e,7.440140733016926,0.0,tnks2,4ui5-prepared,5e,22.0,-10.93,-10.11,7.4401407,6.8828535,7.34874,7.215544,7.076575,6.888864,7.762111,7.8621893,7.367525,7.288486,6.5908966,-9.8222475
224,tnks2/8d,9.191627868979369,3.0,tnks2,4ui5-prepared,8d,25.0,-9.84,-12.49,9.1916275,7.590804,7.7688494,7.0544634,7.403946,7.526688,7.8943663,7.778269,7.493509,7.217072,7.9300804,-10.280758
225,tnks2/5b,7.705071560305364,0.0,tnks2,4ui5-prepared,5b,22.0,-11.97,-10.47,7.7050714,7.281162,7.2189612,7.5355024,7.6107254,6.3667727,7.890253,8.142631,7.6699505,8.307551,7.5548115,-10.269923
226,tnks2/5h,7.395985595135521,3.0,tnks2,4ui5-prepared,5h,23.0,-10.25,-10.05,7.3959856,7.3491044,7.472074,7.9684744,7.2017813,6.990875,7.7716236,8.086095,7.635774,7.336751,7.2556386,-10.200605
227,tnks2/8c,7.447499922663827,3.0,tnks2,4ui5-prepared,8c,25.0,-8.0,-10.12,7.4474998,7.6288147,8.10298,7.6057615,7.2615647,7.3264194,7.699645,8.115851,7.6360655,8.040468,7.482981,-10.4495945
228,tnks2/5a,7.918488060065492,2.0,tnks2,4ui5-prepared,5a,21.0,-11.38,-10.76,7.918488,7.784587,7.0733113,7.930997,6.95607,6.6330614,7.609553,8.019285,7.3762527,7.892466,7.1650834,-10.1153345
229,tnks2/5k,8.065671853003513,0.0,tnks2,4ui5-prepared,5k,23.0,-10.87,-10.96,8.065672,8.072914,7.658413,7.85514,7.880363,6.6944532,8.397826,8.305571,8.2911825,8.197122,7.5470996,-10.7213
230,tnks2/7,6.181719303396854,0.0,tnks2,4ui5-prepared,7,22.0,-9.01,-8.4,6.1817193,7.5540543,6.864137,7.433041,7.1895223,6.250238,7.7706394,6.9741826,7.1126018,7.245644,6.70792,-9.661658
231,tnks2/1a,6.292107148100369,2.0,tnks2,4ui5-prepared,1a,17.0,-8.09,-8.55,6.292107,6.4891353,6.8074546,6.938582,6.891953,6.2296143,6.3986464,6.5919347,6.344567,6.328232,6.4408593,-8.895134
232,tnks2/5j,8.153982128766325,0.0,tnks2,4ui5-prepared,5j,23.0,-11.51,-11.08,8.153982,7.5064564,7.284771,7.987892,7.858783,7.0176682,7.9887867,8.371636,7.8423724,8.184056,7.5025935,-10.537168
233,tnks2/8f,8.6912029729901,0.0,tnks2,4ui5-prepared,8f,26.0,-9.81,-11.81,8.691203,7.5681195,7.9817605,6.816098,7.697419,7.5157895,7.5968776,7.586723,7.528929,7.426903,7.938787,-10.280671
234,tnks2/3b,8.477786473229969,0.0,tnks2,4ui5-prepared,3b,22.0,-12.04,-11.52,8.477786,7.5256286,7.7553368,7.9259143,6.9534354,6.42711,7.734119,7.897779,7.7358174,7.188441,7.148638,-10.095161
235,tnks2/5o,8.860464334868823,0.0,tnks2,4ui5-prepared,5o,26.0,-12.67,-12.04,8.860464,7.3028936,7.1508436,8.125831,8.085675,7.053315,7.5111475,7.877632,7.712452,7.8353987,7.4571853,-10.342492
236,tnks2/5d,8.014157525475206,0.0,tnks2,4ui5-prepared,5d,22.0,-10.9,-10.89,8.014157,7.73079,7.5720096,7.9167666,7.4627886,6.4278493,8.209841,8.101786,7.794673,7.918348,7.18122,-10.3701725
237,tnks2/5m,9.338811661917388,0.0,tnks2,4ui5-prepared,5m,23.0,-12.51,-12.69,9.338812,7.894766,7.994286,7.9572268,7.639025,7.167296,8.479047,8.220763,8.050056,8.22621,7.7581086,-10.787436
238,tnks2/5n,7.881692111830988,0.0,tnks2,4ui5-prepared,5n,25.0,-10.93,-10.71,7.881692,7.377157,7.5639315,7.8900995,7.464037,7.2954383,7.677219,7.8898044,7.697159,7.6751804,7.319666,-10.3068
239,tnks2/5c,7.329752888313412,0.0,tnks2,4ui5-prepared,5c,22.0,-11.82,-9.96,7.329753,7.5871415,7.603692,7.441376,7.5152144,6.4570518,7.591786,8.164234,7.413647,8.096423,7.4001374,-10.228124
