,graph_id,affinity,Group,Target,Ligand,Num_Atoms,Exp. dG,Pred. dG,Pred. Error,Rel. dG,Error,Error^2,truth,preds_0,preds_1,preds_2,preds_3,preds_4,preds_5,preds_6,preds_7,preds_8,preds_9,preds
0,Bace/CAT-13f,6.689503389033023,0.0,Bace,CAT-13f,26.0,-9.09,-10.24,1.2,-1.41,1.15,1.3225,6.689503,7.172265,7.17935,6.577066,6.5410314,6.9053016,6.6858582,6.6253047,7.1768994,7.0480475,6.880518,-9.347719
1,Bace/CAT-13d,7.705071560305364,0.0,Bace,CAT-13d,24.0,-10.47,-10.5,1.05,-1.67,0.03,0.0009,7.7050714,7.3223963,7.1597495,6.8852715,6.947794,7.3089204,7.360665,6.976883,7.605644,7.541116,7.098574,-9.811815
2,Bace/CAT-4c,5.776963872817297,0.0,Bace,CAT-4c,28.0,-7.85,-7.52,1.11,1.31,0.33,0.1089,5.7769637,5.576903,5.3017654,5.625666,5.770525,5.5211782,6.042941,6.303516,5.5807514,6.0873213,5.8574595,-7.8361926
3,Bace/CAT-13b,6.711580957973726,0.0,Bace,CAT-13b,23.0,-9.12,-8.92,1.51,-0.09,0.2,0.04,6.7115808,6.4161487,6.8885593,6.3950815,6.312699,6.5653114,6.6607203,6.376508,6.624949,7.143773,6.144833,-8.904321
4,Bace/CAT-4l,6.873483130205549,0.0,Bace,CAT-4l,26.0,-9.34,-7.29,1.17,1.54,2.05,4.2025,6.873483,6.6532807,6.5864534,6.2312474,6.6401973,6.3068013,6.3687544,6.7911625,6.2021947,6.4777846,6.6075044,-8.814201
5,Bace/CAT-13m,6.446650130685289,0.0,Bace,CAT-13m,27.0,-8.76,-10.11,0.71,-1.28,1.35,1.8225,6.44665,7.1269193,6.423407,6.9472294,7.0691867,6.6584463,6.5282497,7.096659,6.6143517,7.0367956,6.9693885,-9.3041
6,Bace/CAT-4k,5.776963872817297,0.0,Bace,CAT-4k,26.0,-7.85,-7.41,1.11,1.42,0.44,0.1936,5.7769637,6.252091,5.9135303,5.397412,5.9343505,5.7869062,5.879045,6.2435274,6.0499,5.6939716,5.9279237,-8.027876
7,Bace/CAT-13n,6.284747958453466,0.0,Bace,CAT-13n,27.0,-8.54,-6.77,0.71,2.06,1.77,3.1329,6.284748,6.771227,6.3102665,6.06436,6.215946,6.383387,6.260744,6.690985,7.0054955,7.102242,6.5316696,-8.878195
8,Bace/CAT-13o,6.284747958453466,3.0,Bace,CAT-13o,26.0,-8.54,-8.34,0.97,0.49,0.2,0.04,6.284748,7.281858,6.875337,7.60339,6.832941,6.8449397,7.0163198,7.1771655,7.526518,6.9879293,6.992125,-9.666625
9,Bace/CAT-13a,6.505523647860498,0.0,Bace,CAT-13a,22.0,-8.84,-8.83,0.0,0.0,0.01,0.0001,6.5055237,6.3436394,6.615607,6.437809,6.3261,6.3662925,6.732001,6.5189276,6.46249,7.027335,6.1863847,-8.834747
10,Bace/CAT-13k,7.138413957493984,0.0,Bace,CAT-13k,27.0,-9.7,-9.4,1.01,-0.57,0.3,0.09,7.138414,7.203736,6.673863,6.532543,6.3397756,6.6373916,6.3861475,6.7979474,6.418513,6.5487976,6.658226,-8.995139
11,Bace/CAT-17a,7.89641049112479,0.0,Bace,CAT-17a,25.0,-10.73,-11.29,1.19,-2.46,0.56,0.3136,7.8964105,7.0101824,7.3502827,7.0840273,7.1452904,7.8972297,7.6608806,7.6248837,7.482782,7.6863804,7.4000506,-10.101924
12,Bace/CAT-17f,6.9323566473807565,2.0,Bace,CAT-17f,25.0,-9.42,-10.45,1.05,-1.62,1.03,1.0609,6.932357,6.920701,7.259738,6.616887,7.3494697,7.1280856,7.374709,7.4143457,6.8803177,7.295143,7.0548544,-9.687785
13,Bace/CAT-13i,6.821968802677241,2.0,Bace,CAT-13i,25.0,-9.27,-10.43,1.51,-1.6,1.16,1.3456,6.821969,7.2984266,7.1536436,6.529908,6.779691,6.8389583,7.2838635,7.218138,7.2669024,7.483492,6.665806,-9.5824175
14,Bace/CAT-17d,6.9323566473807565,0.0,Bace,CAT-17d,23.0,-9.42,-7.93,1.22,0.9,1.49,2.2201,6.932357,6.6145616,6.3362956,6.2646184,6.903552,6.762017,6.5497017,6.848368,6.4019065,6.9946423,6.8626122,-9.041521
15,Bace/CAT-13c,6.858764750911747,0.0,Bace,CAT-13c,24.0,-9.32,-9.32,1.2,-0.49,0.0,0.0,6.8587646,6.663117,7.0294394,6.5182014,6.7144523,6.5191593,6.689758,6.6595864,6.9747143,7.2208633,6.027495,-9.1065445
16,Bace/CAT-17c,7.256160991844401,2.0,Bace,CAT-17c,25.0,-9.86,-10.9,1.07,-2.07,1.04,1.0816,7.256161,7.0911794,7.1298876,6.6679726,7.388898,7.003163,7.270013,7.1294513,7.300024,7.5245624,6.9953017,-9.715804
17,Bace/CAT-24,8.352680249232652,0.0,Bace,CAT-24,26.0,-11.35,-12.35,0.99,-3.52,1.0,1.0,8.35268,7.8980985,7.7317834,7.627497,7.5666494,7.591645,7.5901814,7.93816,7.635132,8.201987,7.8186707,-10.544612
18,Bace/CAT-17i,6.969152595615262,0.0,Bace,CAT-17i,24.0,-9.47,-9.35,0.92,-0.52,0.12,0.0144,6.9691525,6.4112644,6.4096065,6.594254,6.7852616,6.967806,6.8490376,6.8427734,6.7975683,6.947981,6.3423967,-9.097191
19,Bace/CAT-13g,6.689503389033023,0.0,Bace,CAT-13g,27.0,-9.09,-10.07,1.12,-1.24,0.98,0.9604,6.689503,6.657122,6.662388,6.7670264,6.2345986,6.3757086,7.098921,6.088877,6.922992,6.9770536,6.14035,-8.958192
20,Bace/CAT-4j,6.637989061504715,0.0,Bace,CAT-4j,26.0,-9.02,-7.94,1.14,0.89,1.08,1.1664,6.637989,6.238663,6.356433,5.6887136,5.9843903,6.0068126,5.963644,6.2297125,6.036703,6.421504,6.403396,-8.333795
21,Bace/CAT-4p,7.418063164076224,0.0,Bace,CAT-4p,27.0,-10.08,-9.79,1.24,-0.96,0.29,0.0841,7.418063,7.1177106,6.81639,7.0994673,6.989745,6.8340683,6.637476,6.7329025,7.078446,7.1092105,7.101535,-9.446279
22,Bace/CAT-17h,7.602042905248749,0.0,Bace,CAT-17h,24.0,-10.33,-10.38,1.01,-1.55,0.05,0.0025,7.6020427,7.424046,6.990291,7.1090918,7.3176146,7.651421,7.4649644,7.3183885,7.461198,7.531141,7.5674725,-10.033119
23,Bace/CAT-4b,7.086899629965679,0.0,Bace,CAT-4b,28.0,-9.63,-10.22,1.17,-1.39,0.59,0.3481,7.0868998,6.397542,6.1472225,6.5448265,6.6553583,6.280607,6.467311,6.6355453,6.847439,6.5904365,6.504438,-8.842104
24,Bace/CAT-17g,7.167850716081589,0.0,Bace,CAT-17g,24.0,-9.74,-9.09,0.92,-0.26,0.65,0.4225,7.1678505,7.138922,6.9053645,6.960811,7.164882,7.4569964,7.361295,7.356093,6.9960165,7.5394425,7.3926277,-9.820706
25,Bace/CAT-4d,6.704221768326825,3.0,Bace,CAT-4d,29.0,-9.11,-10.16,1.13,-1.33,1.05,1.1025,6.7042217,6.2209873,6.667918,6.381137,6.478304,6.153007,6.510796,6.558278,5.9802523,6.3804584,6.378953,-8.657215
26,Bace/CAT-4m,6.73365852691443,0.0,Bace,CAT-4m,27.0,-9.15,-8.5,1.01,0.33,0.65,0.4225,6.7336583,6.296073,6.4948897,6.111345,6.2631097,6.2601094,6.3745484,6.5800304,6.3503485,6.4161043,6.5038953,-8.649111
27,Bace/CAT-13e,7.329752888313412,0.0,Bace,CAT-13e,25.0,-9.96,-10.49,1.23,-1.66,0.53,0.2809,7.329753,7.311232,7.210517,6.585754,6.538255,6.869438,6.747407,6.7027526,7.16344,7.0919414,6.938552,-9.397676
28,Bace/CAT-4n,6.689503389033023,0.0,Bace,CAT-4n,28.0,-9.09,-9.28,1.24,-0.45,0.19,0.0361,6.689503,6.65845,6.6145525,6.6891484,6.641223,6.3063064,6.6020846,6.8237844,6.3929915,6.7955055,6.8142986,-9.014354
29,Bace/CAT-4a,5.835837389992505,3.0,Bace,CAT-4a,26.0,-7.93,-7.96,1.08,0.87,0.03,0.0009,5.8358374,5.755921,5.9815297,5.264462,5.7011805,5.4576035,5.5256953,6.0359993,5.6566358,5.2393026,5.6759915,-7.649527
30,Bace/CAT-13j,6.424572561744587,0.0,Bace,CAT-13j,27.0,-8.73,-8.74,1.17,0.09,0.01,0.0001,6.4245725,6.4922295,6.5718923,5.950163,6.2207046,6.0100803,6.103744,6.3406777,6.834137,6.1936707,6.190177,-8.548153
31,Bace/CAT-13h,7.086899629965679,0.0,Bace,CAT-13h,25.0,-9.63,-9.26,1.3,-0.43,0.37,0.1369,7.0868998,7.119974,7.228655,6.509022,6.7574472,7.05111,6.60835,6.6775584,6.9959645,7.1131015,6.731342,-9.347838
32,Bace/CAT-4i,6.078690648340238,0.0,Bace,CAT-4i,26.0,-8.26,-7.02,0.85,1.81,1.24,1.5376,6.0786905,6.1254625,5.895613,5.8689322,5.7107315,5.6829934,5.671593,5.9669466,6.016036,5.9861884,5.843924,-7.9857187
33,CDK2/28,8.177531535636408,2.0,CDK2,28,29.0,-11.112,-10.29425,0.83,-2.14,0.81775,0.6687150625,8.177531,6.7931404,7.401825,6.4996185,7.388594,7.012026,7.4309015,6.866469,7.3784113,6.9047227,7.449242,-9.664781
34,CDK2/1oiy,7.200967069492644,3.0,CDK2,1oiy,27.0,-9.785,-8.75425,0.48,-0.6,1.03075,1.0624455625,7.200967,5.6918736,5.9902754,5.2756968,6.147185,5.9692273,6.148581,6.489051,6.3014536,5.6324286,6.494185,-8.17209
35,CDK2/1oi9,7.168586635046279,0.0,CDK2,1oi9,25.0,-9.741,-8.65425,0.61,-0.5,1.08675,1.1810255625,7.1685867,6.0678163,6.4126825,6.249309,6.482325,6.1368732,6.072016,6.7153425,6.0922084,5.9594555,6.6275587,-8.5356655
36,CDK2/32,7.17520990572849,0.0,CDK2,32,30.0,-9.75,-9.45425,0.94,-1.3,0.29575,0.0874680625,7.17521,6.8730636,7.3908997,6.8806887,7.1296206,6.9273133,7.262456,6.967901,7.276304,6.889708,7.114825,-9.608773
37,CDK2/1oiu,6.684351956280192,3.0,CDK2,1oiu,28.0,-9.083,-10.80425,0.43,-2.65,1.72125,2.9627015625,6.684352,6.328852,6.653396,6.6322513,6.877833,6.3507075,6.694814,6.3397636,6.466753,6.4868426,6.457914,-8.871781
38,CDK2/29,7.272351209067583,0.0,CDK2,29,30.0,-9.882,-9.11425,0.82,-0.96,0.76775,0.5894400625,7.2723513,6.6788354,7.169235,6.436993,6.7108865,6.9930234,7.228029,6.6447783,7.098121,6.922111,8.05117,-9.502837
39,CDK2/1h1r,5.643762540208389,0.0,CDK2,1h1r,25.0,-7.669,-8.84425,0.53,-0.69,1.17525,1.3812125625,5.6437626,5.428943,5.529781,5.8780823,5.3885727,5.2669683,5.6839843,5.5542507,5.159903,5.700083,5.536673,-7.490939
40,CDK2/26,6.204532791302245,2.0,CDK2,26,26.0,-8.431,-8.79425,0.48,-0.64,0.36325,0.1319505625,6.2045326,6.6562953,6.122076,6.2525268,6.1781726,6.11646,6.4373755,6.4568057,6.367911,6.2311616,6.551416,-8.61103
41,CDK2/1h1s,8.276144676904883,0.0,CDK2,1h1s,28.0,-11.246,-9.77425,0.84,-1.62,1.47175,2.1660480625,8.276145,7.154646,7.453189,7.1230526,7.3458,6.9125133,7.3806105,7.292684,7.4868183,6.7132506,7.188943,-9.790685
42,CDK2/31,7.019931004178878,3.0,CDK2,31,27.0,-9.539,-9.01425,0.83,-0.86,0.52475,0.2753625625,7.019931,6.159629,6.254321,6.468628,6.6386647,6.4790273,6.43678,6.595862,6.8801627,6.0388355,7.081668,-8.837057
43,CDK2/20,6.415741534168305,0.0,CDK2,20,26.0,-8.718,-8.69425,0.43,-0.54,0.02375,0.0005640625,6.4157414,5.963472,5.043837,5.757854,5.664157,5.467901,6.300895,5.7739835,5.23996,5.966185,5.11248,-7.649039
44,CDK2/22,5.7857949003935785,2.0,CDK2,22,26.0,-7.862,-8.98425,0.57,-0.83,1.12225,1.2594450625,5.7857947,5.6392913,5.6881404,6.2703056,6.462003,5.8393116,5.967659,6.1990438,5.44639,6.137098,6.473934,-8.169809
45,CDK2/1h1q,6.019081212200341,0.0,CDK2,1h1q,24.0,-8.179,-8.15425,0.0,0.0,0.02475,0.0006125625,6.019081,6.1417785,5.784816,5.796,6.0459805,5.9272833,6.0888963,6.3094277,5.6751075,5.8831086,5.950484,-8.09911
46,Jnk1/18628-1,6.402494992803883,0.0,Jnk1,18628-1,23.0,-8.7,-7.37,0.45,0.81,1.33,1.7689,6.402495,6.951579,6.446749,6.418265,6.876496,7.218179,6.6856647,6.9103994,6.392604,6.613506,6.2953444,-9.07828
47,Jnk1/18660-1,6.402494992803883,2.0,Jnk1,18660-1,30.0,-8.7,-10.75,0.38,-2.57,2.05,4.2025,6.402495,6.913807,8.008706,7.2386265,7.400988,7.4800234,7.0026608,7.502157,7.3350153,6.593221,7.063134,-9.856839
48,Jnk1/18624-1,6.247952010218962,0.0,Jnk1,18624-1,22.0,-8.49,-7.45,0.3,0.73,1.04,1.0816,6.247952,6.5143366,6.108742,6.4287643,6.6038857,6.9464784,6.2270594,6.771221,6.501879,6.485286,6.487993,-8.842773
49,Jnk1/18633-1,6.7483769062082315,3.0,Jnk1,18633-1,24.0,-9.17,-8.23,0.3,-0.05,0.94,0.8836,6.748377,6.4710526,6.303939,6.4845686,7.0711427,7.135377,6.483194,6.9449515,6.5571537,6.709595,6.6485457,-9.07838
50,Jnk1/18635-1,5.36484925259084,0.0,Jnk1,18635-1,24.0,-7.29,-7.45,0.35,0.73,0.16,0.0256,5.364849,6.7008305,6.6746516,6.7439,6.7825637,7.8421993,6.8833356,6.980356,6.4421186,6.637991,6.432523,-9.256518
51,Jnk1/17124-1,7.1236955782001825,0.0,Jnk1,17124-1,27.0,-9.68,-11.42,0.64,-3.24,1.74,3.0276,7.1236954,7.376755,7.630443,7.6657414,7.420377,7.511958,7.158907,7.6214294,7.163002,7.1150594,7.3517427,-10.057549
52,Jnk1/18625-1,5.968302803636723,2.0,Jnk1,18625-1,23.0,-8.11,-6.53,0.3,1.65,1.58,2.4964,5.9683027,6.43839,6.705702,6.692065,7.035007,7.1639476,6.474561,6.702107,6.9361763,7.0910273,6.924766,-9.262398
53,Jnk1/18659-1,6.969152595615262,0.0,Jnk1,18659-1,28.0,-9.47,-10.48,0.44,-2.3,1.01,1.0201,6.9691525,6.506608,7.0865526,6.877196,6.932164,6.981716,6.8615327,7.3281126,6.243993,6.8149357,7.0399256,-9.331562
54,Jnk1/18637-1,7.4622183019576305,0.0,Jnk1,18637-1,30.0,-10.14,-11.49,0.6,-3.31,1.35,1.8225,7.4622183,7.259849,7.2753563,7.5273,7.3760715,7.5554576,7.484543,7.6968017,7.0444927,7.2374573,7.2958894,-10.021921
55,Jnk1/18652-1,7.859614542890284,0.0,Jnk1,18652-1,31.0,-10.68,-11.65,0.53,-3.47,0.97,0.9409,7.8596144,7.718336,7.641074,7.5976424,6.9826493,8.083543,7.3055716,7.504954,7.64631,7.3356647,7.5576134,-10.242072
56,Jnk1/18627-1,6.240592820572061,0.0,Jnk1,18627-1,23.0,-8.48,-7.91,0.02,0.27,0.57,0.3249,6.240593,6.775653,7.2524023,6.7637844,7.2341166,6.9109535,6.3895264,6.7748704,6.69732,6.645715,6.6818194,-9.257291
57,Jnk1/18658-1,7.138413957493984,0.0,Jnk1,18658-1,27.0,-9.7,-10.11,0.44,-1.93,0.41,0.1681,7.138414,6.500001,7.4231744,7.4495664,6.814838,7.1800427,6.748533,7.263907,6.576147,6.8423414,7.1479964,-9.504653
58,Jnk1/18630-1,6.726299337267529,3.0,Jnk1,18630-1,23.0,-9.14,-7.64,0.02,0.54,1.5,2.25,6.7262993,6.6759515,6.808876,6.5721745,6.6896043,6.6960335,6.4743285,6.7971187,6.409736,6.4224744,6.031149,-8.91096
59,Jnk1/18639-1,7.167850716081589,0.0,Jnk1,18639-1,29.0,-9.74,-10.82,0.62,-2.64,1.08,1.1664,7.1678505,7.6820374,7.2538567,7.136074,7.535581,7.441772,7.2019534,7.866939,7.386347,6.6263433,7.4236584,-9.994926
60,Jnk1/18631-1,6.9249974577338556,2.0,Jnk1,18631-1,24.0,-9.41,-10.02,0.53,-1.84,0.61,0.3721,6.9249973,6.8116064,6.945173,6.5007734,6.5111284,7.298632,6.660501,7.118577,6.847096,6.689018,7.399801,-9.34645
61,Jnk1/18632-1,6.682144199386122,3.0,Jnk1,18632-1,24.0,-9.08,-7.99,0.31,0.19,1.09,1.1881,6.682144,5.998673,6.2106004,6.4408484,6.574233,6.556018,6.6313477,6.858309,6.748347,6.6755757,6.656126,-8.880064
62,Jnk1/18636-1,5.526751424822662,0.0,Jnk1,18636-1,24.0,-7.51,-6.31,0.42,1.87,1.2,1.44,5.5267515,6.8195295,6.9855986,7.2962604,7.398114,7.2968435,6.6738796,6.602926,7.0367665,6.7995863,6.7847176,-9.470367
63,Jnk1/18626-1,6.5276012168012,0.0,Jnk1,18626-1,23.0,-8.87,-8.18,0.0,0.0,0.69,0.4761,6.5276012,6.737489,6.8442373,6.80658,7.5225744,7.248056,6.780618,7.0215945,6.9267173,6.736743,6.578523,-9.403635
64,MCL1/26,6.063972269046437,0.0,MCL1,26,26.0,-8.24,-8.31,0.8,-2.5,0.07,0.0049,6.0639725,6.005643,6.1707788,5.3945975,5.5602603,5.718569,5.1733723,5.2582517,5.7930536,5.5314646,6.2248054,-7.722426
65,MCL1/48,4.901220304836077,0.0,MCL1,48,25.0,-6.66,-3.88,1.06,1.93,2.78,7.7284,4.9012203,5.432735,5.9298806,5.2835593,5.1916027,5.705813,5.363612,5.470222,5.555996,5.637505,5.9157963,-7.5397873
66,MCL1/33,5.063122477067899,0.0,MCL1,33,23.0,-6.88,-6.82,0.8,-1.01,0.06,0.0036,5.0631223,5.854288,6.0695534,5.821452,5.577629,5.1607614,5.3022027,5.2583275,5.623198,5.554624,6.1026034,-7.653647
67,MCL1/46,5.592984131644772,0.0,MCL1,46,25.0,-7.6,-6.72,1.11,-0.91,0.88,0.7744,5.592984,6.2472653,5.9822416,6.2115498,5.968016,5.068311,6.3444448,6.535756,5.8538604,5.4045434,5.774825,-8.070292
68,MCL1/35,6.483446078919795,2.0,MCL1,35,24.0,-8.81,-7.36,1.14,-1.55,1.45,2.1025,6.483446,6.1992326,6.459299,6.091176,5.8044777,4.80954,5.6932797,5.8094664,5.790479,5.997179,5.888231,-7.9550004
69,MCL1/31,5.828478200345605,0.0,MCL1,31,26.0,-7.92,-6.79,1.66,-0.98,1.13,1.2769,5.8284783,6.479615,6.3160644,5.3251324,5.377653,5.2867165,5.320568,5.6588054,6.2026176,5.1287823,5.8719683,-7.741059
70,MCL1/52,6.792532044089637,0.0,MCL1,52,25.0,-9.23,-9.53,1.65,-3.72,0.3,0.09,6.792532,5.9315467,6.96856,6.2119193,5.3301105,5.766639,5.605126,6.6115313,5.794222,6.516661,6.7311006,-8.352471
71,MCL1/68,5.6592168384668815,0.0,MCL1,68,27.0,-7.69,-6.16,0.87,-0.35,1.53,2.3409,5.659217,5.99078,6.7203474,5.839244,6.3382096,7.239554,6.4018817,6.503054,6.962977,7.060745,6.7517543,-8.942364
72,MCL1/32,4.842346787660868,3.0,MCL1,32,23.0,-6.58,-6.09,1.57,-0.28,0.49,0.2401,4.8423467,5.0624967,5.3760242,5.3230376,5.2653785,4.418024,4.9221325,5.4827857,5.121875,5.0268373,5.595089,-7.0107827
73,MCL1/38,5.166151132124512,0.0,MCL1,38,28.0,-7.02,-7.61,1.35,-1.8,0.59,0.3481,5.166151,5.2465067,5.746119,5.2778964,5.6996193,5.1446953,5.5056386,5.7904663,5.403896,5.4192543,5.999691,-7.5054164
74,MCL1/51,6.2185152516313575,0.0,MCL1,51,27.0,-8.45,-7.35,1.06,-1.54,1.1,1.21,6.2185154,6.239203,7.172731,6.013842,6.5129275,6.377616,6.5509925,6.123211,7.208272,6.881653,6.741487,-8.944181
75,MCL1/50,6.866123940558648,0.0,MCL1,50,26.0,-9.33,-8.81,1.5,-3.0,0.52,0.2704,6.866124,6.303734,7.174687,6.4833217,6.7351503,6.7056913,6.1767154,6.1050954,6.4126673,7.095183,6.6629486,-8.948702
76,MCL1/28,4.871783546248472,0.0,MCL1,28,23.0,-6.62,-5.94,1.23,-0.13,0.68,0.4624,4.8717837,5.0428886,5.411875,5.6113057,5.014165,5.235201,5.028626,5.107007,5.677224,5.8433714,6.153214,-7.3547335
77,MCL1/66,6.203796872337556,2.0,MCL1,66,27.0,-8.43,-8.97,0.68,-3.16,0.54,0.2916,6.203797,6.3504705,6.196911,5.947167,5.9507265,6.415859,6.2540855,6.5174527,6.6555433,6.545987,6.61229,-8.621396
78,MCL1/39,5.173510321771414,0.0,MCL1,39,28.0,-7.03,-7.36,1.38,-1.55,0.33,0.1089,5.1735106,5.840033,6.09659,5.663186,5.7993684,5.6887903,5.9868755,5.694613,5.6136713,5.43138,5.609612,-7.803049
79,MCL1/37,6.5864747339764085,0.0,MCL1,37,25.0,-8.95,-9.22,1.52,-3.41,0.27,0.0729,6.586475,5.678407,6.11921,6.2559776,5.6724744,6.067152,6.378705,5.649277,5.9429216,7.097495,6.349452,-8.317637
80,MCL1/30,5.776963872817297,0.0,MCL1,30,23.0,-7.85,-5.88,1.22,-0.07,1.97,3.8809,5.7769637,5.2746654,5.564644,5.5775166,5.6476555,5.916802,5.60484,5.5836525,5.453987,5.791338,5.6756196,-7.621861
81,MCL1/54,7.197287474669193,0.0,MCL1,54,27.0,-9.78,-9.94,0.79,-4.13,0.16,0.0256,7.1972876,5.9561224,6.0256205,5.892229,6.6162977,5.965983,6.021427,5.787945,6.4941382,6.4921985,5.9675317,-8.318782
82,MCL1/44,6.380417423863181,0.0,MCL1,44,27.0,-8.67,-9.37,0.71,-3.56,0.7,0.49,6.3804173,6.473314,6.747474,6.1146007,5.719153,5.536147,5.926799,6.081241,6.147764,6.420667,5.9981213,-8.311415
83,MCL1/29,5.107277614949305,0.0,MCL1,29,26.0,-6.94,-6.29,1.25,-0.48,0.65,0.4225,5.1072774,6.090519,5.769818,5.482805,5.5675526,6.0142155,5.5612535,5.5576963,5.901571,5.645936,5.917277,-7.8145347
84,MCL1/40,5.335412494003236,0.0,MCL1,40,29.0,-7.25,-8.21,1.73,-2.4,0.96,0.9216,5.3354125,5.6695385,5.3954096,5.7225466,5.812613,5.2373385,5.710174,5.3886495,5.786969,6.0405517,6.105292,-7.7276278
85,MCL1/62,5.8579149589332085,0.0,MCL1,62,27.0,-7.96,-7.26,1.06,-1.45,0.7,0.49,5.857915,6.670803,6.462659,5.7055607,6.7114906,6.934751,6.1353436,6.737011,7.355948,6.993374,6.519294,-8.999121
86,MCL1/61,5.946225234696021,0.0,MCL1,61,26.0,-8.08,-9.23,1.65,-3.42,1.15,1.3225,5.946225,7.0731754,6.7950025,6.51544,6.5695086,6.7512703,6.63513,6.803875,7.1400995,7.013679,7.0901423,-9.292779
87,MCL1/49,6.152282544809249,0.0,MCL1,49,25.0,-8.36,-8.1,1.35,-2.29,0.26,0.0676,6.1522827,6.153873,7.2175694,6.073124,6.461834,6.041133,5.8274446,6.323662,6.339197,6.518409,6.5315,-8.627003
88,MCL1/65,6.189078493043755,0.0,MCL1,65,26.0,-8.41,-10.24,1.65,-4.43,1.83,3.3489,6.1890783,6.5020413,6.392862,6.25584,6.9243655,6.2988305,6.8317885,6.5455995,6.7061586,6.28655,6.8148603,-8.908439
89,MCL1/58,6.9249974577338556,0.0,MCL1,58,27.0,-9.41,-11.63,1.68,-5.82,2.22,4.9284,6.9249973,6.4367933,7.1010036,6.9071956,7.0769258,7.200687,6.5740776,7.333294,7.052333,7.6842685,6.6370006,-9.512403
90,MCL1/63,6.66742582009232,2.0,MCL1,63,26.0,-9.06,-10.29,1.62,-4.48,1.23,1.5129,6.6674256,6.759185,6.7657447,6.301068,6.730859,6.515934,6.7874284,7.0748463,6.8424335,6.811711,6.6270566,-9.133651
91,MCL1/27,4.503824063903422,3.0,MCL1,27,22.0,-6.12,-5.81,0.0,0.0,0.31,0.0961,4.503824,4.9564047,5.3345146,5.462796,5.012268,4.4895396,4.850792,4.9308095,5.146966,5.019322,5.6238856,-6.9066434
92,MCL1/47,4.253611615908787,0.0,MCL1,47,26.0,-5.78,-6.16,1.47,-0.35,0.38,0.1444,4.2536116,5.2820587,6.0252533,4.9233727,5.092919,5.535548,5.9387083,4.9679084,5.0557,6.0145526,5.861192,-7.432504
93,MCL1/57,6.652707440798517,0.0,MCL1,57,27.0,-9.04,-8.9,0.87,-3.09,0.14,0.0196,6.6527076,5.9089904,6.630974,5.3780875,5.736369,6.3127303,5.6758795,6.1173487,6.149622,5.868304,6.447955,-8.183817
94,MCL1/56,6.81460961303034,0.0,MCL1,56,26.0,-9.26,-10.41,1.23,-4.6,1.15,1.3225,6.8146095,6.3338904,6.170772,5.774295,6.144126,6.6244125,5.869693,6.0703816,6.1880646,6.8870287,6.3288193,-8.478037
95,MCL1/53,7.329752888313412,0.0,MCL1,53,26.0,-9.96,-11.24,1.61,-5.43,1.28,1.6384,7.329753,6.189518,6.4473133,6.5811353,5.8576846,6.5415893,6.388544,5.9872985,5.9248524,6.311602,5.978566,-8.453118
96,MCL1/36,6.019817131165031,0.0,MCL1,36,25.0,-8.18,-7.91,1.22,-2.1,0.27,0.0729,6.0198174,6.3367777,6.239475,5.6426334,6.371836,5.3766737,6.3268776,6.027774,5.8680577,6.843058,6.0982003,-8.306807
97,MCL1/60,6.564397165035706,0.0,MCL1,60,25.0,-8.92,-9.43,1.3,-3.62,0.51,0.2601,6.5643973,6.1988025,6.18276,6.522883,6.4213333,6.016781,6.4357986,6.4989033,6.785275,6.5825086,6.3582573,-8.697058
98,MCL1/45,6.5864747339764085,0.0,MCL1,45,26.0,-8.95,-8.49,0.6,-2.68,0.46,0.2116,6.586475,6.456667,5.8600044,6.1055775,6.7906756,6.0245,6.549983,5.902349,6.368637,6.1805844,6.209267,-8.48575
99,MCL1/42,6.549678785741904,0.0,MCL1,42,26.0,-8.9,-7.93,0.75,-2.12,0.97,0.9409,6.549679,5.4124355,6.1302824,5.897082,5.9564404,6.067311,6.055883,5.49489,6.104605,6.004971,6.1485195,-8.054204
100,MCL1/67,5.57826575235097,3.0,MCL1,67,25.0,-7.58,-9.54,1.25,-3.73,1.96,3.8416,5.5782657,6.614179,5.869909,6.156207,6.0171547,6.643202,5.870418,5.8395224,6.0334053,6.5963864,6.641687,-8.463169
101,MCL1/34,5.055763287420998,0.0,MCL1,34,26.0,-6.87,-7.38,1.44,-1.57,0.51,0.2601,5.0557632,6.046045,5.9645486,4.8100615,5.1042438,4.846728,5.383626,5.1925864,5.718684,5.73108,5.9938188,-7.4453063
102,MCL1/43,5.173510321771414,0.0,MCL1,43,26.0,-7.03,-7.72,1.04,-1.91,0.69,0.4761,5.1735106,6.4029794,6.3111987,5.8407593,6.0044413,5.0982246,5.6894464,6.104413,6.0989723,5.294766,5.73462,-7.9600906
103,p38/p38a_2n,8.720639731577704,0.0,p38,p38a_2n,31.0,-11.85,-11.0,1.2,-2.48,0.85,0.7225,8.72064,8.54172,8.58947,8.594849,8.752622,8.666666,9.123112,8.833485,8.27709,8.871827,8.286913,-11.759141
104,p38/p38a_3flz,6.983870974909064,0.0,p38,p38a_3flz,26.0,-9.49,-9.95,1.02,-1.43,0.46,0.2116,6.983871,7.681007,7.519931,7.7411757,7.921777,7.534836,7.0529995,8.210103,7.565324,7.5957537,7.182729,-10.327989
105,p38/p38a_2h,6.976511785262163,0.0,p38,p38a_2h,27.0,-9.48,-10.45,1.18,-1.93,0.97,0.9409,6.976512,7.9692574,8.104954,8.028925,7.791721,7.750252,7.577049,8.255803,7.6354346,8.10384,8.2093115,-10.792839
106,p38/p38a_2s,8.176059697707029,0.0,p38,p38a_2s,32.0,-11.11,-10.35,1.15,-1.83,0.76,0.5776,8.17606,8.914813,8.827522,8.499288,8.860212,8.799064,8.805801,8.698873,8.440397,9.1281185,8.614561,-11.901942
107,p38/p38a_2bb,6.66742582009232,0.0,p38,p38a_2bb,28.0,-9.06,-8.52,1.29,0.0,0.54,0.2916,6.6674256,7.553693,8.214607,8.21574,8.227036,7.6792016,8.076269,7.835099,8.2650385,7.937981,8.0943985,-10.884222
108,p38/p38a_2q,9.022366507100644,0.0,p38,p38a_2q,35.0,-12.26,-12.62,0.99,-4.1,0.36,0.1296,9.022367,8.498445,7.923272,8.465248,8.154928,8.280308,8.4282675,7.947533,7.981288,8.539047,8.489416,-11.238705
109,p38/p38a_2z,7.624120474189452,0.0,p38,p38a_2z,27.0,-10.36,-11.37,1.5,-2.85,1.01,1.0201,7.6241207,7.731476,8.145576,8.314084,8.008006,8.236376,8.801081,8.473121,8.241535,8.1693,7.903444,-11.14579
110,p38/p38a_3fmh,7.9700023875938,0.0,p38,p38a_3fmh,30.0,-10.83,-11.31,0.24,-2.79,0.48,0.2304,7.970002,8.688115,9.195501,8.827281,8.11737,8.015808,8.517469,8.597035,8.739329,9.118801,8.281778,-11.699452
111,p38/p38a_2f,6.240592820572061,2.0,p38,p38a_2f,27.0,-8.48,-9.25,1.19,-0.73,0.77,0.5929,6.240593,8.40259,8.11993,7.9857264,8.305558,8.052603,7.9898868,8.272923,8.177383,8.525882,7.6179533,-11.067853
112,p38/p38a_2v,6.601193113270211,0.0,p38,p38a_2v,23.0,-8.97,-8.52,0.0,0.0,0.45,0.2025,6.601193,7.742576,8.003407,7.7453303,7.4753966,7.898355,8.357454,7.912687,7.20661,7.9669127,7.9301825,-10.631458
113,p38/p38a_3fln,8.006798335828305,0.0,p38,p38a_3fln,28.0,-10.88,-9.85,0.93,-1.33,1.03,1.0609,8.006799,8.601998,8.566605,8.493591,8.291001,8.469442,8.943708,8.631623,8.244937,8.844529,8.75213,-11.664268
114,p38/p38a_2t,8.720639731577704,0.0,p38,p38a_2t,30.0,-11.85,-10.34,1.26,-1.82,1.51,2.2801,8.72064,8.436291,9.216561,8.270243,8.484759,8.698026,8.271966,8.599188,7.740264,9.151437,8.163292,-11.554536
115,p38/p38a_2r,7.940565629006195,2.0,p38,p38a_2r,32.0,-10.79,-12.09,1.28,-3.57,1.3,1.69,7.9405656,8.560781,9.042439,8.44576,8.39453,8.626149,8.712528,8.245863,8.236399,8.831294,8.2607355,-11.598624
116,p38/p38a_3fly,8.40419457676096,0.0,p38,p38a_3fly,25.0,-11.42,-10.58,0.35,-2.06,0.84,0.7056,8.404195,7.939871,8.590412,8.186487,8.124738,7.900515,8.796559,8.542276,8.2487335,8.844007,7.8551574,-11.282323
117,p38/p38a_2u,9.022366507100644,0.0,p38,p38a_2u,37.0,-12.26,-13.04,1.05,-4.52,0.78,0.6084,9.022367,8.484443,8.453888,8.535894,8.438053,8.488948,8.419651,8.566671,8.193814,8.52492,8.484936,-11.4946375
118,p38/p38a_2aa,6.821968802677241,0.0,p38,p38a_2aa,27.0,-9.27,-10.29,1.82,-1.77,1.02,1.0404,6.821969,7.9613414,7.942115,8.360781,7.8293724,8.045716,8.482453,8.412072,7.6529613,7.888751,8.2455635,-10.98234
119,p38/p38a_2gg,7.8448961635964825,0.0,p38,p38a_2gg,30.0,-10.66,-9.81,1.06,-1.29,0.85,0.7225,7.8448963,7.8736935,7.743608,8.022816,8.111683,8.251662,8.333104,8.323558,8.121099,7.846988,8.458589,-11.018441
120,p38/p38a_2k,7.763945077480572,0.0,p38,p38a_2k,27.0,-10.55,-10.25,1.1,-1.73,0.3,0.09,7.763945,8.522112,8.218291,8.288789,7.871326,8.253481,8.69289,8.462264,8.320347,8.540143,8.404057,-11.356373
121,p38/p38a_3flq,7.307675319372708,2.0,p38,p38a_3flq,29.0,-9.93,-9.69,1.09,-1.17,0.24,0.0576,7.3076754,7.670874,7.8796167,7.937876,8.018646,7.566439,7.6833134,7.3966017,8.201729,7.9179945,7.489945,-10.566793
122,p38/p38a_2p,8.242292404529136,0.0,p38,p38a_2p,34.0,-11.2,-10.09,1.09,-1.57,1.11,1.2321,8.242292,8.479936,8.650229,8.353817,8.480562,8.344219,8.673646,8.228049,8.14424,8.302905,8.236393,-11.399896
123,p38/p38a_2j,7.418063164076224,0.0,p38,p38a_2j,28.0,-10.08,-9.67,0.93,-1.15,0.41,0.1681,7.418063,8.043243,7.961121,8.340539,7.939647,8.434677,8.471349,8.356691,8.653816,8.164434,8.431452,-11.250826
124,p38/p38a_2g,7.8448961635964825,0.0,p38,p38a_2g,27.0,-10.66,-10.09,1.1,-1.57,0.57,0.3249,7.8448963,8.472199,8.18518,8.268159,8.182896,8.063685,7.652844,8.347699,8.126405,8.897808,8.266723,-11.205525
125,p38/p38a_2c,7.697712370658463,3.0,p38,p38a_2c,26.0,-10.46,-11.44,1.1,-2.92,0.98,0.9604,7.6977124,7.6836514,7.062619,7.346522,7.2487187,7.739873,6.9507055,7.653887,6.9359503,8.036578,6.860781,-9.990132
126,p38/p38a_2x,7.528451008779739,0.0,p38,p38a_2x,27.0,-10.23,-9.06,0.34,-0.54,1.17,1.3689,7.528451,7.860063,8.385227,8.172583,8.055926,8.038067,8.753282,8.341683,7.6599665,8.822304,8.5942135,-11.235383
127,p38/p38a_2e,7.874332922184086,3.0,p38,p38a_2e,27.0,-10.7,-9.99,1.15,-1.47,0.71,0.5041,7.874333,8.4700775,7.981874,8.096319,8.1131735,7.8256054,8.005611,8.460266,7.6612177,8.420671,8.01214,-11.013028
128,p38/p38a_2ee,9.022366507100644,0.0,p38,p38a_2ee,31.0,-12.26,-11.08,1.18,-2.56,1.18,1.3924,9.022367,7.720458,8.249354,8.040185,7.5221047,7.75929,8.620572,7.7355022,8.004492,7.932232,8.069182,-10.823662
129,p38/p38a_2y,7.197287474669193,0.0,p38,p38a_2y,27.0,-9.78,-10.6,1.13,-2.08,0.82,0.6724,7.1972876,8.244241,8.04129,7.72799,8.151685,7.9905505,8.28328,8.177211,8.002511,8.309216,8.118693,-11.012988
130,p38/p38a_2i,7.395985595135521,0.0,p38,p38a_2i,27.0,-10.05,-10.22,1.18,-1.7,0.17,0.0289,7.3959856,7.8961906,8.107204,8.001946,8.065419,8.156143,7.6887093,8.040689,8.323892,8.387399,7.988407,-10.959902
131,p38/p38a_2o,7.719789939599165,0.0,p38,p38a_2o,33.0,-10.49,-9.46,1.32,-0.94,1.03,1.0609,7.71979,8.3179455,8.596562,8.454651,8.491931,8.584499,8.262634,7.8731,8.503107,8.287644,8.322462,-11.372793
132,p38/p38a_2ff,8.418912956054761,3.0,p38,p38a_2ff,29.0,-11.44,-10.79,1.19,-2.27,0.65,0.4225,8.418913,8.610124,8.624444,8.498132,8.604208,8.4692745,9.202599,8.629176,8.5552435,8.553496,8.518446,-11.722098
133,p38/p38a_2m,8.065671853003513,0.0,p38,p38a_2m,30.0,-10.96,-12.96,1.17,-4.44,2.0,4.0,8.065672,8.7185,8.634191,8.2458315,8.382238,8.601166,9.055548,8.314619,8.52577,8.894291,8.633765,-11.686874
134,PTP1B/23469,5.6812944074075835,3.0,PTP1B,23469,29.0,-7.72,-7.22,0.78,1.87,0.5,0.25,5.6812944,5.995292,6.4588594,5.7200336,6.161611,6.037633,5.639122,5.720553,6.4556155,5.757319,6.3373117,-8.191574
135,PTP1B/23474,6.704221768326825,0.0,PTP1B,23474,28.0,-9.11,-9.06,0.91,0.03,0.05,0.0,6.7042217,7.1262712,7.051416,6.497326,6.138245,6.4309516,6.4988637,6.624167,6.1013494,6.2656116,6.8076134,-8.906117
136,PTP1B/23480,6.417213372097686,0.0,PTP1B,23480,31.0,-8.72,-9.4,1.77,-0.31,0.68,0.47,6.4172134,6.687557,7.009972,6.013254,7.45929,7.5044255,7.4710793,7.643461,7.313806,7.178093,7.0916295,-9.698427
137,PTP1B/23470,5.6812944074075835,0.0,PTP1B,23470,27.0,-7.72,-8.06,0.89,1.03,0.34,0.12,5.6812944,5.9204354,6.95249,6.1275196,6.485255,6.6850276,5.9773235,6.5183516,6.9307156,5.8243318,6.6396728,-8.704914
138,PTP1B/23486,9.176909489685567,3.0,PTP1B,23486,37.0,-12.47,-10.99,1.75,-1.9,1.48,2.18,9.176909,7.1256757,7.360963,7.7053747,7.6513677,7.720677,7.2603536,8.036293,7.402664,7.66244,7.207197,-10.209413
139,PTP1B/20669(2qbr),6.336262285981774,0.0,PTP1B,20669(2qbr),28.0,-8.61,-8.43,0.86,0.66,0.18,0.03,6.336262,5.969948,6.116021,5.7042246,5.870493,6.096631,5.9184523,6.0237365,6.3646126,5.8876905,6.2925544,-8.186276
140,PTP1B/23482,7.366548836547916,0.0,PTP1B,23482,31.0,-10.01,-9.8,1.39,-0.71,0.21,0.04,7.366549,6.350774,6.9147825,6.773052,7.3151846,7.416867,6.9005694,7.2263813,7.3328032,6.83077,7.1952186,-9.546758
141,PTP1B/23473,6.174360113749953,2.0,PTP1B,23473,28.0,-8.39,-8.11,0.92,0.98,0.28,0.08,6.1743603,5.8842363,5.905621,5.5587096,5.503292,5.857769,5.616092,5.3428516,5.877159,5.5415106,6.057652,-7.7651067
142,PTP1B/20670(2qbs),6.682144199386122,0.0,PTP1B,20670(2qbs),27.0,-9.08,-9.95,1.06,-0.86,0.87,0.76,6.682144,6.516103,6.6910157,6.4277697,7.029481,6.6501117,6.4689693,6.6137457,6.944591,6.406764,6.46779,-8.997776
143,PTP1B/23468,5.703371976348287,0.0,PTP1B,23468,25.0,-7.75,-7.11,0.77,1.98,0.64,0.4,5.703372,6.3285213,5.9934936,5.887625,6.286562,6.4025555,5.709446,6.814754,5.9263315,5.626447,6.0274763,-8.289392
144,PTP1B/23475,6.417213372097686,3.0,PTP1B,23475,26.0,-8.72,-8.98,0.97,0.11,0.26,0.07,6.4172134,6.204572,6.582971,5.774678,6.4930205,6.554894,6.0241284,6.5509,7.0061464,6.4552402,5.9766493,-8.645409
145,PTP1B/20667(2qbp),8.40419457676096,2.0,PTP1B,20667(2qbp),37.0,-11.42,-10.62,1.68,-1.53,0.8,0.63,8.404195,7.6037335,7.4049015,7.7994695,7.895351,7.7371607,7.517561,8.073452,7.4416103,7.5165467,7.5637646,-10.402443
146,PTP1B/23477,6.512882837507399,0.0,PTP1B,23477,27.0,-8.85,-9.09,0.0,0.0,0.24,0.06,6.5128827,6.1115417,6.568658,5.743964,6.9310856,6.494382,6.2551193,6.454463,7.2234626,6.153195,6.200111,-8.715087
147,PTP1B/23485,8.102467801238017,0.0,PTP1B,23485,37.0,-11.01,-9.73,1.83,-0.64,1.28,1.63,8.102468,7.030812,6.9096246,7.307774,7.4101195,7.706401,7.0340614,7.4295406,7.5023985,7.4893794,6.7058153,-9.855151
148,PTP1B/23467,5.401645200825345,2.0,PTP1B,23467,22.0,-7.34,-6.67,0.68,2.42,0.67,0.44,5.401645,5.9850955,5.95723,5.697341,5.866741,6.1481643,6.057918,5.9022255,5.785678,5.8235183,5.8428116,-8.026254
149,PTP1B/23466,5.776963872817297,0.0,PTP1B,23466,21.0,-7.85,-7.06,0.88,2.03,0.79,0.62,5.7769637,5.5268,6.0531826,5.764259,6.156032,5.8296366,5.7171907,6.2068696,5.7954106,6.237267,5.9637566,-8.051212
150,PTP1B/23476,6.9249974577338556,0.0,PTP1B,23476,28.0,-9.41,-9.32,0.83,-0.23,0.09,0.01,6.9249973,6.588271,6.561206,6.2689776,6.2586145,6.780689,6.1495585,6.3017426,6.603837,5.9816337,6.2283707,-8.658957
151,PTP1B/23484,5.703371976348287,0.0,PTP1B,23484,36.0,-7.75,-10.02,1.65,-0.93,2.27,5.17,5.703372,7.190829,7.033479,7.126181,6.4717035,6.8851695,6.9569283,7.5968056,7.2444158,7.600153,6.962809,-9.657105
152,PTP1B/23479,6.726299337267529,0.0,PTP1B,23479,30.0,-9.14,-9.36,1.21,-0.27,0.22,0.05,6.7262993,6.2094746,6.8014026,6.2306805,7.3801575,6.933121,6.627955,7.157665,6.9412003,6.412734,6.868239,-9.180716
153,PTP1B/23330(2qbq),7.4548591123107295,0.0,PTP1B,23330(2qbq),31.0,-10.13,-10.97,1.0,-1.88,0.84,0.71,7.4548593,6.8225694,7.2006245,5.9917617,6.685392,7.0151806,6.9901404,6.5477166,7.0538096,6.7699604,7.049796,-9.257399
154,Thrombin/1b,6.225874441278259,2.0,Thrombin,1b,27.0,-8.46,-8.37,0.66,1.15,0.09,0.0081,6.2258744,5.561349,5.297015,5.566325,5.1744227,5.4195523,5.7579074,5.9059205,5.7293706,5.945745,5.797871,-7.630661
155,Thrombin/1d,6.071331458693337,3.0,Thrombin,1d,27.0,-8.25,-9.52,0.0,0.0,1.27,1.6129,6.0713315,5.962478,6.1882324,6.5009317,5.8300805,6.353449,6.180881,6.5830894,7.0328994,6.4552436,6.487828,-8.638873
156,Thrombin/3b,5.784323062464199,2.0,Thrombin,3b,28.0,-7.86,-7.42,1.37,2.1,0.44,0.1936,5.784323,6.2709208,5.5075936,6.079847,6.235833,5.9741383,5.458374,5.625577,5.7047625,5.544386,5.9795675,-7.933075
157,Thrombin/1a,5.50467385588196,0.0,Thrombin,1a,27.0,-7.48,-7.37,1.08,2.15,0.11,0.0121,5.504674,5.9540315,5.1600337,5.640171,5.137352,5.4200883,5.9832335,6.149447,6.2229533,5.9408674,5.679407,-7.784497
158,Thrombin/6a,6.755736095855132,2.0,Thrombin,6a,28.0,-9.18,-8.62,0.57,0.9,0.56,0.3136,6.755736,6.9034934,7.195961,6.7633348,6.5338287,6.8648562,6.8501587,7.070123,6.7352824,7.4681535,7.0090313,-9.429602
159,Thrombin/3a,6.122845786221645,0.0,Thrombin,3a,27.0,-8.32,-8.35,1.2,1.17,0.03,0.0009,6.1228456,6.1692934,4.9156833,5.7086844,6.010571,5.89545,5.7314672,5.6556463,5.531478,5.7247605,5.879301,-7.77563
160,Thrombin/5,5.57826575235097,3.0,Thrombin,5,26.0,-7.58,-6.9,1.2,2.62,0.68,0.4624,5.5782657,5.323998,4.843742,4.778873,4.9192085,5.1026926,5.363811,5.5052404,5.029559,5.697072,5.4845047,-7.0726132
161,Thrombin/6e,6.557037975388805,3.0,Thrombin,6e,28.0,-8.91,-8.47,0.33,1.05,0.44,0.1936,6.557038,6.9962597,7.144099,6.70576,6.5021577,6.6816835,6.9630857,7.4663253,7.4091916,7.7601542,7.3482156,-9.644667
162,Tyk2/jmc_30,8.050953473709711,2.0,Tyk2,jmc_30,25.0,-10.94,-10.78,0.3,-0.96,0.16,0.0256,8.050954,8.168503,8.435126,7.9847903,7.3017764,8.253038,8.557736,8.00888,8.602689,8.294624,7.776924,-11.058838
163,Tyk2/ejm_50,6.608552302917112,3.0,Tyk2,ejm_50,22.0,-8.98,-9.52,0.41,0.3,0.54,0.2916,6.6085525,6.865126,6.8319488,6.8696203,7.2639914,7.184003,6.6125193,7.510413,6.920165,7.265382,7.385299,-9.608186
164,Tyk2/ejm_46,8.32324349064505,0.0,Tyk2,ejm_46,23.0,-11.31,-10.63,0.24,-0.81,0.68,0.4624,8.323243,7.9543176,8.071593,7.989354,8.519135,8.066694,8.022034,8.543495,8.714046,7.7752914,8.002575,-11.096131
165,Tyk2/ejm_55,6.777813664795836,0.0,Tyk2,ejm_55,22.0,-9.21,-10.61,0.42,-0.79,1.4,1.96,6.7778134,7.1637635,7.192853,6.6981144,6.8498282,7.204903,6.477991,7.264722,6.948366,7.395506,7.2953563,-9.5786915
166,Tyk2/ejm_43,6.078690648340238,3.0,Tyk2,ejm_43,23.0,-8.26,-8.18,0.47,1.64,0.08,0.0064,6.0786905,7.2732577,7.140482,7.5865307,7.150366,7.5788503,6.9966917,7.1976676,7.617495,6.981754,7.214753,-9.883947
167,Tyk2/jmc_28,8.080390232297315,0.0,Tyk2,jmc_28,24.0,-10.98,-10.3,0.24,-0.48,0.68,0.4624,8.08039,7.524358,7.461662,7.353465,7.948981,7.49255,8.104551,7.649354,7.5100126,7.818675,7.448991,-10.369701
168,Tyk2/ejm_49,5.703371976348287,0.0,Tyk2,ejm_49,26.0,-7.75,-8.81,0.29,1.01,1.06,1.1236,5.703372,7.342267,7.2950764,6.599304,7.6213675,7.3812923,7.4581375,7.625676,7.458154,6.9337335,6.9827533,-9.878501
169,Tyk2/ejm_44,5.460518718000554,2.0,Tyk2,ejm_44,24.0,-7.42,-7.01,0.86,2.81,0.41,0.1681,5.460519,7.288471,7.3791904,7.169582,7.365925,7.524429,6.384804,7.5124826,7.653861,7.427286,7.2103953,-9.908214
170,Tyk2/jmc_27,8.301165921704346,0.0,Tyk2,jmc_27,24.0,-11.28,-11.0,0.35,-1.18,0.28,0.0784,8.301166,7.7563376,7.160385,7.7210913,7.8795543,7.9688244,8.226329,8.006906,8.627908,7.7936363,7.977498,-10.750976
171,Tyk2/ejm_48,6.623270682210914,3.0,Tyk2,ejm_48,25.0,-9.0,-8.64,0.72,1.18,0.36,0.1296,6.6232705,7.3458047,7.2297983,7.733554,7.5139,7.363226,7.3831115,7.513851,7.1650314,7.0304174,7.1821666,-9.982194
172,Tyk2/ejm_47,7.138413957493984,0.0,Tyk2,ejm_47,24.0,-9.7,-9.25,0.76,0.57,0.45,0.2025,7.138414,7.3897476,7.21315,7.721977,7.565249,7.659288,7.575819,7.728107,7.3850193,7.1902547,7.2692933,-10.15029
173,Tyk2/jmc_23,8.610251886874188,2.0,Tyk2,jmc_23,24.0,-11.7,-11.29,0.34,-1.47,0.41,0.1681,8.610251,8.030204,7.5378094,8.046597,8.236026,8.905695,8.569976,8.437652,9.1390085,8.25493,8.164252,-11.322191
174,Tyk2/ejm_54,7.749226698186769,0.0,Tyk2,ejm_54,23.0,-10.53,-10.74,0.6,-0.92,0.21,0.0441,7.7492266,6.8676243,6.8913608,6.405595,6.787347,7.4527392,6.594768,7.0229,6.5403137,7.0495954,7.6732216,-9.414822
