key,pred,pk
1a30,6.709545,4.3
1bcu,4.471503,3.28
1bzc,6.880059,4.92
1c5z,4.1130447,4.01
1e66,7.2572865,9.89
1eby,7.593358,9.7
1g2k,8.638436,7.96
1gpk,8.16033,5.37
1gpn,7.68767,6.48
1h22,7.5968733,9.1
1h23,7.5082827,8.35
1k1i,6.813827,6.58
1lpg,8.456133,7.09
1mq6,9.141835,11.15
1nc1,7.454684,6.12
1nc3,6.8789706,5.0
1nvq,7.658171,8.25
1o0h,5.9423237,5.92
1o3f,7.0098825,7.96
1o5b,6.036888,5.77
1owh,6.292519,7.4
1oyt,7.5443206,7.24
1p1n,7.636466,6.8
1p1q,8.034147,4.89
1ps3,5.8290358,2.28
1pxn,6.1398582,7.15
1q8t,4.9534554,4.76
1q8u,6.766859,5.96
1qf1,8.115882,7.32
1qkt,6.588838,9.04
1r5y,5.2837296,6.46
1s38,6.0370684,5.15
1sqa,6.9524713,9.21
1syi,7.355423,5.44
1u1b,6.210617,7.8
1uto,3.0098317,2.27
1vso,5.6034856,4.72
1w4o,5.8452888,5.22
1y6r,9.005007,10.11
1yc1,6.9820957,6.17
1ydr,5.8578043,5.52
1ydt,6.886737,7.32
1z6e,8.522444,9.72
1z95,8.101368,7.12
1z9g,5.0108395,5.64
2al5,6.6587267,8.4
2br1,7.491167,5.14
2brb,6.1731243,4.86
2c3i,7.138889,7.6
2cbv,6.9526677,5.48
2cet,8.0518875,8.02
2fvd,7.600255,8.52
2fxs,6.4828243,6.06
2hb1,4.4107018,3.8
2iwx,6.1269693,6.68
2j78,7.8365016,6.42
2j7h,7.672185,7.19
2p15,8.026633,10.3
2p4y,7.6940503,9.0
2pog,7.047165,9.54
2qbp,7.036185,8.4
2qbq,6.3498507,7.44
2qbr,5.936488,6.33
2qe4,6.6580644,7.96
2qnq,7.77462,6.11
2r9w,5.607399,5.1
2v00,4.9530773,3.66
2v7a,6.948056,8.3
2vkm,8.023446,8.74
2vvn,7.1357775,7.3
2vw5,6.909032,8.52
2w4x,6.0275273,4.85
2w66,7.213896,4.05
2wbg,6.589123,4.45
2wca,6.4444976,5.6
2weg,6.8487253,6.5
2wer,6.9877424,7.05
2wn9,6.0860777,8.52
2wnc,5.6762424,6.32
2wtv,7.994399,8.74
2wvt,5.7981653,6.12
2x00,7.439492,11.33
2xb8,6.7612467,7.59
2xbv,7.051273,8.43
2xdl,6.3267174,3.1
2xii,8.406332,7.2
2xj7,6.4548583,6.66
2xnb,6.847989,6.83
2xys,7.588473,7.42
2y5h,6.7405987,5.79
2yfe,6.225476,6.63
2yge,6.3833027,5.06
2yki,7.277317,9.46
2ymd,5.683253,3.16
2zb1,6.712286,6.32
2zcq,6.743062,8.82
2zcr,7.924216,6.87
2zda,7.4891315,8.4
2zy1,7.113652,7.4
3acw,6.890261,4.76
3ag9,5.15518,8.05
3ao4,4.1309786,2.07
3arp,7.283267,7.15
3arq,5.912968,6.4
3aru,5.3985367,3.22
3arv,5.278803,5.64
3ary,4.139708,6.0
3b1m,6.8649435,8.48
3b27,5.9297047,5.16
3b5r,7.684707,8.77
3b65,6.1993465,9.27
3b68,6.7728076,8.4
3bgz,7.0386963,6.26
3bv9,7.877948,5.36
3cj4,6.2508907,6.51
3coy,5.6965494,6.02
3coz,5.672838,5.57
3d4z,5.7365875,4.89
3d6q,5.2808137,3.76
3dd0,7.2891955,9.0
3dx1,5.494833,3.58
3dx2,6.2688475,6.82
3dxg,5.467184,2.4
3e5a,7.1933813,8.23
3e92,7.8588204,8.0
3e93,7.598564,8.85
3ebp,5.8511524,5.91
3ehy,5.891032,5.85
3ejr,7.2491136,8.57
3f3a,6.064542,4.19
3f3c,5.830207,6.02
3f3d,5.0883045,7.16
3f3e,5.144136,7.7
3fcq,4.8162394,2.77
3fur,7.569116,8.0
3fv1,7.821277,9.3
3fv2,7.8498797,8.11
3g0w,7.6044335,9.52
3g2n,3.9669409,4.09
3g2z,4.611293,2.36
3g31,4.3559756,2.89
3gbb,7.293127,6.9
3gc5,7.2147,7.26
3ge7,6.1322756,8.7
3gnw,7.932633,9.1
3gr2,3.9644768,2.52
3gv9,4.0626926,2.12
3gy4,3.9172752,5.1
3ivg,6.9141912,4.3
3jvr,4.8186426,5.72
3jvs,5.777832,6.54
3jya,6.2239633,6.89
3k5v,6.356896,6.3
3kgp,4.3227816,2.57
3kr8,7.0409,8.1
3kwa,6.5891395,4.08
3l7b,4.091437,2.4
3lka,4.879093,2.82
3mss,5.005928,4.66
3myg,7.688792,10.7
3n76,5.397388,6.85
3n7a,4.7566795,3.7
3n86,5.4830294,5.64
3nq9,4.344928,4.03
3nw9,8.074002,9.0
3nx7,6.619024,8.1
3o9i,9.398527,11.82
3oe4,7.3800735,7.47
3oe5,7.180835,6.88
3ozs,7.4018683,5.33
3ozt,6.843954,4.13
3p5o,6.4425826,7.26
3prs,7.6004915,7.82
3pww,7.351791,7.32
3pxf,5.07425,4.43
3pyy,7.16776,6.86
3qgy,7.603031,7.8
3qqs,5.2731724,5.82
3r88,4.5796657,4.82
3rlr,7.2426753,7.52
3rr4,7.032443,4.55
3rsx,5.593455,4.41
3ryj,6.7489877,7.8
3syr,5.4670215,5.1
3tsk,7.2272854,7.17
3twp,3.8783693,3.92
3u5j,6.531688,5.61
3u8k,6.7447157,8.66
3u8n,8.810889,10.17
3u9q,5.0302153,4.38
3udh,4.1657453,2.85
3ueu,5.5515566,5.24
3uev,5.6899304,5.89
3uew,5.7069035,6.31
3uex,6.2507463,6.92
3ui7,6.7805395,9.0
3uo4,7.2189584,6.52
3up2,7.7471642,7.4
3uri,7.492518,9.0
3utu,8.91206,10.92
3uuo,7.217819,7.96
3wtj,5.584728,6.53
3wz8,6.214446,5.82
3zdg,7.4862404,7.1
3zso,6.392364,5.12
3zsx,5.430057,3.28
3zt2,5.8144956,2.84
4abg,4.84515,3.57
4agn,6.133219,3.97
4agp,6.090579,4.69
4agq,6.230379,5.01
4bkt,5.832537,3.62
4cig,6.081446,3.67
4ciw,6.114324,4.82
4cr9,4.276924,4.1
4cra,7.3346057,7.22
4crc,7.450552,8.72
4ddh,5.6803546,3.3
4ddk,3.6463547,2.29
4de1,6.6054215,5.96
4de2,5.8099427,4.12
4de3,6.018978,5.52
4djv,6.5018497,6.72
4dld,6.301647,5.82
4dli,5.7748837,5.62
4e5w,7.4101977,7.66
4e6q,7.989712,8.36
4ea2,7.318704,6.44
4eky,5.134873,3.52
4eo8,6.6788464,8.15
4eor,6.7493873,6.3
4f09,7.0976453,6.7
4f2w,8.502201,11.3
4f3c,7.634308,11.82
4f9w,6.8447022,6.94
4gfm,7.3397455,7.22
4gid,8.223771,10.77
4gkm,5.640231,5.17
4gr0,8.016127,9.55
4hge,7.6258373,7.92
4ih5,4.94421,4.11
4ih7,5.620844,5.24
4ivb,8.484129,8.72
4ivc,8.237905,10.0
4ivd,8.640894,9.52
4j21,6.3798313,7.41
4j28,7.042573,5.7
4j3l,7.14332,7.8
4jfs,7.162958,5.27
4jia,7.0226736,9.22
4jsz,4.7163925,2.3
4jxs,5.3069687,4.74
4k18,7.6429095,8.96
4k77,6.5116086,6.63
4kz6,4.751142,3.1
4kzq,5.7247877,6.1
4kzu,6.326765,6.5
4llx,3.8880289,2.89
4lzs,4.4944315,4.8
4m0y,6.1049957,6.46
4m0z,5.6723995,5.19
4mgd,6.930678,4.69
4mme,6.9197474,6.5
4ogj,6.472414,6.79
4owm,3.8272142,2.96
4pcs,7.1053734,7.85
4qac,7.5904174,9.4
4qd6,7.0529404,8.64
4rfm,7.6853943,10.05
4tmn,7.2933936,10.17
4twp,8.009146,10.0
4ty7,7.760643,9.52
4u4s,5.190323,2.92
4w9c,6.451543,4.65
4w9h,7.0585017,6.73
4w9i,6.601353,5.96
4w9l,7.006933,5.02
4wiv,6.183766,6.26
4x6p,7.44965,8.3
5a7b,6.2004557,3.57
5aba,5.2634377,2.98
5c28,4.8867073,5.66
5c2h,8.159025,11.09
5dwr,8.007286,11.22
5tmn,7.7037807,8.04
