,Target,Target_file,Ligand,Num_Atoms,graph_id,Pred. ΔG,Exp. ΔG,Group,finetune_rank,Group_359,Group1,Group2,Group3,Group4,Group5,truth,preds_0,preds_1,preds_2,preds_3,preds_4,preds_5,preds_6,preds_7,preds_8,preds_9,preds
0,cdk8,5hnb-chainA-prepared,43,29,cdk8/43,-11.24,-11.87,0.0,1.0,0.0,0.0,0.0,0.0,3.0,9.0,-11.87,7.8714314,8.039925,7.709357,7.8582144,8.09778,8.521437,7.8304577,8.414856,7.952273,8.32281,-10.997229
1,cdk8,5hnb-chainA-prepared,28,28,cdk8/28,-9.08,-6.17,0.0,9.0,0.0,0.0,0.0,0.0,0.0,3.0,-6.1700006,7.005112,6.6737065,7.254314,7.0105605,7.323079,6.8247895,7.1097827,7.2151585,7.0906367,6.777669,-9.587599
2,cdk8,5hnb-chainA-prepared,22,28,cdk8/22,-10.08,-10.22,0.0,6.0,0.0,0.0,3.0,0.0,0.0,6.0,-10.22,7.274355,6.9523287,7.175687,7.576663,7.242801,7.09671,7.0285373,6.709863,7.078081,7.1295347,-9.721247
3,cdk8,5hnb-chainA-prepared,30,30,cdk8/30,-11.66,-11.63,0.0,0.0,0.0,0.0,0.0,0.0,0.0,0.0,-11.63,8.208698,8.504547,8.4113,8.206276,8.517921,8.360657,8.435672,8.609194,8.27862,8.534816,-11.467731
4,cdk8,5hnb-chainA-prepared,21,28,cdk8/21,-9.64,-9.7,0.0,0.0,0.0,0.0,0.0,0.0,0.0,0.0,-9.7,7.3350854,7.1081667,6.836722,7.2739363,7.4681873,7.2152514,6.9173756,7.058752,6.83799,7.380963,-9.744146
5,cdk8,5hnb-chainA-prepared,38,31,cdk8/38,-11.67,-11.32,2.0,3.0,3.0,5.0,0.0,0.0,0.0,0.0,-11.319999,7.883466,7.9440813,7.786274,7.89181,8.051723,8.704947,7.938974,8.664279,8.000948,8.135119,-11.049485
6,cdk8,5hnb-chainA-prepared,31,30,cdk8/31,-11.95,-11.87,3.0,0.0,3.0,8.0,0.0,0.0,2.0,0.0,-11.87,7.828743,8.048858,8.102556,7.947633,8.413448,8.2070675,8.294028,8.196024,8.007952,8.127287,-11.072945
7,cdk8,5hnb-chainA-prepared,41,30,cdk8/41,-12.53,-11.22,0.0,0.0,0.0,0.0,5.0,0.0,0.0,0.0,-11.22,7.0345106,7.6863637,7.5584884,7.0751276,6.8992696,7.357288,7.53441,7.2220573,7.4309044,7.1478777,-9.950654
8,cdk8,5hnb-chainA-prepared,29,29,cdk8/29,-11.69,-9.2,0.0,0.0,0.0,0.0,0.0,0.0,0.0,0.0,-9.2,7.5237956,7.1629267,7.4086204,7.2080827,7.1820884,8.073142,7.7859373,7.4451995,7.656592,7.3462863,-10.2025175
9,cdk8,5hnb-chainA-prepared,26,28,cdk8/26,-8.91,-10.16,3.0,0.0,3.0,9.0,0.0,0.0,9.0,0.0,-10.159999,7.463318,7.2367277,7.7681966,7.645351,7.170743,7.7873044,7.16394,7.9422536,7.8049803,7.0426273,-10.23427
10,cdk8,5hnb-chainA-prepared,20,30,cdk8/20,-9.71,-10.64,0.0,0.0,0.0,0.0,0.0,0.0,0.0,7.0,-10.64,7.377348,7.39058,7.3961444,6.711254,6.9514956,7.3626094,7.564747,7.5421743,7.080375,7.1159415,-9.888774
11,cdk8,5hnb-chainA-prepared,44,27,cdk8/44,-11.35,-11.46,0.0,0.0,0.0,0.0,0.0,0.0,0.0,0.0,-11.46,7.8462925,7.5917125,7.3418956,7.661285,7.664953,8.4232025,7.8117146,7.710428,8.000923,7.738032,-10.611446
12,cdk8,5hnb-chainA-prepared,18,24,cdk8/18,-8.74,-10.91,1.0,5.0,1.0,2.0,6.0,0.0,0.0,0.0,-10.909999,7.249289,6.825156,6.8419986,7.006073,6.9548707,6.9657583,6.733529,6.6899695,6.8705397,6.8380013,-9.408953
13,cdk8,5hnb-chainA-prepared,40,30,cdk8/40,-11.59,-11.13,0.0,4.0,0.0,0.0,0.0,7.0,0.0,1.0,-11.13,7.587267,7.556843,7.5295334,7.559909,7.2316217,8.139195,7.792506,7.9409423,7.4903884,7.2532334,-10.378321
14,cdk8,5hnb-chainA-prepared,19,26,cdk8/19,-9.34,-10.67,1.0,0.0,1.0,3.0,1.0,0.0,6.0,0.0,-10.670001,7.204105,6.8979173,7.1237874,7.21017,6.9115562,6.7605004,7.0529804,7.047689,6.8799186,6.914495,-9.549172
15,cdk8,5hnb-chainA-prepared,33,28,cdk8/33,-9.92,-11.05,0.0,0.0,0.0,0.0,0.0,0.0,8.0,0.0,-11.05,8.029819,7.88578,7.9635015,8.324597,7.6978426,8.320034,8.050193,7.787614,7.59239,7.8055873,-10.838832
16,cdk8,5hnb-chainA-prepared,27,29,cdk8/27,-11.43,-8.41,2.0,0.0,2.0,6.0,2.0,0.0,0.0,0.0,-8.41,6.893026,6.3146734,6.685729,6.672051,6.787315,7.175108,7.061456,6.625712,6.7248383,6.5631123,-9.208133
17,cdk8,5hnb-chainA-prepared,13,26,cdk8/13,-10.82,-11.22,0.0,0.0,0.0,0.0,0.0,0.0,0.0,0.0,-11.22,7.2354245,7.9322453,7.4693837,8.190964,8.378095,8.126747,7.4507704,7.6345196,7.6593814,7.9277797,-10.640757
18,cdk8,5hnb-chainA-prepared,39,30,cdk8/39,-11.89,-11.46,0.0,0.0,0.0,0.0,0.0,8.0,7.0,0.0,-11.46,7.8208547,7.716586,7.4725413,7.7144203,7.2750916,8.009614,8.097541,7.6908264,7.4019217,7.498578,-10.462424
19,cdk8,5hnb-chainA-prepared,37,29,cdk8/37,-12.51,-11.46,0.0,0.0,0.0,0.0,0.0,9.0,5.0,0.0,-11.46,7.8918567,7.897208,8.021227,7.8132596,7.4772787,7.966346,8.00652,8.257378,7.9688187,7.727337,-10.780159
20,cdk8,5hnb-chainA-prepared,23,29,cdk8/23,-9.13,-8.96,3.0,0.0,3.0,7.0,0.0,0.0,0.0,0.0,-8.959999,7.469172,7.0416837,7.6309752,7.4503665,7.2071295,7.283954,7.471126,6.859266,7.155352,6.9631367,-9.894161
21,cdk8,5hnb-chainA-prepared,15,24,cdk8/15,-7.17,-7.64,0.0,0.0,0.0,0.0,0.0,0.0,0.0,8.0,-7.640001,6.6495953,7.1257777,6.719526,6.922177,6.7579474,6.830715,7.0654435,7.1659346,6.281976,6.689943,-9.304441
22,cdk8,5hnb-chainA-prepared,34,30,cdk8/34,-11.5,-11.13,0.0,0.0,0.0,0.0,9.0,0.0,0.0,0.0,-11.13,7.8056602,7.678172,7.4316006,7.4486375,7.66679,8.339843,7.7752795,7.6886616,8.021449,7.6871185,-10.577722
23,cdk8,5hnb-chainA-prepared,25,27,cdk8/25,-11.04,-9.74,0.0,0.0,0.0,0.0,0.0,0.0,0.0,2.0,-9.740001,7.4108095,6.6073294,7.064949,6.986126,6.4212728,7.233743,7.60767,7.108136,7.238956,7.2731733,-9.678633
24,cdk8,5hnb-chainA-prepared,14,17,cdk8/14,-7.6,-8.29,0.0,0.0,0.0,0.0,4.0,0.0,0.0,4.0,-8.289999,6.468429,6.1700573,6.565776,6.394462,6.5902424,6.6544533,6.73554,6.3777065,6.942209,6.191604,-8.879036
25,cdk8,5hnb-chainA-prepared,45,28,cdk8/45,-10.77,-11.13,1.0,0.0,1.0,1.0,7.0,0.0,1.0,0.0,-11.13,7.8826785,7.3705664,6.925646,7.396244,7.488758,7.7020144,7.559071,7.4711866,7.75392,7.464957,-10.232853
26,cdk8,5hnb-chainA-prepared,36,30,cdk8/36,-11.72,-11.22,0.0,0.0,0.0,0.0,0.0,0.0,0.0,5.0,-11.22,7.567557,7.6646767,7.473753,7.6782026,7.780566,8.000442,7.837183,7.786232,7.853017,7.8121843,-10.565528
27,cmet,4r1y_prepared,CHEMBL3402753_200,29,cmet/CHEMBL3402753_200,-9.88,-9.14,3.0,6.0,3.0,7.0,0.0,9.0,4.0,8.0,-9.139998,6.0529947,5.7507486,6.0704746,6.543126,6.834813,6.751136,6.7567086,6.3494954,6.9578943,6.379789,-8.791284
28,cmet,4r1y_prepared,CHEMBL3402759_5.7,35,cmet/CHEMBL3402759_5.7,-11.93,-11.25,2.0,0.0,3.0,6.0,6.0,0.0,0.0,0.0,-11.249999,8.145381,7.723467,7.7523894,8.195972,7.7553267,7.7831335,8.7632065,8.0687685,8.398889,8.273606,-11.030187
29,cmet,4r1y_prepared,CHEMBL3402747_3400,28,cmet/CHEMBL3402747_3400,-5.97,-7.46,0.0,8.0,0.0,0.0,0.0,0.0,0.0,7.0,-7.4600005,6.294494,6.186082,5.6753078,5.730337,5.339116,5.8818774,6.003976,5.810181,5.6066265,5.8199854,-7.959288
30,cmet,4r1y_prepared,CHEMBL3402744_300,27,cmet/CHEMBL3402744_300,-7.41,-8.9,0.0,0.0,0.0,0.0,5.0,0.0,3.0,0.0,-8.9,5.6719103,6.2719955,7.221522,6.329969,6.2465725,5.314667,6.43855,6.2537413,5.4097953,5.9318604,-8.333408
31,cmet,4r1y_prepared,CHEMBL3402745_200,28,cmet/CHEMBL3402745_200,-8.31,-9.14,0.0,0.0,0.0,0.0,0.0,0.0,0.0,0.0,-9.139998,5.3544393,5.972341,6.9717493,6.268429,6.072302,5.6087084,6.275127,6.3697066,6.035449,5.518278,-8.245553
32,cmet,4r1y_prepared,CHEMBL3402761_1,37,cmet/CHEMBL3402761_1,-12.22,-12.28,0.0,1.0,0.0,0.0,2.0,0.0,0.0,3.0,-12.28,8.148334,7.957791,8.452229,8.83653,8.33305,8.190989,8.397755,8.555186,8.238214,8.161402,-11.359118
33,cmet,4r1y_prepared,CHEMBL3402750_400,28,cmet/CHEMBL3402750_400,-9.19,-8.73,0.0,7.0,0.0,0.0,0.0,0.0,2.0,0.0,-8.729999,5.807879,5.439713,5.7845936,6.353166,5.861403,6.196943,6.3310237,6.1056795,5.7349944,5.8468275,-8.111281
34,cmet,4r1y_prepared,CHEMBL3402743_42,32,cmet/CHEMBL3402743_42,-9.12,-10.06,0.0,0.0,0.0,0.0,0.0,7.0,0.0,0.0,-10.06,6.0124507,6.764536,7.7012486,6.4755974,6.514708,6.425728,7.0236187,6.505369,6.8859897,6.221087,-9.075448
35,cmet,4r1y_prepared,CHEMBL3402755_4200,29,cmet/CHEMBL3402755_4200,-8.36,-7.34,3.0,0.0,3.0,8.0,4.0,0.0,9.0,0.0,-7.3400006,6.5140834,6.050302,6.2347674,5.92869,6.2204885,6.5189614,6.783049,6.3165274,6.0603733,5.976637,-8.539838
36,cmet,4r1y_prepared,CHEMBL3402749_500,28,cmet/CHEMBL3402749_500,-7.47,-8.6,2.0,0.0,2.0,5.0,0.0,0.0,0.0,0.0,-8.599999,6.1001706,6.1843762,5.5175824,6.2273407,5.58391,6.426771,5.9167113,6.1008472,5.462076,5.9165287,-8.107747
37,cmet,4r1y_prepared,CHEMBL3402757_6.5,34,cmet/CHEMBL3402757_6.5,-11.8,-11.17,0.0,0.0,0.0,0.0,0.0,0.0,6.0,0.0,-11.169999,7.8075576,7.823054,7.980374,8.430649,7.633344,8.177225,7.986752,8.056695,8.107615,7.9051657,-10.900364
38,cmet,4r1y_prepared,CHEMBL3402765_11-charged-pKa-8.1,35,cmet/CHEMBL3402765_11-charged-pKa-8.1,-9.94,-10.86,1.0,0.0,1.0,3.0,0.0,8.0,0.0,1.0,-10.86,6.0536723,6.3803606,7.2259936,5.888745,6.3539486,6.010601,6.5853662,6.891159,6.424574,6.425774,-8.763049
39,cmet,4r1y_prepared,CHEMBL3402742_23,32,cmet/CHEMBL3402742_23,-10.85,-10.42,0.0,0.0,0.0,0.0,0.0,0.0,0.0,0.0,-10.419999,6.00908,6.312753,6.4112296,6.5343432,6.311928,6.423946,6.49243,6.4473705,7.059512,6.7864075,-8.837912
40,cmet,4r1y_prepared,CHEMBL3402754_40,29,cmet/CHEMBL3402754_40,-9.64,-10.09,2.0,4.0,2.0,4.0,0.0,0.0,8.0,0.0,-10.089999,6.013918,6.5288963,6.277647,7.007956,6.475689,6.9337215,6.2340693,6.384523,6.8038816,6.445239,-8.881091
41,cmet,4r1y_prepared,CHEMBL3402748_5300,28,cmet/CHEMBL3402748_5300,-6.97,-7.2,0.0,0.0,0.0,0.0,7.0,0.0,0.0,2.0,-7.1999993,5.4137034,5.4221263,5.5075483,6.3574185,5.6098347,5.5857005,6.2518497,6.072787,5.9233193,5.9726067,-7.9277654
42,cmet,4r1y_prepared,CHEMBL3402763_90,33,cmet/CHEMBL3402763_90,-10.97,-9.61,0.0,5.0,0.0,0.0,0.0,0.0,0.0,9.0,-9.61,6.4408793,7.1017795,6.602711,7.249572,6.5104046,6.700243,6.4274683,6.6534348,7.40744,6.9994087,-9.288658
43,cmet,4r1y_prepared,CHEMBL3402764_90,31,cmet/CHEMBL3402764_90,-9.0,-9.61,0.0,0.0,0.0,0.0,3.0,0.0,0.0,0.0,-9.61,5.9398384,7.261783,7.4525075,6.6834626,6.9465594,6.2830234,6.7618027,6.6127515,6.9351363,6.6788096,-9.215315
44,cmet,4r1y_prepared,CHEMBL3402756_2.7,35,cmet/CHEMBL3402756_2.7,-11.62,-11.69,0.0,2.0,0.0,0.0,0.0,0.0,7.0,5.0,-11.69,7.712863,7.768451,8.094684,7.542294,7.8057113,8.525329,7.9637094,7.9288836,8.150548,7.8052692,-10.817059
45,eg5,3l9h_prepared,CHEMBL1078774,26,eg5/CHEMBL1078774,-9.17,-10.6,2.0,0.0,3.0,5.0,0.0,0.0,4.0,5.0,-10.600001,7.4133005,6.7646422,7.004773,6.789733,7.525011,6.99882,7.189122,7.542091,6.859367,6.9958563,-9.696442
46,eg5,3l9h_prepared,CHEMBL1082249,30,eg5/CHEMBL1082249,-11.07,-11.22,0.0,0.0,0.0,0.0,0.0,0.0,0.0,7.0,-11.22,7.2761326,7.387212,7.951638,8.519715,7.1284475,7.238588,6.9676833,7.947566,7.997714,7.2196565,-10.317333
47,eg5,3l9h_prepared,CHEMBL1089393,21,eg5/CHEMBL1089393,-8.57,-8.38,0.0,9.0,0.0,0.0,3.0,0.0,9.0,0.0,-8.38,5.859153,5.33323,5.557625,6.107675,5.2397385,6.2903914,5.5312448,5.780464,5.3351507,5.325867,-7.6881795
48,eg5,3l9h_prepared,CHEMBL1086409,28,eg5/CHEMBL1086409,-9.68,-9.87,0.0,0.0,0.0,0.0,6.0,0.0,0.0,0.0,-9.87,7.32381,7.581929,7.918053,8.0316,7.363625,7.3249784,7.96063,7.798716,7.0376744,7.1700177,-10.300512
49,eg5,3l9h_prepared,CHEMBL1082248,25,eg5/CHEMBL1082248,-11.09,-11.63,0.0,0.0,0.0,0.0,0.0,0.0,6.0,0.0,-11.63,6.538535,7.56418,7.429176,8.207686,7.0906544,7.482712,6.8386035,8.014955,7.7745247,7.086531,-10.098149
50,eg5,3l9h_prepared,CHEMBL1084115,23,eg5/CHEMBL1084115,-9.81,-9.44,3.0,8.0,3.0,7.0,0.0,0.0,0.0,9.0,-9.44,6.537021,6.98303,6.53547,6.3615127,6.307837,6.7408504,6.4486,6.8286085,6.5126624,6.3433,-8.948389
51,eg5,3l9h_prepared,CHEMBL1085895,33,eg5/CHEMBL1085895,-10.92,-10.86,0.0,5.0,0.0,0.0,0.0,0.0,0.0,0.0,-10.86,8.226179,7.05731,8.389826,7.3502226,7.4993534,7.463241,8.253795,7.752036,7.595837,7.513352,-10.51742
52,eg5,3l9h_prepared,CHEMBL1084677,33,eg5/CHEMBL1084677,-11.84,-11.46,3.0,2.0,3.0,9.0,0.0,0.0,0.0,0.0,-11.46,7.640088,8.030335,8.557178,8.420244,7.8391404,8.035993,8.374778,8.080707,8.10151,8.177239,-11.084351
53,eg5,3l9h_prepared,CHEMBL1077227,26,eg5/CHEMBL1077227,-10.82,-11.32,3.0,3.0,3.0,8.0,0.0,0.0,0.0,0.0,-11.319999,6.8363557,6.9808154,7.000996,7.275162,6.6746516,6.7462835,6.4539547,7.1796865,7.1158733,6.0420055,-9.317638
54,eg5,3l9h_prepared,CHEMBL1086410,27,eg5/CHEMBL1086410,-10.27,-11.46,0.0,0.0,0.0,0.0,0.0,0.0,0.0,1.0,-11.46,6.814123,6.565491,7.280631,7.301277,7.12491,6.8244567,6.976979,7.828633,6.958923,6.618278,-9.58881
55,eg5,3l9h_prepared,CHEMBL1077204,34,eg5/CHEMBL1077204,-11.65,-11.05,0.0,0.0,0.0,0.0,0.0,0.0,3.0,0.0,-11.05,7.9918046,6.857878,7.9190316,7.649601,7.674532,7.339948,7.9704504,8.353577,7.769076,7.6137414,-10.522671
56,eg5,3l9h_prepared,CHEMBL1083836,26,eg5/CHEMBL1083836,-10.53,-10.86,1.0,0.0,1.0,3.0,9.0,0.0,8.0,6.0,-10.86,6.952798,6.5586934,6.789189,7.51811,6.5371113,7.3557343,6.584591,7.580152,7.111041,6.9365683,-9.538379
57,eg5,3l9h_prepared,CHEMBL1085666,26,eg5/CHEMBL1085666,-10.65,-10.5,0.0,0.0,0.0,0.0,8.0,0.0,0.0,3.0,-10.499999,8.217701,7.377922,7.299832,7.8621287,7.055353,7.3228507,7.702509,7.4054594,7.069796,7.1746845,-10.160991
58,eg5,3l9h_prepared,CHEMBL1085692,32,eg5/CHEMBL1085692,-12.65,-11.32,0.0,0.0,0.0,0.0,0.0,8.0,5.0,0.0,-11.319999,7.4705296,7.131244,7.8699474,8.001926,7.3779297,7.763014,7.551454,8.253594,7.784611,7.409266,-10.450902
59,eg5,3l9h_prepared,CHEMBL1084143,34,eg5/CHEMBL1084143,-12.24,-11.87,0.0,0.0,0.0,0.0,0.0,0.0,0.0,2.0,-11.87,7.582751,7.5478625,7.7789507,8.218705,7.743903,7.246654,7.539069,7.878318,7.3215446,7.5197477,-10.418707
60,eg5,3l9h_prepared,CHEMBL1096002,27,eg5/CHEMBL1096002,-10.96,-11.13,1.0,0.0,1.0,2.0,0.0,7.0,0.0,0.0,-11.13,7.3372664,7.2750597,8.739287,8.562823,7.263076,7.824126,7.899961,8.157043,8.124805,7.8583784,-10.782148
61,eg5,3l9h_prepared,CHEMBL1089056,24,eg5/CHEMBL1089056,-9.41,-9.44,2.0,0.0,2.0,6.0,4.0,9.0,0.0,8.0,-9.44,6.638126,6.5635138,6.7394805,6.6625266,6.2482653,6.9829664,6.579585,7.000945,6.344455,6.4580736,-9.032834
62,eg5,3l9h_prepared,CHEMBL1093088,30,eg5/CHEMBL1093088,-9.65,-11.22,0.0,0.0,0.0,0.0,0.0,0.0,0.0,0.0,-11.22,8.257075,7.5685368,8.038117,7.8630567,7.523568,7.237546,8.0633335,7.907707,7.837578,8.231924,-10.712118
63,eg5,3l9h_prepared,CHEMBL1084676,34,eg5/CHEMBL1084676,-10.6,-10.71,0.0,0.0,0.0,0.0,1.0,0.0,0.0,4.0,-10.71,7.8135467,7.2248244,8.343145,8.096227,7.903615,7.5267396,8.308518,8.220583,7.627107,7.992722,-10.784222
64,eg5,3l9h_prepared,CHEMBL1084935,31,eg5/CHEMBL1084935,-9.39,-10.53,2.0,0.0,2.0,4.0,7.0,0.0,0.0,0.0,-10.53,7.004455,7.053157,7.8710413,7.230434,7.1230206,7.014198,7.2809453,8.073283,6.8569517,7.259033,-9.92613
65,eg5,3l9h_prepared,CHEMBL1078998,23,eg5/CHEMBL1078998,-10.45,-10.37,0.0,7.0,0.0,0.0,0.0,0.0,0.0,0.0,-10.37,6.447953,6.8349743,6.363751,5.9136147,5.9144454,6.6915436,6.200673,6.538968,6.247412,6.2924175,-8.654678
66,eg5,3l9h_prepared,CHEMBL1088740,21,eg5/CHEMBL1088740,-8.64,-8.7,0.0,0.0,0.0,0.0,5.0,0.0,0.0,0.0,-8.7,5.878923,6.0305567,6.1140614,6.205959,5.5578504,6.3827996,5.816424,5.8838105,6.170309,5.765851,-8.158252
67,hif2a,5tbm_prepared,338,27,hif2a/338,-9.28,-10.76,0.0,2.0,0.0,0.0,0.0,0.0,2.0,0.0,-10.760001,7.221922,7.1330876,7.4003286,7.2742395,7.2267942,7.371499,7.5094604,7.175949,7.17182,7.5183616,-9.958452
68,hif2a,5tbm_prepared,43,24,hif2a/43,-8.95,-8.7,0.0,8.0,0.0,0.0,8.0,0.0,0.0,0.0,-8.7,6.9315434,6.356925,7.088794,6.5522475,6.71584,6.841417,7.2014813,7.1282716,5.9530935,6.9079227,-9.231938
69,hif2a,5tbm_prepared,235,28,hif2a/235,-9.42,-10.12,0.0,5.0,0.0,0.0,0.0,0.0,5.0,0.0,-10.119998,7.164051,7.1523886,7.621525,8.016447,7.640458,7.922916,7.8615017,8.030077,7.528082,7.9323406,-10.48586
70,hif2a,5tbm_prepared,234,26,hif2a/234,-10.56,-10.35,0.0,0.0,0.0,0.0,0.0,0.0,0.0,0.0,-10.349999,7.125228,7.448838,6.846199,7.3138804,7.456261,7.8091626,6.9808683,7.740039,7.3137674,7.8008275,-10.071893
71,hif2a,5tbm_prepared,30,25,hif2a/30,-10.91,-10.57,2.0,3.0,3.0,5.0,0.0,0.0,0.0,0.0,-10.569999,7.157465,6.442683,7.306135,6.3174706,6.975802,6.657705,7.037069,7.059761,6.533621,6.967531,-9.338025
72,hif2a,5tbm_prepared,1,25,hif2a/1,-10.08,-11.32,0.0,1.0,0.0,0.0,0.0,0.0,0.0,9.0,-11.319999,7.269183,6.259648,7.072304,7.5770607,6.8120594,7.0863967,6.9273324,7.59127,6.687216,7.2080317,-9.615657
73,hif2a,5tbm_prepared,237,28,hif2a/237,-9.67,-9.55,0.0,7.0,0.0,0.0,0.0,0.0,0.0,0.0,-9.55,7.1336966,7.4450006,7.603349,7.1762166,7.2785096,6.828771,6.909681,7.196727,6.681172,7.3400345,-9.766071
74,hif2a,5tbm_prepared,227,28,hif2a/227,-11.78,-10.76,0.0,0.0,0.0,0.0,0.0,7.0,0.0,0.0,-10.760001,6.885797,7.094274,7.3627477,7.759329,7.217263,7.021705,7.623861,7.4642406,7.2003264,6.8153787,-9.882261
75,hif2a,5tbm_prepared,266,30,hif2a/266,-9.94,-10.53,3.0,0.0,3.0,7.0,0.0,0.0,0.0,0.0,-10.53,6.432768,7.2190504,6.6296034,7.1079984,7.371631,7.7351203,6.747392,6.6023703,6.881542,7.2439666,-9.544852
76,hif2a,5tbm_prepared,206,27,hif2a/206,-8.72,-10.12,0.0,0.0,0.0,0.0,0.0,0.0,4.0,0.0,-10.119998,6.3220706,7.0797114,6.738363,7.1190257,7.1753225,7.072015,5.9944673,6.721245,7.0668607,6.9867873,-9.313558
77,hif2a,5tbm_prepared,67,23,hif2a/67,-11.2,-10.17,0.0,0.0,0.0,0.0,0.0,0.0,0.0,0.0,-10.169999,6.926592,6.758308,6.43295,7.525696,7.004416,6.689255,7.3512597,6.8260536,6.6741533,7.3351684,-9.483797
78,hif2a,5tbm_prepared,156,25,hif2a/156,-9.35,-9.74,0.0,6.0,0.0,0.0,0.0,0.0,0.0,0.0,-9.740001,7.089513,6.6404214,6.470578,7.546896,6.840101,6.944386,6.9960346,7.37114,5.326102,6.712077,-9.267366
79,hif2a,5tbm_prepared,31,24,hif2a/31,-9.42,-8.84,0.0,0.0,0.0,0.0,3.0,0.0,0.0,0.0,-8.84,6.681332,6.659304,6.4055996,6.135904,7.370358,6.5685625,7.1780825,6.689117,5.8690944,6.20423,-8.970582
80,hif2a,5tbm_prepared,289,26,hif2a/289,-11.65,-10.91,2.0,0.0,2.0,4.0,0.0,0.0,3.0,0.0,-10.909999,6.6247773,6.1338725,6.5863185,6.6759033,6.3357534,6.5137773,6.226926,6.8272576,6.184188,6.4101105,-8.801065
81,hif2a,5tbm_prepared,61,24,hif2a/61,-9.47,-10.11,0.0,0.0,0.0,0.0,0.0,0.0,7.0,0.0,-10.11,7.5271354,6.1780343,6.6050854,7.542115,6.7013974,6.87266,6.8162622,7.2755795,6.62986,6.819524,-9.407925
82,hif2a,5tbm_prepared,167,27,hif2a/167,-10.9,-10.67,0.0,0.0,0.0,0.0,0.0,0.0,0.0,0.0,-10.670001,7.3537745,7.4874854,7.203579,7.378134,7.8911076,7.6541467,7.244386,7.8699665,7.4463925,7.866436,-10.2847395
83,hif2a,5tbm_prepared,165,26,hif2a/165,-9.04,-9.24,0.0,0.0,0.0,0.0,6.0,0.0,0.0,0.0,-9.239999,6.426936,6.1823535,6.3625,6.47713,5.6245165,6.950516,6.234881,6.3740582,6.1938586,6.2668853,-8.606646
84,hif2a,5tbm_prepared,7b,26,hif2a/7b,-6.51,-7.39,0.0,0.0,0.0,0.0,0.0,0.0,0.0,2.0,-7.39,7.160901,7.080162,6.970106,7.209689,7.1119986,7.2667713,6.1590676,7.104418,6.6171775,6.927285,-9.495217
85,hif2a,5tbm_prepared,54,24,hif2a/54,-8.31,-9.31,1.0,0.0,1.0,3.0,0.0,0.0,0.0,0.0,-9.31,6.8870616,6.079801,6.589602,6.917097,6.1335897,7.1864557,6.4919996,6.9956594,6.2770076,6.3665857,-8.992855
86,hif2a,5tbm_prepared,215,27,hif2a/215,-10.04,-10.6,0.0,0.0,0.0,0.0,0.0,0.0,0.0,4.0,-10.600001,7.068703,7.308732,6.915554,7.247609,6.9527035,7.0200815,6.848743,7.0467167,7.223727,7.0361557,-9.63997
87,hif2a,5tbm_prepared,57,27,hif2a/57,-10.88,-10.67,0.0,0.0,0.0,0.0,9.0,0.0,0.0,0.0,-10.670001,7.05439,7.2085156,7.456638,7.815292,7.4427977,7.2511497,7.8077183,7.5744185,6.5276937,6.9891553,-9.975409
88,hif2a,5tbm_prepared,42,25,hif2a/42,-9.77,-8.94,0.0,0.0,0.0,0.0,7.0,0.0,0.0,7.0,-8.94,7.15814,7.0621023,7.253573,6.5811615,6.8926125,6.9123926,6.994739,7.181793,6.556033,6.9399657,-9.484978
89,hif2a,5tbm_prepared,35,25,hif2a/35,-11.51,-7.15,0.0,0.0,0.0,0.0,2.0,9.0,0.0,1.0,-7.15,6.922247,6.7185016,7.0480337,6.625918,7.4284143,7.0205073,7.251046,6.5656466,6.636595,6.976177,-9.438676
90,hif2a,5tbm_prepared,336,26,hif2a/336,-9.88,-9.82,1.0,0.0,1.0,1.0,0.0,0.0,0.0,0.0,-9.820001,6.927407,6.6280117,7.1945066,7.165864,6.4031363,6.8835306,6.7067523,6.8362503,6.5891294,6.7088,-9.281845
91,hif2a,5tbm_prepared,290,29,hif2a/290,-11.2,-10.57,1.0,0.0,1.0,2.0,0.0,0.0,0.0,0.0,-10.569999,7.0860043,7.00835,7.651571,7.6429105,6.466536,7.071409,7.698502,7.5827866,7.0538683,7.0427814,-9.863135
92,hif2a,5tbm_prepared,155,26,hif2a/155,-10.0,-10.5,0.0,0.0,0.0,0.0,0.0,0.0,1.0,0.0,-10.499999,6.9042253,6.674691,6.9028764,7.1837516,6.7627535,6.9681416,7.1981974,7.4105363,6.142848,6.678753,-9.388707
93,hif2a,5tbm_prepared,224,26,hif2a/224,-10.72,-9.66,3.0,0.0,3.0,9.0,5.0,0.0,8.0,0.0,-9.659999,7.2683153,6.5966306,6.923122,7.095699,7.5513535,7.7712593,7.3753653,7.380678,6.7886267,7.2850094,-9.8264885
94,hif2a,5tbm_prepared,84,25,hif2a/84,-8.81,-7.58,0.0,0.0,0.0,0.0,0.0,8.0,0.0,0.0,-7.5799994,6.8087683,6.7592535,6.659616,6.7785225,7.1391134,6.745987,6.467355,6.8590956,6.8425736,6.870049,-9.266423
95,hif2a,5tbm_prepared,254,27,hif2a/254,-10.23,-9.55,0.0,0.0,0.0,0.0,0.0,0.0,0.0,0.0,-9.55,7.143449,7.1136184,7.3538847,6.665875,7.052679,7.057787,6.5722194,7.1392555,6.7916107,7.0083013,-9.534926
96,hif2a,5tbm_prepared,251,26,hif2a/251,-9.61,-10.24,0.0,0.0,0.0,0.0,0.0,0.0,0.0,0.0,-10.239999,7.1127086,7.0198746,6.991991,6.165175,7.1636443,6.7954416,7.025265,6.99354,6.9945574,6.509283,-9.381164
97,hif2a,5tbm_prepared,256,25,hif2a/256,-9.16,-10.67,0.0,0.0,0.0,0.0,0.0,0.0,0.0,0.0,-10.670001,6.937816,7.1311483,6.5368624,7.022067,6.965545,6.748103,7.4769983,7.247327,7.009664,6.7607255,-9.526411
98,hif2a,5tbm_prepared,50,22,hif2a/50,-8.86,-9.7,0.0,0.0,0.0,0.0,0.0,0.0,0.0,0.0,-9.7,6.884345,6.899194,6.4463363,6.6300774,7.3521647,7.04458,6.8367887,6.735102,6.802325,6.6319275,-9.31178
99,hif2a,5tbm_prepared,231,25,hif2a/231,-10.63,-10.02,0.0,0.0,0.0,0.0,0.0,0.0,6.0,0.0,-10.0199995,6.40207,6.4160695,6.1405797,6.9040165,6.2545714,6.681624,6.6128263,7.341153,6.497731,6.537537,-8.97421
100,hif2a,5tbm_prepared,15,28,hif2a/15,-11.29,-11.05,0.0,0.0,0.0,0.0,0.0,0.0,0.0,8.0,-11.05,7.399008,7.273,7.5424857,7.354589,7.546759,7.2955136,7.836687,7.6481333,7.312078,7.450837,-10.184297
101,hif2a,5tbm_prepared,124,25,hif2a/124,-9.93,-10.12,3.0,0.0,3.0,8.0,0.0,0.0,0.0,0.0,-10.119998,6.516199,6.53886,6.630741,6.980456,7.124042,7.214318,6.988814,6.9424367,7.2364798,6.653466,-9.388576
102,hif2a,5tbm_prepared,163,26,hif2a/163,-10.0,-11.01,0.0,0.0,0.0,0.0,1.0,0.0,0.0,0.0,-11.009999,7.055569,6.891068,6.6099854,7.025196,7.4129486,7.24427,6.6874733,7.100217,7.009564,7.125206,-9.570778
103,pfkfb3,6hvi_prepared,43,28,pfkfb3/43,-8.82,-8.0,0.0,0.0,0.0,0.0,0.0,0.0,2.0,0.0,-8.0,7.1442914,7.36593,7.411622,7.442403,7.4664035,7.446494,6.9707956,6.989222,7.4042935,7.400467,-9.963698
104,pfkfb3,6hvi_prepared,30,29,pfkfb3/30,-9.41,-9.2,0.0,0.0,0.0,0.0,8.0,0.0,0.0,0.0,-9.2,5.74367,6.7914114,6.2623606,6.507222,6.970573,6.265985,6.0245304,7.026348,6.7177362,6.3407474,-8.81903
105,pfkfb3,6hvi_prepared,65,30,pfkfb3/65,-9.34,-9.49,0.0,0.0,0.0,0.0,0.0,0.0,5.0,6.0,-9.489999,7.5922503,7.846991,7.7449083,8.277146,7.6784906,7.654165,7.843855,7.6526527,7.498597,8.023927,-10.614522
106,pfkfb3,6hvi_prepared,49,28,pfkfb3/49,-6.68,-7.93,0.0,0.0,0.0,0.0,0.0,0.0,0.0,0.0,-7.93,6.4574223,6.5743837,7.2273035,7.094505,6.769977,6.7989235,6.488229,6.802469,6.310953,6.062115,-9.083079
107,pfkfb3,6hvi_prepared,24,29,pfkfb3/24,-9.79,-8.87,2.0,0.0,3.0,5.0,0.0,0.0,0.0,0.0,-8.87,6.687056,6.0770683,6.573352,6.447265,6.4901166,6.7517633,6.3114944,6.421553,6.554814,6.2375293,-8.805584
108,pfkfb3,6hvi_prepared,67,31,pfkfb3/67,-10.57,-10.24,0.0,0.0,0.0,0.0,0.0,0.0,0.0,3.0,-10.239999,6.5418296,6.70424,7.4704037,7.539401,7.3193173,7.570998,7.306246,7.3073874,7.3311276,7.008513,-9.835137
109,pfkfb3,6hvi_prepared,62,30,pfkfb3/62,-6.28,-7.69,0.0,8.0,0.0,0.0,0.0,0.0,0.0,0.0,-7.69,6.940643,7.674663,7.7333193,7.8301225,7.269134,7.6058292,7.498716,7.4707603,7.138818,6.992614,-10.115481
110,pfkfb3,6hvi_prepared,56,32,pfkfb3/56,-11.72,-10.57,0.0,0.0,0.0,0.0,0.0,0.0,0.0,0.0,-10.569999,6.952513,6.8169723,7.3102365,7.594321,7.5095935,7.278476,7.0871344,7.361672,7.479711,7.1899076,-9.900761
111,pfkfb3,6hvi_prepared,59,31,pfkfb3/59,-6.95,-8.12,0.0,0.0,0.0,0.0,0.0,0.0,0.0,0.0,-8.119999,6.873213,7.019297,7.3345165,6.9491105,6.6451135,7.5246897,6.374455,6.716897,7.110137,7.0477104,-9.49352
112,pfkfb3,6hvi_prepared,38,30,pfkfb3/38,-7.23,-8.76,0.0,5.0,0.0,0.0,0.0,7.0,4.0,0.0,-8.76,6.055246,6.6004624,6.671515,7.0785956,6.266933,6.8617773,6.5712357,6.0665393,6.4931235,6.640315,-8.9084
113,pfkfb3,6hvi_prepared,31,29,pfkfb3/31,-10.4,-9.28,0.0,4.0,0.0,0.0,0.0,0.0,0.0,0.0,-9.28,6.8927813,6.532057,6.544511,6.7274265,6.516062,6.8606925,6.5574503,6.7554584,6.52357,6.621925,-9.075665
114,pfkfb3,6hvi_prepared,48,29,pfkfb3/48,-6.78,-8.01,0.0,7.0,0.0,0.0,0.0,0.0,0.0,0.0,-8.01,6.8239436,6.6241946,7.524706,7.4288597,6.76007,7.1577654,6.356231,6.397984,6.724103,6.601568,-9.330411
115,pfkfb3,6hvi_prepared,58,30,pfkfb3/58,-8.36,-9.13,3.0,0.0,3.0,8.0,3.0,0.0,0.0,0.0,-9.13,6.86404,7.1366243,7.488208,7.398021,6.7036786,7.6258245,7.182566,7.2035127,7.244959,7.3120866,-9.843329
116,pfkfb3,6hvi_prepared,41,32,pfkfb3/41,-7.65,-7.39,0.0,0.0,0.0,0.0,0.0,0.0,3.0,0.0,-7.39,6.883674,7.195648,6.966912,7.2306767,6.896003,7.207783,7.2921987,6.8997245,7.385249,6.8608785,-9.660434
117,pfkfb3,6hvi_prepared,54,33,pfkfb3/54,-8.1,-8.18,3.0,0.0,3.0,7.0,0.0,8.0,0.0,0.0,-8.18,5.9547963,7.058379,6.853201,6.913497,6.553119,7.1508503,6.1546736,6.100526,6.6275434,6.6789885,-9.009321
118,pfkfb3,6hvi_prepared,26,30,pfkfb3/26,-9.37,-9.17,0.0,0.0,0.0,0.0,0.0,0.0,9.0,4.0,-9.169999,6.554258,6.504495,6.607796,7.0035915,6.9173374,6.62514,6.565145,6.426405,6.5423794,6.422251,-9.026131
119,pfkfb3,6hvi_prepared,20,29,pfkfb3/20,-7.26,-8.52,1.0,0.0,1.0,1.0,0.0,9.0,0.0,0.0,-8.5199995,6.81877,6.76192,7.3191123,7.663082,6.6881046,7.1525517,6.4068913,6.460995,6.940768,6.8216043,-9.416947
120,pfkfb3,6hvi_prepared,57,33,pfkfb3/57,-11.1,-10.47,0.0,0.0,0.0,0.0,0.0,0.0,0.0,1.0,-10.47,6.520011,7.7568173,7.7198668,7.9194903,7.476088,7.61689,7.555231,7.085178,7.5190616,7.6416144,-10.204918
121,pfkfb3,6hvi_prepared,42,29,pfkfb3/42,-8.05,-8.47,0.0,6.0,0.0,0.0,7.0,0.0,0.0,0.0,-8.47,6.422895,6.1709294,6.6766644,7.0166984,6.828726,7.2118506,6.3901267,6.269761,6.917871,6.6619816,-9.080518
122,pfkfb3,6hvi_prepared,35,31,pfkfb3/35,-10.54,-10.14,0.0,0.0,0.0,0.0,2.0,0.0,0.0,2.0,-10.14,6.346174,6.934439,6.8840895,7.31645,6.7606707,7.0812864,7.019745,6.624769,7.0988193,6.982167,-9.418968
123,pfkfb3,6hvi_prepared,63,30,pfkfb3/63,-8.1,-8.56,0.0,0.0,0.0,0.0,0.0,0.0,0.0,0.0,-8.56,7.1012883,7.8994017,7.997925,7.932359,7.5615697,7.687497,7.8147,7.7746205,7.2902365,7.480962,-10.44095
124,pfkfb3,6hvi_prepared,69,31,pfkfb3/69,-11.46,-10.71,0.0,1.0,0.0,0.0,0.0,0.0,0.0,0.0,-10.71,7.0884852,7.554727,7.3999653,7.261976,7.414358,7.6830716,7.726113,7.4021807,7.610933,7.2147894,-10.143034
125,pfkfb3,6hvi_prepared,52,32,pfkfb3/52,-9.24,-10.4,1.0,0.0,1.0,2.0,0.0,0.0,0.0,0.0,-10.399999,5.914779,6.9028983,6.968938,7.4657125,6.8099065,6.670403,6.6876707,6.3413095,6.949036,6.7010517,-9.195676
126,pfkfb3,6hvi_prepared,19,27,pfkfb3/19,-8.58,-7.55,2.0,0.0,2.0,6.0,0.0,0.0,1.0,0.0,-7.5500007,6.8637815,6.6016784,6.889724,6.7571034,6.6589327,6.655237,6.208767,6.7552495,6.534143,6.361492,-9.042132
127,pfkfb3,6hvi_prepared,68,31,pfkfb3/68,-11.32,-9.78,0.0,0.0,0.0,0.0,0.0,0.0,0.0,0.0,-9.78,6.8721733,6.7742414,7.342091,7.4408035,7.1457806,7.7853975,6.819727,7.1454697,7.1873283,6.696645,-9.713758
128,pfkfb3,6hvi_prepared,53,33,pfkfb3/53,-8.04,-7.0,0.0,9.0,0.0,0.0,0.0,0.0,0.0,0.0,-7.0000005,6.221635,6.8245683,6.8091288,7.214039,7.036722,7.248789,6.400535,6.3245664,6.8710794,7.237626,-9.301665
129,pfkfb3,6hvi_prepared,64,30,pfkfb3/64,-9.29,-9.42,0.0,0.0,0.0,0.0,0.0,0.0,0.0,0.0,-9.419999,7.666618,7.5519686,7.787964,8.030751,7.8440657,7.6384406,7.6777377,7.5455403,7.7004485,7.7662325,-10.532237
130,pfkfb3,6hvi_prepared,39,28,pfkfb3/39,-5.77,-7.2,0.0,0.0,0.0,0.0,5.0,0.0,0.0,0.0,-7.1999993,5.9831147,6.6335306,7.0747213,7.198019,6.9737034,6.816754,6.154639,6.876152,6.749778,6.2559624,-9.100826
131,pfkfb3,6hvi_prepared,37,36,pfkfb3/37,-12.26,-10.0,0.0,0.0,0.0,0.0,0.0,0.0,0.0,0.0,-9.999999,7.1645284,6.718478,7.168091,6.822158,7.040645,7.0631127,6.6014304,6.679696,6.5375204,6.4597316,-9.310765
132,pfkfb3,6hvi_prepared,23,27,pfkfb3/23,-8.77,-7.91,0.0,0.0,0.0,0.0,0.0,0.0,0.0,0.0,-7.9100003,6.488147,6.5607076,6.3795495,6.260863,6.193547,6.7953644,6.499364,6.606454,6.357418,6.415801,-8.8062935
133,pfkfb3,6hvi_prepared,60,32,pfkfb3/60,-7.37,-8.14,0.0,0.0,0.0,0.0,0.0,0.0,6.0,7.0,-8.139999,6.7544937,6.677223,7.1259475,6.943466,7.021686,8.038795,7.1198187,6.2407513,7.2859764,7.226304,-9.608013
134,pfkfb3,6hvi_prepared,34,30,pfkfb3/34,-10.37,-9.97,1.0,0.0,1.0,3.0,9.0,0.0,0.0,0.0,-9.97,6.1328034,6.311922,6.175135,6.802131,6.238608,6.710662,6.5541887,6.525646,6.1954875,6.1953154,-8.708717
135,pfkfb3,6hvi_prepared,36,32,pfkfb3/36,-7.98,-7.44,0.0,0.0,0.0,0.0,4.0,0.0,0.0,0.0,-7.44,6.0368586,6.045372,6.221983,6.556206,6.212714,6.5123153,6.0999446,6.070236,6.3981104,6.813268,-8.589372
136,pfkfb3,6hvi_prepared,46,31,pfkfb3/46,-6.35,-7.86,3.0,0.0,3.0,9.0,1.0,0.0,0.0,0.0,-7.86,6.988986,7.0380197,7.660647,7.3249803,6.8650413,7.160475,7.147779,7.1812034,7.4675174,7.0822687,-9.810234
137,shp2,5ehr_prepared,SHP099-1/Example 7,23,shp2/SHP099-1/Example 7,-9.27,-9.75,3.0,0.0,3.0,7.0,0.0,0.0,4.0,3.0,-9.750001,6.3905654,6.2310762,5.924713,6.5232553,6.408855,6.676036,6.4432516,6.259956,6.124574,6.6335635,-8.67788
138,shp2,5ehr_prepared,Example 29,21,shp2/Example 29,-6.85,-7.62,0.0,0.0,0.0,0.0,0.0,0.0,0.0,7.0,-7.6200004,5.8319044,6.2041864,5.769257,6.3942537,5.853094,5.7276053,6.1753964,6.222905,6.7524776,7.4128475,-8.504377
139,shp2,5ehr_prepared,11,24,shp2/11,-6.49,-6.35,0.0,0.0,0.0,0.0,8.0,0.0,6.0,0.0,-6.350001,6.116437,6.2444463,6.196922,6.45174,6.275016,6.4643054,6.2304673,5.8249993,5.914383,6.647996,-8.507485
140,shp2,5ehr_prepared,Example 2,23,shp2/Example 2,-7.93,-8.28,0.0,0.0,0.0,0.0,3.0,0.0,0.0,6.0,-8.279999,5.388876,6.0716743,5.7840357,6.099932,5.7254934,5.6078467,6.0691495,5.51934,5.9194646,5.812584,-7.9116
141,shp2,5ehr_prepared,Example 14,22,shp2/Example 14,-9.38,-9.78,0.0,1.0,0.0,0.0,0.0,0.0,3.0,0.0,-9.78,6.3897395,6.359908,6.4362235,5.446205,5.874236,5.429801,5.6756325,5.8796105,6.1013136,6.0474043,-8.135544
142,shp2,5ehr_prepared,SHP836-2,23,shp2/SHP836-2,-7.74,-6.71,1.0,8.0,1.0,1.0,0.0,8.0,0.0,0.0,-6.7100005,4.763189,4.6756444,4.881268,4.6897736,4.698036,5.114123,5.0611243,4.5523667,4.610113,5.159994,-6.575763
143,shp2,5ehr_prepared,Example 6,24,shp2/Example 6,-10.86,-9.07,3.0,3.0,3.0,8.0,0.0,0.0,7.0,0.0,-9.070001,6.5506825,6.5872626,6.366975,6.65997,6.7830935,6.9050326,6.7068934,7.1371865,7.21328,6.657371,-9.216963
144,shp2,5ehr_prepared,Example 1,23,shp2/Example 1,-9.13,-8.99,0.0,0.0,0.0,0.0,0.0,0.0,0.0,0.0,-8.99,5.6500206,5.8984337,5.6664896,6.0944,5.8843412,6.2418237,6.4511256,6.3225765,6.006233,6.308696,-8.25614
145,shp2,5ehr_prepared,3,22,shp2/3,-6.55,-5.46,2.0,9.0,2.0,5.0,0.0,0.0,0.0,0.0,-5.4599996,4.5673676,4.550238,4.7340946,4.879423,4.4569154,5.2216096,4.6572227,4.332362,4.693654,4.7048674,-6.3837137
146,shp2,5ehr_prepared,Example 9,23,shp2/Example 9,-9.73,-8.79,0.0,0.0,0.0,0.0,0.0,0.0,8.0,0.0,-8.79,6.4268627,6.293442,6.3058095,5.545822,6.5795264,5.7658095,5.9402933,6.0101895,5.9584217,6.3234563,-8.341462
147,shp2,5ehr_prepared,Example 8,24,shp2/Example 8,-9.85,-9.71,1.0,0.0,1.0,3.0,0.0,0.0,0.0,9.0,-9.71,6.2603245,6.4481425,6.405447,6.0804586,6.438271,5.8056793,6.012474,6.2020826,6.339596,6.5775423,-8.535218
148,shp2,5ehr_prepared,Example 28,24,shp2/Example 28,-8.07,-8.46,2.0,0.0,2.0,4.0,9.0,0.0,5.0,0.0,-8.46,5.7844324,6.1496654,5.4218187,5.9486146,5.8012137,5.960608,5.7386537,5.5239177,6.107001,6.4121027,-8.027499
149,shp2,5ehr_prepared,10,22,shp2/10,-7.32,-7.15,0.0,0.0,0.0,0.0,5.0,0.0,9.0,5.0,-7.15,5.8016357,6.135372,5.57373,6.193912,5.8042574,6.107637,6.033139,5.7834435,6.2102137,5.9341164,-8.127001
150,shp2,5ehr_prepared,Example 25,25,shp2/Example 25,-7.67,-8.87,0.0,4.0,0.0,0.0,0.0,9.0,0.0,0.0,-8.87,7.062665,7.3363295,7.224522,6.6036935,7.9131355,7.7084336,7.114979,7.121861,7.081059,7.486394,-9.910655
151,shp2,5ehr_prepared,Example 27,23,shp2/Example 27,-8.65,-8.52,0.0,5.0,0.0,0.0,4.0,7.0,0.0,0.0,-8.5199995,5.482088,5.528189,5.1296506,5.0387883,5.2939816,5.997081,6.0177393,4.707645,4.8735604,5.512512,-7.3090525
152,shp2,5ehr_prepared,Example 30,23,shp2/Example 30,-8.87,-9.16,0.0,0.0,0.0,0.0,0.0,0.0,0.0,2.0,-9.159999,6.363196,6.0593286,5.6184416,6.2296805,6.855776,6.5907903,6.0517707,6.543368,6.1859097,6.9043946,-8.6488
153,shp2,5ehr_prepared,Example 5,25,shp2/Example 5,-6.15,-7.56,0.0,7.0,0.0,0.0,6.0,0.0,0.0,0.0,-7.56,6.4996367,6.5234556,6.667938,6.7092557,6.433568,6.8991785,6.963447,7.188413,6.79779,6.585064,-9.176039
154,shp2,5ehr_prepared,Example 4,21,shp2/Example 4,-7.03,-8.2,3.0,6.0,3.0,9.0,0.0,0.0,0.0,4.0,-8.199999,5.133704,5.8470783,5.6589932,6.170205,5.4425206,5.8722878,5.0958767,5.7040124,5.789986,5.7118564,-7.69718
155,shp2,5ehr_prepared,Example 23,24,shp2/Example 23,-8.29,-8.74,1.0,0.0,1.0,2.0,0.0,0.0,1.0,1.0,-8.739999,6.225878,6.3608003,6.464327,5.9518294,6.657994,6.486645,6.213597,6.5764403,6.3531747,6.5491133,-8.70843
156,shp2,5ehr_prepared,Example 3,21,shp2/Example 3,-7.68,-8.22,0.0,0.0,0.0,0.0,0.0,0.0,0.0,0.0,-8.219999,5.400886,6.269692,5.5615735,6.532076,6.15662,6.5111365,5.7899585,6.058305,5.887327,6.0278068,-8.211292
157,syk,4pv0-prepared,CHEMBL3264999,38,syk/CHEMBL3264999,-11.59,-11.42,0.0,0.0,0.0,0.0,0.0,0.0,8.0,0.0,-11.419999,8.612847,7.6157084,8.293081,7.6629605,7.9855804,7.9100275,8.175918,8.3512745,8.117035,8.133793,-11.029926
158,syk,4pv0-prepared,CHEMBL3265014,31,syk/CHEMBL3265014,-9.96,-10.4,0.0,7.0,0.0,0.0,8.0,0.0,0.0,0.0,-10.399999,7.5271792,7.6344633,7.7885747,7.6954913,7.44525,7.479507,8.080736,7.4873347,7.275935,7.6118464,-10.370801
159,syk,4pv0-prepared,CHEMBL3265034,31,syk/CHEMBL3265034,-11.09,-11.49,0.0,0.0,0.0,0.0,0.0,0.0,3.0,0.0,-11.489999,7.8775573,7.859391,7.715013,7.6407104,7.704716,7.8233104,8.141702,7.6918054,7.8215227,7.8624806,-10.658887
160,syk,4pv0-prepared,CHEMBL3265015,30,syk/CHEMBL3265015,-7.57,-9.48,0.0,0.0,0.0,0.0,2.0,0.0,0.0,0.0,-9.479999,7.5460005,7.4578667,7.5127354,7.87906,7.356667,7.5558715,7.63159,7.502822,7.4289207,7.0538034,-10.220616
161,syk,4pv0-prepared,CHEMBL3265036,32,syk/CHEMBL3265036,-11.51,-10.42,1.0,0.0,1.0,3.0,0.0,0.0,0.0,0.0,-10.419999,7.8612494,8.02871,7.6944613,7.783664,7.7427464,8.04125,8.285705,8.148658,7.931102,8.093858,-10.859846
162,syk,4pv0-prepared,CHEMBL3265020,29,syk/CHEMBL3265020,-9.98,-11.01,0.0,0.0,0.0,0.0,0.0,0.0,0.0,0.0,-11.009999,7.471757,7.7124157,7.77914,7.566138,7.5373416,7.629559,7.7205696,7.7804728,7.9885893,7.2468634,-10.426256
163,syk,4pv0-prepared,CHEMBL3265023,30,syk/CHEMBL3265023,-10.5,-10.48,0.0,0.0,0.0,0.0,0.0,0.0,0.0,0.0,-10.479999,8.0183735,7.8864727,8.034647,7.801903,7.783651,7.966157,7.797869,7.610577,7.600897,7.6190186,-10.656343
164,syk,4pv0-prepared,CHEMBL3265002,40,syk/CHEMBL3265002,-12.79,-10.61,0.0,6.0,0.0,0.0,0.0,7.0,0.0,0.0,-10.61,7.804062,7.5939546,8.095197,7.601587,7.9217,7.946884,7.918473,8.093375,8.083617,7.773902,-10.75363
165,syk,4pv0-prepared,CHEMBL3265033,33,syk/CHEMBL3265033,-11.17,-11.84,3.0,0.0,3.0,9.0,0.0,0.0,0.0,0.0,-11.839999,7.985467,8.073852,8.174236,8.0122,7.861012,7.694354,8.502469,8.441649,7.664554,7.935403,-10.959942
166,syk,4pv0-prepared,CHEMBL3265027,25,syk/CHEMBL3265027,-10.04,-10.33,0.0,0.0,0.0,0.0,0.0,0.0,2.0,0.0,-10.329999,7.611107,7.0061135,7.1943736,7.444798,7.4571724,7.099361,7.712305,7.3849664,7.2609544,7.434788,-10.040636
167,syk,4pv0-prepared,CHEMBL3265028,27,syk/CHEMBL3265028,-10.49,-11.01,0.0,0.0,0.0,0.0,0.0,0.0,0.0,0.0,-11.009999,7.517513,7.531873,7.5047774,7.2920136,7.63242,7.5524774,7.974414,7.3013253,7.402508,7.566013,-10.268359
168,syk,4pv0-prepared,CHEMBL3264997,38,syk/CHEMBL3264997,-11.31,-10.98,0.0,0.0,0.0,0.0,0.0,0.0,0.0,0.0,-10.979999,8.187549,7.4761376,7.9420094,7.557216,7.734146,8.17701,7.8822036,8.184515,8.055246,8.192016,-10.829377
169,syk,4pv0-prepared,CHEMBL3264996,39,syk/CHEMBL3264996,-12.06,-10.67,2.0,0.0,3.0,6.0,9.0,0.0,0.0,0.0,-10.670001,7.8433876,6.7061844,7.831787,7.1709027,7.5166693,7.434424,7.783895,7.5347695,7.714012,7.105482,-10.1819
170,syk,4pv0-prepared,CHEMBL3264994,38,syk/CHEMBL3264994,-11.33,-9.81,0.0,0.0,0.0,0.0,0.0,0.0,9.0,0.0,-9.81,7.4000154,7.1370573,6.849229,6.786898,7.191435,6.845521,7.5722013,7.838022,7.52715,7.431188,-9.900513
171,syk,4pv0-prepared,CHEMBL3264995,38,syk/CHEMBL3264995,-12.21,-12.39,0.0,0.0,0.0,0.0,0.0,0.0,7.0,0.0,-12.39,8.488781,7.9008155,8.580585,7.6369386,8.052918,8.244549,8.421631,8.657175,8.3274975,8.064863,-11.236933
172,syk,4pv0-prepared,CHEMBL3265031,33,syk/CHEMBL3265031,-11.53,-12.07,0.0,0.0,0.0,0.0,0.0,0.0,6.0,0.0,-12.069999,8.044861,7.8844995,7.697385,7.902038,8.047686,8.063402,8.101566,8.012824,7.8857074,8.058766,-10.871759
173,syk,4pv0-prepared,CHEMBL3265037,33,syk/CHEMBL3265037,-11.17,-12.77,0.0,1.0,0.0,0.0,0.0,9.0,0.0,5.0,-12.7699995,8.0834,8.132045,8.348618,8.211154,8.095713,8.454853,8.480058,8.435682,8.409226,8.26392,-11.310445
174,syk,4pv0-prepared,CHEMBL3265026,30,syk/CHEMBL3265026,-9.49,-11.36,0.0,0.0,0.0,0.0,0.0,0.0,0.0,9.0,-11.36,7.7776794,7.5936675,7.2970524,7.620947,7.804839,7.780829,7.7591033,7.698918,7.5823913,7.4422503,-10.416003
175,syk,4pv0-prepared,CHEMBL3265012,30,syk/CHEMBL3265012,-11.05,-10.55,0.0,0.0,0.0,0.0,7.0,0.0,0.0,0.0,-10.55,7.846902,7.9746056,7.8637667,7.566024,7.389579,7.802772,7.7861037,7.841365,7.6670957,7.3160043,-10.511018
176,syk,4pv0-prepared,CHEMBL3264998,39,syk/CHEMBL3264998,-13.18,-11.72,0.0,0.0,0.0,0.0,0.0,0.0,0.0,0.0,-11.72,7.881938,7.687042,8.095989,7.3671603,7.7038784,8.154788,7.950727,8.152457,8.315292,7.7465596,-10.78406
177,syk,4pv0-prepared,CHEMBL3265029,27,syk/CHEMBL3265029,-10.63,-11.12,0.0,0.0,0.0,0.0,5.0,0.0,0.0,2.0,-11.12,7.4649773,7.304505,7.307754,7.3980093,7.5717216,7.4922023,7.568761,7.4010534,7.5824833,7.247464,-10.140625
178,syk,4pv0-prepared,CHEMBL3265035,30,syk/CHEMBL3265035,-11.41,-11.08,0.0,4.0,0.0,0.0,6.0,0.0,0.0,0.0,-11.079999,7.603906,7.301871,6.948758,7.60901,7.23394,7.3043137,7.8620934,7.725183,6.946416,7.4494557,-10.092337
179,syk,4pv0-prepared,CHEMBL3265024,31,syk/CHEMBL3265024,-9.62,-11.79,2.0,0.0,2.0,4.0,0.0,0.0,0.0,0.0,-11.79,7.6696353,7.3342505,7.572493,7.487266,7.49985,8.03494,7.877195,7.677328,7.3325033,7.193524,-10.3234215
180,syk,4pv0-prepared,CHEMBL3265018,29,syk/CHEMBL3265018,-10.93,-11.19,3.0,0.0,3.0,7.0,4.0,0.0,0.0,0.0,-11.19,7.88218,7.4610915,8.110474,7.715649,7.6866493,7.916334,7.9928737,7.982086,8.211159,7.3435216,-10.6812315
181,syk,4pv0-prepared,CHEMBL3265008,30,syk/CHEMBL3265008,-10.6,-9.78,0.0,0.0,0.0,0.0,0.0,0.0,0.0,0.0,-9.78,7.743729,7.562715,7.915914,7.430619,7.344968,7.515486,7.6255927,7.4785695,7.6801047,7.4433146,-10.3318815
182,syk,4pv0-prepared,CHEMBL3265016,29,syk/CHEMBL3265016,-9.59,-11.69,0.0,0.0,0.0,0.0,0.0,0.0,0.0,0.0,-11.69,7.528345,7.5032706,7.8279157,7.3012443,7.557019,7.6043367,7.6854753,7.715241,7.9640265,7.167272,-10.347316
183,syk,4pv0-prepared,CHEMBL3265013,30,syk/CHEMBL3265013,-10.35,-9.81,0.0,0.0,0.0,0.0,0.0,0.0,1.0,0.0,-9.81,7.6606574,7.7086377,7.806815,7.9818983,7.224679,7.702817,7.596121,7.6571345,7.2999315,7.495395,-10.385502
184,syk,4pv0-prepared,CHEMBL3265001,40,syk/CHEMBL3265001,-12.81,-12.03,0.0,0.0,0.0,0.0,0.0,8.0,0.0,0.0,-12.03,8.073773,8.0274725,7.7926803,8.091264,8.233172,8.165989,8.322861,8.210469,8.322279,8.21025,-11.110679
185,syk,4pv0-prepared,CHEMBL3265006,30,syk/CHEMBL3265006,-10.06,-9.96,0.0,8.0,0.0,0.0,3.0,0.0,0.0,0.0,-9.96,7.6094174,7.5775166,7.4272017,7.3236723,7.387675,7.390369,7.672327,7.6879735,7.6909666,7.4421945,-10.259354
186,syk,4pv0-prepared,CHEMBL3265030_n,31,syk/CHEMBL3265030_n,-11.28,-11.47,0.0,3.0,0.0,0.0,0.0,0.0,4.0,0.0,-11.47,8.112013,7.9182935,7.7573023,7.9376507,8.208947,7.8361106,8.114125,7.9605045,7.9461837,7.774857,-10.85365
187,syk,4pv0-prepared,CHEMBL3265022,30,syk/CHEMBL3265022,-10.29,-10.79,2.0,0.0,2.0,5.0,0.0,0.0,0.0,1.0,-10.79,8.016539,7.9507413,8.101905,7.8050175,7.793087,7.7603164,7.9959245,7.622522,7.6604385,7.9239154,-10.726027
188,syk,4pv0-prepared,CHEMBL3265004,40,syk/CHEMBL3265004,-12.83,-10.86,1.0,5.0,1.0,2.0,0.0,0.0,0.0,0.0,-10.86,8.044113,7.830713,7.8561583,8.000532,8.177123,7.942499,7.9353766,8.161076,8.28589,7.6821704,-10.901347
189,syk,4pv0-prepared,CHEMBL3265009,30,syk/CHEMBL3265009,-10.82,-10.3,1.0,0.0,1.0,1.0,0.0,0.0,0.0,0.0,-10.3,7.781332,7.608341,7.731804,7.923879,7.4693685,7.5965104,7.443198,7.426133,7.240118,7.374764,-10.312027
190,syk,4pv0-prepared,CHEMBL3265021,29,syk/CHEMBL3265021,-10.48,-10.89,0.0,0.0,0.0,0.0,0.0,0.0,0.0,0.0,-10.89,7.9660616,8.170252,7.8253317,7.901304,8.087532,7.962062,8.12909,7.814339,7.918298,7.680429,-10.8384695
191,syk,4pv0-prepared,CHEMBL3265011,30,syk/CHEMBL3265011,-6.76,-8.64,0.0,9.0,0.0,0.0,0.0,0.0,0.0,6.0,-8.64,7.720268,7.546684,7.993383,7.8478856,7.760958,7.393689,7.7608852,7.616606,7.636661,6.9982224,-10.404757
192,syk,4pv0-prepared,CHEMBL3265017,29,syk/CHEMBL3265017,-10.59,-11.49,0.0,0.0,0.0,0.0,0.0,0.0,0.0,0.0,-11.489999,8.035973,7.921269,7.8927803,7.9880548,8.027368,8.233511,8.290503,7.8582954,8.014305,7.6718273,-10.903836
193,syk,4pv0-prepared,CHEMBL3265000,42,syk/CHEMBL3265000,-12.9,-11.81,0.0,2.0,0.0,0.0,1.0,0.0,5.0,0.0,-11.81,8.499323,8.036394,8.345477,7.926422,7.8203506,8.252395,8.086967,8.4677725,8.469712,7.4734797,-11.100869
194,syk,4pv0-prepared,CHEMBL3265010,31,syk/CHEMBL3265010,-10.54,-10.14,0.0,0.0,0.0,0.0,0.0,0.0,0.0,4.0,-10.14,7.3120513,7.414944,7.5247207,7.4758797,6.9628696,7.5242844,7.3697243,6.8551264,7.0671782,7.054364,-9.898115
195,tnks2,4ui5-prepared,3a,21,tnks2/3a,-12.41,-11.0,2.0,0.0,3.0,5.0,0.0,0.0,4.0,3.0,-10.999999,7.087908,7.842396,6.9257245,7.3929186,7.28884,7.897004,7.68592,7.2683167,6.802214,6.846264,-9.963096
196,tnks2,4ui5-prepared,8e,26,tnks2/8e,-8.08,-10.24,0.0,0.0,0.0,0.0,0.0,0.0,0.0,7.0,-10.239999,8.136863,8.138831,7.848758,7.9157124,8.251173,8.441691,8.15969,8.230852,8.131427,7.7849326,-11.054712
197,tnks2,4ui5-prepared,5l,23,tnks2/5l,-11.92,-10.09,0.0,0.0,0.0,0.0,3.0,0.0,6.0,0.0,-10.089999,7.404483,7.5047507,7.5464783,7.6624103,7.8588014,7.682063,7.581625,7.686461,7.200695,6.8525577,-10.228118
198,tnks2,4ui5-prepared,5g,22,tnks2/5g,-11.9,-10.81,0.0,0.0,0.0,0.0,6.0,0.0,0.0,6.0,-10.81,7.1837845,7.4662433,7.7145324,7.4978547,7.567464,7.930935,7.846456,7.3669515,7.2740273,7.38368,-10.262438
199,tnks2,4ui5-prepared,1b,19,tnks2/1b,-9.58,-9.94,0.0,0.0,0.0,0.0,0.0,0.0,3.0,0.0,-9.94,6.9513206,7.3314695,6.831268,7.155952,7.085841,7.441905,7.2385507,6.97927,6.8650517,7.036659,-9.673876
200,tnks2,4ui5-prepared,5i,22,tnks2/5i,-13.17,-12.08,1.0,0.0,1.0,1.0,0.0,9.0,0.0,0.0,-12.079999,7.454844,7.395302,7.620283,8.065748,7.836241,7.484819,7.9026136,7.3727107,7.851313,7.4913864,-10.432042
201,tnks2,4ui5-prepared,8d,25,tnks2/8d,-9.84,-12.49,3.0,0.0,3.0,7.0,0.0,0.0,7.0,0.0,-12.490001,8.572443,8.322085,8.538343,8.886745,8.642338,8.735547,8.446359,8.109682,8.441957,8.33976,-11.599717
202,tnks2,4ui5-prepared,5b,22,tnks2/5b,-11.97,-10.47,0.0,6.0,0.0,0.0,0.0,0.0,0.0,0.0,-10.47,6.7762446,7.2524652,7.006191,7.4800563,7.496317,7.1678467,7.1910105,7.4632883,7.070135,6.93214,-9.799156
203,tnks2,4ui5-prepared,5h,23,tnks2/5h,-10.25,-10.05,3.0,0.0,3.0,8.0,0.0,0.0,0.0,0.0,-10.05,6.8403516,6.861867,7.082132,7.8012123,7.2208295,7.0666437,6.9714365,6.91114,7.230349,6.6310215,-9.63291
204,tnks2,4ui5-prepared,8c,25,tnks2/8c,-8.0,-10.12,3.0,0.0,3.0,9.0,0.0,0.0,8.0,0.0,-10.119998,8.178025,7.3786607,7.6594267,7.9008393,8.2957,8.552797,7.87544,8.374029,7.8269897,7.8164015,-10.893524
205,tnks2,4ui5-prepared,5a,21,tnks2/5a,-11.38,-10.76,2.0,5.0,2.0,4.0,0.0,0.0,0.0,9.0,-10.760001,7.1950016,7.166307,7.1113257,7.6403403,7.251022,7.0978003,7.1099944,7.150356,7.2105083,6.770967,-9.781139
206,tnks2,4ui5-prepared,5k,23,tnks2/5k,-10.87,-10.96,0.0,0.0,0.0,0.0,0.0,8.0,0.0,0.0,-10.96,7.582941,7.5920153,7.54704,7.4306397,7.781231,7.7330666,7.1186643,7.742573,7.3505116,7.096274,-10.2273855
207,tnks2,4ui5-prepared,5p,26,tnks2/5p,-10.76,-10.5,1.0,0.0,1.0,3.0,0.0,0.0,5.0,0.0,-10.499999,6.2838435,7.182861,6.919218,7.2534866,7.420242,7.4645357,7.33689,6.7179213,6.661022,6.5932164,-9.525999
208,tnks2,4ui5-prepared,1a,17,tnks2/1a,-8.09,-8.55,2.0,0.0,2.0,6.0,9.0,0.0,9.0,5.0,-8.55,6.7094674,6.8563495,6.770253,6.7540827,6.734762,6.5370255,6.892863,6.1872954,6.218273,6.3854938,-9.00936
209,tnks2,4ui5-prepared,5j,23,tnks2/5j,-11.51,-11.08,0.0,0.0,0.0,0.0,8.0,0.0,0.0,0.0,-11.079999,7.035973,7.126483,7.4253435,7.5490985,7.5604177,7.33369,7.362856,7.6226997,6.9117303,6.9797873,-9.945441
210,tnks2,4ui5-prepared,3b,22,tnks2/3b,-12.04,-11.52,0.0,3.0,0.0,0.0,5.0,7.0,2.0,8.0,-11.520001,7.371856,7.7274303,6.8507624,7.22082,7.232151,7.920757,7.5963507,7.484153,6.697515,6.784144,-9.942421
211,tnks2,4ui5-prepared,5o,26,tnks2/5o,-12.67,-12.04,0.0,2.0,0.0,0.0,0.0,0.0,0.0,0.0,-12.04,7.7747684,7.4941444,7.8152447,7.2039285,7.8586707,7.9475994,7.621712,7.585512,7.816203,7.778659,-10.489494
212,tnks2,4ui5-prepared,5d,22,tnks2/5d,-10.9,-10.89,0.0,4.0,0.0,0.0,1.0,0.0,0.0,4.0,-10.89,7.077202,7.284157,7.154006,7.2386727,7.517476,7.3203516,7.431115,7.492621,6.9586043,7.065389,-9.895176
213,tnks2,4ui5-prepared,5m,23,tnks2/5m,-12.51,-12.69,0.0,1.0,0.0,0.0,7.0,0.0,0.0,1.0,-12.69,7.3428564,7.6615677,7.6949577,7.7368746,7.864707,7.7685537,7.39732,7.564492,7.4116287,7.8850627,-10.411958
214,tnks2,4ui5-prepared,5n,25,tnks2/5n,-10.93,-10.71,0.0,0.0,0.0,0.0,0.0,0.0,1.0,0.0,-10.71,6.2428327,7.102658,7.09358,7.2991576,7.367512,7.4349976,7.185632,6.7829933,6.797553,6.8019943,-9.563603
215,tnks2,4ui5-prepared,5c,22,tnks2/5c,-11.82,-9.96,0.0,8.0,0.0,0.0,4.0,0.0,0.0,0.0,-9.96,7.1183667,7.0879426,7.488952,7.7883096,7.7518067,7.8084884,7.4477463,7.7183137,7.2782593,6.8033767,-10.134163
