,Target,Ligand,Num_Atoms,graph_id,Exp. dG,Pred. dG,Pred. Error,Rel. dG,Error,Error^2,Group,finetune_rank,Group_359,Group1,Group3,Group4,Group5,Group2,truth,preds_0,preds_1,preds_2,preds_3,preds_4,preds_5,preds_6,preds_7,preds_8,preds_9,preds
0,Bace,CAT-13f,26,Bace/CAT-13f,-9.09,-10.24,1.2,-1.41,1.15,1.3225,0.0,0.0,0.0,0.0,0.0,6.0,0.0,5.0,-9.09,6.6546702,6.7924576,6.8307886,6.409049,6.842087,6.8108616,6.761088,6.9691577,7.044677,6.8215036,-9.267242
1,Bace,CAT-13d,24,Bace/CAT-13d,-10.47,-10.5,1.05,-1.67,0.03,0.0009,0.0,0.0,0.0,0.0,0.0,0.0,0.0,0.0,-10.470001,6.769307,7.0142765,6.889693,6.7717533,6.8058586,7.1116843,7.042597,7.366476,7.2152343,6.7429714,-9.511896
2,Bace,CAT-4c,28,Bace/CAT-4c,-7.85,-7.52,1.11,1.31,0.33,0.1089,0.0,9.0,0.0,0.0,0.0,0.0,6.0,0.0,-7.8499994,5.6125526,5.380507,6.1989098,5.89437,5.5511565,5.724132,5.236798,5.7708645,5.2576337,5.4721327,-7.6525097
3,Bace,CAT-13b,23,Bace/CAT-13b,-9.12,-8.92,1.51,-0.09,0.2,0.04,0.0,0.0,0.0,0.0,0.0,0.0,9.0,0.0,-9.119999,6.3887615,6.8143744,6.337557,6.3506393,6.308264,6.2382503,6.1227326,6.5763283,6.3853064,6.0756335,-8.675426
4,Bace,CAT-4l,26,Bace/CAT-4l,-9.34,-7.29,1.17,1.54,2.05,4.2025,0.0,0.0,0.0,0.0,0.0,0.0,0.0,0.0,-9.34,6.5725226,5.915763,6.6225615,6.0689673,6.2795463,6.388114,6.143999,6.526294,6.212975,6.1986146,-8.584237
5,Bace,CAT-13m,27,Bace/CAT-13m,-8.76,-10.11,0.71,-1.28,1.35,1.8225,0.0,0.0,0.0,0.0,0.0,0.0,0.0,0.0,-8.76,7.072215,6.520906,6.885501,6.3463864,6.4400387,6.995521,6.4349985,6.905955,7.001707,6.87713,-9.205041
6,Bace,CAT-4k,26,Bace/CAT-4k,-7.85,-7.41,1.11,1.42,0.44,0.1936,0.0,0.0,0.0,0.0,0.0,0.0,0.0,9.0,-7.8499994,5.9189196,5.4613924,6.2592764,5.359258,5.5920277,5.8304663,5.739765,5.684979,5.61799,5.9949126,-7.838019
7,Bace,CAT-13n,27,Bace/CAT-13n,-8.54,-6.77,0.71,2.06,1.77,3.1329,0.0,8.0,0.0,0.0,0.0,0.0,0.0,0.0,-8.54,6.467629,6.5410404,6.737468,6.138133,6.3254924,6.939624,6.5022264,7.0842876,6.845577,6.3781853,-8.997602
8,Bace,CAT-13o,26,Bace/CAT-13o,-8.54,-8.34,0.97,0.49,0.2,0.04,3.0,0.0,3.0,9.0,0.0,0.0,0.0,8.0,-8.54,6.6730194,7.076175,7.018926,6.558796,6.581418,7.0374255,7.245082,7.2590666,7.0015106,6.719205,-9.435613
9,Bace,CAT-13a,22,Bace/CAT-13a,-8.84,-8.83,0.0,0.0,0.01,0.0001,0.0,0.0,0.0,0.0,0.0,8.0,0.0,0.0,-8.84,6.540779,6.279802,6.5375733,6.5675535,6.670904,6.5736794,6.458273,6.4055667,6.470448,6.390746,-8.852415
10,Bace,CAT-13k,27,Bace/CAT-13k,-9.7,-9.4,1.01,-0.57,0.3,0.09,0.0,0.0,0.0,0.0,0.0,0.0,0.0,0.0,-9.699999,6.7056885,6.982922,6.819639,6.214485,6.1687675,6.7948885,6.3136835,7.053174,7.072161,6.8814664,-9.140453
11,Bace,CAT-17a,25,Bace/CAT-17a,-10.73,-11.29,1.19,-2.46,0.56,0.3136,0.0,0.0,0.0,0.0,0.0,0.0,0.0,0.0,-10.73,7.187526,7.219902,7.1932044,6.8165746,7.0725536,7.171217,7.311749,7.1759167,7.313312,6.908377,-9.735675
12,Bace,CAT-17f,25,Bace/CAT-17f,-9.42,-10.45,1.05,-1.62,1.03,1.0609,2.0,0.0,3.0,6.0,0.0,1.0,0.0,4.0,-9.42,6.977736,6.7165833,7.173996,6.877843,6.709892,6.9173036,6.904045,6.90935,6.950111,6.5228763,-9.365921
13,Bace,CAT-13i,25,Bace/CAT-13i,-9.27,-10.43,1.51,-1.6,1.16,1.3456,2.0,0.0,2.0,4.0,0.0,4.0,8.0,0.0,-9.27,6.9529905,6.862656,6.8459125,6.8603954,6.7486353,7.095607,7.063619,6.911403,7.2455373,6.747838,-9.457979
14,Bace,CAT-17d,23,Bace/CAT-17d,-9.42,-7.93,1.22,0.9,1.49,2.2201,0.0,0.0,0.0,0.0,8.0,0.0,0.0,2.0,-9.42,6.0910683,6.176558,6.5247655,5.8676763,6.138221,6.0654583,6.245703,6.6665573,6.81806,6.426946,-8.59674
15,Bace,CAT-13c,24,Bace/CAT-13c,-9.32,-9.32,1.2,-0.49,0.0,0.0,0.0,5.0,0.0,0.0,6.0,0.0,0.0,0.0,-9.32,6.7886047,6.824536,6.201281,6.8065414,6.4825726,6.4530725,6.512558,6.798209,6.4690866,6.5130177,-8.982573
16,Bace,CAT-17c,25,Bace/CAT-17c,-9.86,-10.9,1.07,-2.07,1.04,1.0816,2.0,0.0,2.0,5.0,0.0,0.0,0.0,6.0,-9.859999,6.695722,6.670324,7.2423596,6.7386885,6.7513733,6.9574337,6.6614094,6.8369546,7.081949,6.5177383,-9.2969265
17,Bace,CAT-24,26,Bace/CAT-24,-11.35,-12.35,0.99,-3.52,1.0,1.0,0.0,1.0,0.0,0.0,0.0,0.0,4.0,0.0,-11.35,7.608837,7.4599466,7.420207,7.428238,7.47883,7.851706,7.8344626,7.9100184,7.934916,7.004644,-10.357909
18,Bace,CAT-17i,24,Bace/CAT-17i,-9.47,-9.35,0.92,-0.52,0.12,0.0144,0.0,4.0,0.0,0.0,5.0,0.0,0.0,3.0,-9.469999,6.585067,6.056672,6.7208776,6.377004,6.4935513,6.103433,6.424678,6.6592593,7.155601,5.9667535,-8.80434
19,Bace,CAT-13g,27,Bace/CAT-13g,-9.09,-10.07,1.12,-1.24,0.98,0.9604,0.0,0.0,0.0,0.0,9.0,0.0,0.0,0.0,-9.09,6.539991,6.505283,6.746447,6.1344547,6.476252,6.4328756,6.3715,6.8563633,6.8029513,6.6099653,-8.931637
20,Bace,CAT-4j,26,Bace/CAT-4j,-9.02,-7.94,1.14,0.89,1.08,1.1664,0.0,7.0,0.0,0.0,0.0,0.0,5.0,7.0,-9.02,5.8156195,5.745816,6.2597976,5.7627115,5.906209,6.0561676,6.0036016,6.2888017,6.3166714,6.008802,-8.207039
21,Bace,CAT-17b,25,Bace/CAT-17b,-10.02,-10.91,1.18,-2.08,0.89,0.7921,1.0,0.0,1.0,3.0,1.0,0.0,0.0,0.0,-10.02,6.1196957,6.877204,7.0817494,6.7341595,6.2368073,6.15787,6.3387547,7.46703,6.577609,6.050054,-8.954124
22,Bace,CAT-4p,27,Bace/CAT-4p,-10.08,-9.79,1.24,-0.96,0.29,0.0841,0.0,2.0,0.0,0.0,0.0,0.0,0.0,0.0,-10.08,7.2886963,6.0458217,6.6422014,6.552229,6.398514,6.7603188,6.9795537,7.122284,6.8598943,7.0360303,-9.23303
23,Bace,CAT-17h,24,Bace/CAT-17h,-10.33,-10.38,1.01,-1.55,0.05,0.0025,0.0,0.0,0.0,0.0,0.0,0.0,3.0,0.0,-10.33,7.299449,6.865152,7.0783663,7.042293,6.855398,7.1920066,7.313382,7.3963885,7.247507,7.1333117,-9.742894
24,Bace,CAT-4b,28,Bace/CAT-4b,-9.63,-10.22,1.17,-1.39,0.59,0.3481,0.0,0.0,0.0,0.0,7.0,5.0,0.0,0.0,-9.629999,5.895005,6.1480823,6.1690717,6.2347136,5.8946404,5.7797728,5.6070395,6.4068418,5.9338994,5.649065,-8.146191
25,Bace,CAT-17g,24,Bace/CAT-17g,-9.74,-9.09,0.92,-0.26,0.65,0.4225,0.0,3.0,0.0,0.0,4.0,9.0,0.0,0.0,-9.74,7.193689,6.7348576,7.1991777,6.992728,6.9089622,6.7377033,6.938037,7.0332093,7.363945,7.015234,-9.564782
26,Bace,CAT-4d,29,Bace/CAT-4d,-9.11,-10.16,1.13,-1.33,1.05,1.1025,3.0,6.0,3.0,7.0,2.0,0.0,0.0,0.0,-9.109999,5.7214603,6.0724454,6.351962,6.060654,5.8390784,5.847234,5.7962933,6.294712,6.0456777,6.4055023,-8.243981
27,Bace,CAT-4m,27,Bace/CAT-4m,-9.15,-8.5,1.01,0.33,0.65,0.4225,0.0,0.0,0.0,0.0,0.0,3.0,0.0,0.0,-9.15,6.3244233,5.6860685,6.2957926,6.396612,6.2029653,6.3044853,6.459738,6.251343,6.8533926,6.1591954,-8.584872
28,Bace,CAT-13e,25,Bace/CAT-13e,-9.96,-10.49,1.23,-1.66,0.53,0.2809,0.0,0.0,0.0,0.0,0.0,7.0,0.0,0.0,-9.960001,6.618058,6.728293,6.7351875,6.524468,6.677522,6.861104,6.7225833,6.9465895,7.108692,6.810408,-9.239491
29,Bace,CAT-4n,28,Bace/CAT-4n,-9.09,-9.28,1.24,-0.45,0.19,0.0361,0.0,0.0,0.0,0.0,0.0,0.0,0.0,0.0,-9.09,6.6595345,6.0130672,7.249983,6.3941517,6.311917,6.463552,6.629123,6.735199,6.5915194,6.50493,-8.942126
30,Bace,CAT-4a,26,Bace/CAT-4a,-7.93,-7.96,1.08,0.87,0.03,0.0009,3.0,0.0,3.0,8.0,0.0,0.0,0.0,0.0,-7.9299994,5.724463,5.3533816,6.165528,5.835354,5.687892,5.799842,5.783532,5.7790737,5.8177958,5.385665,-7.820769
31,Bace,CAT-13j,27,Bace/CAT-13j,-8.73,-8.74,1.17,0.09,0.01,0.0001,0.0,0.0,0.0,0.0,0.0,0.0,1.0,0.0,-8.73,6.317264,6.452275,6.484053,6.156686,6.3207116,6.784407,6.2263427,7.0106683,6.7014227,6.2850256,-8.831071
32,Bace,CAT-13h,25,Bace/CAT-13h,-9.63,-9.26,1.3,-0.43,0.37,0.1369,0.0,0.0,0.0,0.0,3.0,0.0,2.0,0.0,-9.629999,6.7629247,6.9031143,7.0183396,6.8952165,6.860836,7.078837,7.0160556,7.159115,6.9557714,6.937947,-9.492567
33,Bace,CAT-4i,26,Bace/CAT-4i,-8.26,-7.02,0.85,1.81,1.24,1.5376,0.0,0.0,0.0,0.0,0.0,0.0,7.0,0.0,-8.26,5.805773,5.679148,6.099585,5.6460466,5.886827,5.844691,5.6800833,5.8036222,6.340519,5.8903117,-8.004116
34,Bace,CAT-17e,25,Bace/CAT-17e,-10.02,-10.47,1.05,-1.64,0.45,0.2025,1.0,0.0,1.0,1.0,0.0,0.0,0.0,0.0,-10.02,7.088996,6.649407,7.034927,6.657357,6.817667,6.533652,6.9370217,7.600593,7.1427765,6.496064,-9.406671
35,CDK2,28,29,CDK2/28,-11.112,-10.29425,0.83,-2.14,0.81775,0.6687150625,2.0,0.0,3.0,4.0,0.0,3.0,8.0,8.0,-11.1119995,7.1086607,7.422789,7.266422,7.5158076,6.828758,7.6395016,7.4128532,7.498897,8.01935,6.8347683,-10.032706
36,CDK2,1oiy,27,CDK2/1oiy,-9.785,-8.75425,0.48,-0.6,1.03075,1.0624455625,3.0,3.0,3.0,9.0,0.0,0.0,6.0,3.0,-9.785,5.9629755,6.742234,6.237417,5.963104,6.423122,5.986168,6.9633865,6.8147,6.831773,6.424749,-8.777977
37,CDK2,1oi9,25,CDK2/1oi9,-9.741,-8.65425,0.61,-0.5,1.08675,1.1810255625,0.0,4.0,0.0,0.0,0.0,8.0,5.0,0.0,-9.741001,6.9846005,7.04908,6.1785893,6.460146,6.724181,5.688059,7.1995263,6.5085287,6.402668,6.4709196,-8.957584
38,CDK2,32,30,CDK2/32,-9.75,-9.45425,0.94,-1.3,0.29575,0.0874680625,0.0,0.0,0.0,0.0,8.0,4.0,0.0,5.0,-9.75,7.227094,7.0831456,6.7058644,7.078467,7.031004,7.155432,6.61236,7.271518,7.0529156,7.151392,-9.599109
39,CDK2,1oiu,28,CDK2/1oiu,-9.083,-10.80425,0.43,-2.65,1.72125,2.9627015625,3.0,5.0,3.0,7.0,1.0,7.0,7.0,0.0,-9.083,6.7317066,7.097349,6.296218,6.219573,6.5788364,7.111621,7.0306873,6.7663097,6.852499,7.069332,-9.242388
40,CDK2,29,30,CDK2/29,-9.882,-9.11425,0.82,-0.96,0.76775,0.5894400625,0.0,2.0,0.0,0.0,0.0,0.0,9.0,0.0,-9.882,6.8400784,7.6747637,7.119168,7.1961875,6.710055,7.046805,7.4737372,7.6755705,7.5795016,6.7180014,-9.826189
41,CDK2,1h1r,25,CDK2/1h1r,-7.669,-8.84425,0.53,-0.69,1.17525,1.3812125625,0.0,0.0,0.0,0.0,5.0,9.0,0.0,0.0,-7.6689997,6.4339767,5.691376,5.9155903,6.0253,6.355933,6.330362,6.4064603,6.169483,6.05191,6.623528,-8.457996
42,CDK2,21,26,CDK2/21,-7.828,-8.46425,0.47,-0.31,0.63625,0.4048140625,1.0,8.0,1.0,3.0,4.0,0.0,1.0,0.0,-7.827999,5.963705,6.281193,5.42762,5.678093,6.4177423,5.9910913,5.976247,6.5468593,6.1087646,6.4690404,-8.302003
43,CDK2,26,26,CDK2/26,-8.431,-8.79425,0.48,-0.64,0.36325,0.1319505625,2.0,0.0,2.0,6.0,7.0,5.0,0.0,7.0,-8.431,6.8325667,6.521784,5.5436115,5.9315734,6.626109,6.0031757,6.6156225,6.7649627,6.374334,6.530272,-8.695364
44,CDK2,1h1s,28,CDK2/1h1s,-11.246,-9.77425,0.84,-1.62,1.47175,2.1660480625,0.0,1.0,0.0,0.0,0.0,6.0,0.0,9.0,-11.246,7.3773417,7.472505,7.1539054,6.8292975,7.1906,7.491313,7.3867035,7.1522994,7.560902,7.339531,-9.951758
45,CDK2,31,27,CDK2/31,-9.539,-9.01425,0.83,-0.86,0.52475,0.2753625625,3.0,0.0,3.0,8.0,0.0,0.0,4.0,0.0,-9.539,6.4533315,6.733053,6.3415213,6.6152644,6.4097114,6.475196,7.229638,7.335667,7.17405,6.280679,-9.146078
46,CDK2,20,26,CDK2/20,-8.718,-8.69425,0.43,-0.54,0.02375,0.0005640625,0.0,6.0,0.0,0.0,3.0,1.0,2.0,4.0,-8.718001,5.813364,6.3800545,5.6473556,5.6249437,6.1189895,6.6043143,6.6425595,6.6579285,6.2329235,6.338843,-8.465821
47,CDK2,22,26,CDK2/22,-7.862,-8.98425,0.57,-0.83,1.12225,1.2594450625,2.0,0.0,2.0,5.0,6.0,0.0,3.0,6.0,-7.8619995,6.200737,5.8732147,5.6913123,5.950144,6.0074835,6.2820253,5.651838,6.6924424,6.1886144,6.452282,-8.3197
48,CDK2,17,25,CDK2/17,-7.041,-9.06425,0.4,-0.91,2.02325,4.0935405625,1.0,9.0,1.0,2.0,2.0,0.0,0.0,2.0,-7.0409994,6.5526767,5.8910756,6.08774,6.017944,6.479057,6.345293,6.186794,6.42574,6.303793,6.4225197,-8.554673
49,CDK2,1h1q,24,CDK2/1h1q,-8.179,-8.15425,0.0,0.0,0.02475,0.0006125625,0.0,7.0,0.0,0.0,0.0,0.0,0.0,0.0,-8.179,6.346196,6.379766,6.111144,6.1668267,6.3109927,5.98248,6.1266217,5.9893947,6.1580524,6.075063,-8.4092455
50,Jnk1,18629-1,23,Jnk1/18629-1,-8.67,-7.5,0.02,0.68,1.17,1.3689,1.0,7.0,1.0,1.0,0.0,7.0,4.0,3.0,-8.670001,6.949784,7.4438047,6.20285,7.210635,7.384754,7.3596177,7.216873,6.77354,7.24179,7.201025,-9.683068
51,Jnk1,18634-1,26,Jnk1/18634-1,-9.99,-10.77,0.45,-2.59,0.78,0.6084,1.0,0.0,1.0,2.0,0.0,0.0,9.0,0.0,-9.99,7.087286,6.9122586,6.528782,6.857817,7.1751323,7.096536,7.4305234,6.6365156,7.17523,7.324309,-9.579356
52,Jnk1,18628-1,23,Jnk1/18628-1,-8.7,-7.37,0.45,0.81,1.33,1.7689,0.0,0.0,0.0,0.0,0.0,0.0,1.0,9.0,-8.7,6.7176356,7.3316226,6.3429704,6.8263607,7.2191825,7.541114,7.188725,7.0427423,6.813567,7.053483,-9.559307
53,Jnk1,18660-1,30,Jnk1/18660-1,-8.7,-10.75,0.38,-2.57,2.05,4.2025,2.0,0.0,3.0,6.0,0.0,5.0,3.0,0.0,-8.7,7.4834466,7.259274,6.781256,6.820723,7.442918,7.4146037,7.1521926,6.761096,7.32198,7.0699806,-9.754383
54,Jnk1,18624-1,22,Jnk1/18624-1,-8.49,-7.45,0.3,0.73,1.04,1.0816,0.0,0.0,0.0,0.0,0.0,9.0,0.0,0.0,-8.49,6.6775255,7.232992,6.0484324,6.3986325,6.6424327,6.758079,6.793703,6.43246,6.8210545,7.09254,-9.125581
55,Jnk1,18633-1,24,Jnk1/18633-1,-9.17,-8.23,0.3,-0.05,0.94,0.8836,3.0,0.0,3.0,8.0,0.0,0.0,2.0,0.0,-9.17,6.8379726,7.08049,6.4577274,6.8308597,6.601292,6.880888,7.171746,6.639729,6.7321115,6.993521,-9.306802
56,Jnk1,18635-1,24,Jnk1/18635-1,-7.29,-7.45,0.35,0.73,0.16,0.0256,0.0,9.0,0.0,0.0,0.0,4.0,0.0,7.0,-7.29,6.751759,7.0143256,6.271634,7.222663,7.5613775,7.001149,7.2582603,6.568537,6.9398413,6.815361,-9.46757
57,Jnk1,17124-1,27,Jnk1/17124-1,-9.68,-11.42,0.64,-3.24,1.74,3.0276,0.0,0.0,0.0,0.0,1.0,0.0,6.0,0.0,-9.68,7.4452868,7.3365507,6.7873583,7.213687,7.693423,7.295818,7.3735886,6.6846676,6.9047685,7.6353335,-9.872107
58,Jnk1,18625-1,23,Jnk1/18625-1,-8.11,-6.53,0.3,1.65,1.58,2.4964,2.0,8.0,2.0,5.0,8.0,0.0,0.0,8.0,-8.11,6.720778,7.267073,6.0675406,7.0580115,6.6124063,6.879479,7.306532,6.3964715,6.800506,7.211468,-9.319613
59,Jnk1,18659-1,28,Jnk1/18659-1,-9.47,-10.48,0.44,-2.3,1.01,1.0201,0.0,0.0,0.0,0.0,4.0,8.0,0.0,0.0,-9.469999,7.0313287,6.9604053,7.104528,6.9344096,7.16405,6.78673,7.0537276,6.8253646,6.899289,6.654119,-9.468803
60,Jnk1,18637-1,30,Jnk1/18637-1,-10.14,-11.49,0.6,-3.31,1.35,1.8225,0.0,0.0,0.0,0.0,7.0,1.0,0.0,0.0,-10.139999,7.283587,7.5189075,6.685794,7.4472294,7.2730317,7.2554646,7.170595,6.588348,7.0875936,7.2095733,-9.756108
61,Jnk1,18638-1,30,Jnk1/18638-1,-10.09,-10.98,0.55,-2.8,0.89,0.7921,1.0,2.0,1.0,3.0,0.0,0.0,0.0,0.0,-10.09,7.1075516,7.3916736,6.9114776,7.2198815,7.2436295,7.385036,7.249058,6.7142563,7.1299844,7.3170733,-9.776501
62,Jnk1,18652-1,31,Jnk1/18652-1,-10.68,-11.65,0.53,-3.47,0.97,0.9409,0.0,1.0,0.0,0.0,0.0,3.0,0.0,0.0,-10.68,7.3994403,7.414958,6.952863,6.595809,7.405221,7.9716353,7.2752986,6.8704205,7.0839214,7.2876086,-9.856649
63,Jnk1,18627-1,23,Jnk1/18627-1,-8.48,-7.91,0.02,0.27,0.57,0.3249,0.0,0.0,0.0,0.0,5.0,0.0,5.0,2.0,-8.4800005,6.685699,7.2154493,6.2106786,7.3130655,7.454419,7.484083,7.4838285,6.692901,6.9211674,7.3114543,-9.65416
64,Jnk1,18630-1,23,Jnk1/18630-1,-9.14,-7.64,0.02,0.54,1.5,2.25,3.0,5.0,3.0,7.0,6.0,0.0,0.0,6.0,-9.139999,6.820035,7.3004136,6.12201,6.9545045,7.39026,7.0965633,6.941075,6.451097,6.5231957,6.752337,-9.323873
65,Jnk1,18639-1,29,Jnk1/18639-1,-9.74,-10.82,0.62,-2.64,1.08,1.1664,0.0,0.0,0.0,0.0,0.0,0.0,0.0,5.0,-9.74,6.444967,7.718588,6.185939,7.0738397,7.5622454,7.1423903,7.3205247,6.7471333,6.894911,7.7168612,-9.658886
66,Jnk1,18631-1,24,Jnk1/18631-1,-9.41,-10.02,0.53,-1.84,0.61,0.3721,2.0,4.0,2.0,4.0,0.0,0.0,8.0,0.0,-9.41,6.8630066,6.8788347,6.4181976,6.668359,6.7135983,7.0347004,7.4122934,6.6159315,7.0375047,7.334487,-9.409186
67,Jnk1,18632-1,24,Jnk1/18632-1,-9.08,-7.99,0.31,0.19,1.09,1.1881,3.0,0.0,3.0,9.0,9.0,6.0,7.0,4.0,-9.08,7.0258927,7.026905,6.285315,6.7855825,6.6570187,6.9263186,7.3780828,6.709526,6.8000336,7.1948504,-9.383626
68,Jnk1,18636-1,24,Jnk1/18636-1,-7.51,-6.31,0.42,1.87,1.2,1.44,0.0,0.0,0.0,0.0,0.0,0.0,0.0,0.0,-7.51,7.077889,7.3234024,6.2813826,7.7088366,7.4700274,6.9464436,7.103489,6.740626,7.2149277,7.1576796,-9.688528
69,Jnk1,18626-1,23,Jnk1/18626-1,-8.87,-8.18,0.0,0.0,0.69,0.4761,0.0,6.0,0.0,0.0,2.0,0.0,0.0,0.0,-8.87,6.853591,7.165699,6.5795703,7.5590315,7.056286,7.219752,7.281869,6.5218415,6.68669,7.42967,-9.597037
70,MCL1,26,26,MCL1/26,-8.24,-8.31,0.8,-2.5,0.07,0.0049,0.0,5.0,0.0,0.0,0.0,2.0,0.0,0.0,-8.240001,5.259734,5.252421,5.445409,5.562393,5.1399765,5.3761683,5.5498557,5.549981,5.185886,5.626142,-7.3590784
71,MCL1,48,25,MCL1/48,-6.66,-3.88,1.06,1.93,2.78,7.7284,0.0,0.0,0.0,0.0,0.0,0.0,0.0,0.0,-6.659999,5.323056,5.580728,5.8398976,5.391579,5.929173,5.2170672,5.2308183,5.3306885,5.392881,5.219392,-7.428281
72,MCL1,33,23,MCL1/33,-6.88,-6.82,0.8,-1.01,0.06,0.0036,0.0,0.0,0.0,0.0,0.0,5.0,0.0,0.0,-6.879999,5.770658,6.063277,5.5820413,5.0895586,5.5515633,5.5607867,5.7808676,5.5212855,5.8785205,5.7306056,-7.711182
73,MCL1,46,25,MCL1/46,-7.6,-6.72,1.11,-0.91,0.88,0.7744,0.0,0.0,0.0,0.0,0.0,0.0,0.0,0.0,-7.5999994,6.168204,5.584832,6.0941734,5.4712,5.8710737,5.880351,5.811888,5.3029637,5.526167,5.785885,-7.843169
74,MCL1,35,24,MCL1/35,-8.81,-7.36,1.14,-1.55,1.45,2.1025,2.0,0.0,3.0,5.0,0.0,0.0,0.0,0.0,-8.810001,5.8999944,5.936348,5.8925543,5.4657845,6.0470777,6.14232,6.1184382,4.8434577,5.797793,5.1783233,-7.8193455
75,MCL1,31,26,MCL1/31,-7.92,-6.79,1.66,-0.98,1.13,1.2769,0.0,0.0,0.0,0.0,0.0,0.0,9.0,0.0,-7.919999,5.2462783,5.5645304,5.143963,4.7372775,5.6165066,5.342376,5.521261,4.288068,5.656696,5.181809,-7.13411
76,MCL1,52,25,MCL1/52,-9.23,-9.53,1.65,-3.72,0.3,0.09,0.0,0.0,0.0,0.0,0.0,0.0,0.0,0.0,-9.23,6.3685217,5.9822793,5.9758573,6.323024,6.024908,5.524364,5.785664,6.3087416,5.7299714,6.012066,-8.189469
77,MCL1,68,27,MCL1/68,-7.69,-6.16,0.87,-0.35,1.53,2.3409,0.0,6.0,0.0,0.0,7.0,0.0,0.0,0.0,-7.6899996,6.1559563,6.9975286,5.918201,6.3694963,6.1800003,6.510358,6.4891734,6.530333,6.23822,5.71758,-8.608448
78,MCL1,32,23,MCL1/32,-6.58,-6.09,1.57,-0.28,0.49,0.2401,3.0,0.0,3.0,7.0,0.0,0.0,0.0,0.0,-6.579999,5.3632994,5.5667996,5.052572,4.7934213,5.1017146,5.427419,5.2342277,4.3720474,4.9428573,4.790754,-6.908534
79,MCL1,38,28,MCL1/38,-7.02,-7.61,1.35,-1.8,0.59,0.3481,0.0,0.0,0.0,0.0,0.0,4.0,0.0,0.0,-7.0199995,5.6239552,5.1577554,5.735478,4.970821,5.431708,5.485362,5.7837415,5.4285903,5.521068,5.368174,-7.43529
80,MCL1,51,27,MCL1/51,-8.45,-7.35,1.06,-1.54,1.1,1.21,0.0,0.0,0.0,0.0,0.0,0.0,0.0,0.0,-8.449999,6.2204156,6.835491,6.2340555,6.0394464,6.6785665,6.839563,6.5293036,5.8801227,5.7592564,6.4135456,-8.652497
81,MCL1,50,26,MCL1/50,-9.33,-8.81,1.5,-3.0,0.52,0.2704,0.0,0.0,0.0,0.0,0.0,0.0,0.0,0.0,-9.33,5.889283,6.252099,6.399736,6.229851,6.391859,5.947347,6.6464834,6.2018504,5.820347,6.549427,-8.502244
82,MCL1,28,23,MCL1/28,-6.62,-5.94,1.23,-0.13,0.68,0.4624,0.0,0.0,0.0,0.0,0.0,0.0,0.0,6.0,-6.62,5.47587,5.4083776,5.7137046,5.2089543,6.092629,4.8921795,5.5565424,5.3821545,5.7409453,5.7304525,-7.530116
83,MCL1,66,27,MCL1/66,-8.43,-8.97,0.68,-3.16,0.54,0.2916,2.0,0.0,2.0,4.0,0.0,3.0,0.0,0.0,-8.429999,5.7126946,5.9284487,5.8970737,5.939696,5.8261256,6.277949,5.7996073,5.245629,5.6380253,5.7289023,-7.911021
84,MCL1,39,28,MCL1/39,-7.03,-7.36,1.38,-1.55,0.33,0.1089,0.0,7.0,0.0,0.0,0.0,7.0,0.0,0.0,-7.0300007,5.887722,5.974662,5.255864,5.5916324,5.7986703,5.8104095,5.9794626,5.5617127,6.0449777,5.5768332,-7.841151
85,MCL1,37,25,MCL1/37,-8.95,-9.22,1.52,-3.41,0.27,0.0729,0.0,3.0,0.0,0.0,0.0,0.0,0.0,0.0,-8.95,5.7789426,6.265387,6.1173067,5.536714,6.4550242,5.6295023,6.0076427,5.8994374,6.0012794,6.306597,-8.184345
86,MCL1,30,23,MCL1/30,-7.85,-5.88,1.22,-0.07,1.97,3.8809,0.0,0.0,0.0,0.0,0.0,0.0,0.0,8.0,-7.8499994,5.5451207,5.6245103,5.5394506,5.4191957,6.1729536,5.7149367,5.796591,5.4192944,5.6731043,5.5103364,-7.695676
87,MCL1,54,27,MCL1/54,-9.78,-9.94,0.79,-4.13,0.16,0.0256,0.0,0.0,0.0,0.0,2.0,9.0,3.0,0.0,-9.779999,5.8453283,5.9860783,5.703478,5.7632174,6.0078936,6.2116523,5.9224358,5.751357,5.8380537,5.9550824,-8.046125
88,MCL1,44,27,MCL1/44,-8.67,-9.37,0.71,-3.56,0.7,0.49,0.0,4.0,0.0,0.0,0.0,0.0,2.0,0.0,-8.670001,6.2160077,6.60722,5.6141634,5.844176,6.3597555,6.9403667,6.6529245,5.884988,5.6167455,5.893454,-8.406963
89,MCL1,23,26,MCL1/23,-8.83,-8.11,0.6,-2.3,0.72,0.5184,1.0,0.0,1.0,3.0,0.0,0.0,0.0,0.0,-8.830001,5.298073,5.8801074,5.8815274,5.651954,5.444819,5.9268613,5.7241626,5.596882,5.436359,5.441905,-7.677555
90,MCL1,29,26,MCL1/29,-6.94,-6.29,1.25,-0.48,0.65,0.4225,0.0,0.0,0.0,0.0,0.0,0.0,4.0,0.0,-6.9399996,5.6835866,5.731556,6.2790093,5.3566375,5.9956236,6.103052,5.9356885,5.549207,5.9374332,5.4001646,-7.9079943
91,MCL1,40,29,MCL1/40,-7.25,-8.21,1.73,-2.4,0.96,0.9216,0.0,0.0,0.0,0.0,0.0,0.0,0.0,4.0,-7.249999,6.4558883,6.0001106,5.3637905,6.1167207,6.102103,5.709731,6.2837753,5.7307625,6.024663,5.685107,-8.112704
92,MCL1,62,27,MCL1/62,-7.96,-7.26,1.06,-1.45,0.7,0.49,0.0,0.0,0.0,0.0,0.0,0.0,7.0,0.0,-7.96,6.088667,6.849265,5.7053323,6.1582904,6.2783833,6.2115026,6.19562,6.4270096,5.8024898,6.3639107,-8.468439
93,MCL1,61,26,MCL1/61,-8.08,-9.23,1.65,-3.42,1.15,1.3225,0.0,0.0,0.0,0.0,9.0,0.0,1.0,0.0,-8.079999,5.9911485,6.660818,6.779762,6.000749,6.1204033,6.2641172,6.3502398,6.471552,6.046938,6.335597,-8.596781
94,MCL1,49,25,MCL1/49,-8.36,-8.1,1.35,-2.29,0.26,0.0676,0.0,0.0,0.0,0.0,6.0,0.0,0.0,0.0,-8.36,5.9475255,6.243933,6.308134,6.3924723,5.692768,6.2705984,5.851879,5.740061,5.845277,6.0972843,-8.237831
95,MCL1,64,27,MCL1/64,-9.5,-8.89,1.15,-3.08,0.61,0.3721,1.0,0.0,1.0,1.0,0.0,0.0,0.0,0.0,-9.5,6.0673327,6.5760407,5.706122,6.2221165,6.051075,6.2708564,6.339013,6.3932033,5.810925,5.981087,-8.378039
96,MCL1,41,29,MCL1/41,-7.13,-8.01,1.64,-2.2,0.88,0.7744,1.0,0.0,1.0,2.0,0.0,0.0,0.0,0.0,-7.13,5.820714,6.111778,5.860021,5.7106433,5.9195795,5.5313697,6.28036,5.662677,6.0557804,5.896521,-8.027693
97,MCL1,58,27,MCL1/58,-9.41,-11.63,1.68,-5.82,2.22,4.9284,0.0,0.0,0.0,0.0,1.0,0.0,0.0,2.0,-9.41,7.274265,7.0230045,6.758302,7.189185,6.88942,6.929289,6.9526978,6.6813803,6.355624,6.859611,-9.400439
98,MCL1,63,26,MCL1/63,-9.06,-10.29,1.62,-4.48,1.23,1.5129,2.0,0.0,2.0,6.0,4.0,0.0,5.0,5.0,-9.059999,6.247819,6.616262,6.170847,6.2098103,6.6571274,6.399636,6.1439486,6.0594783,6.4169316,5.861444,-8.564313
99,MCL1,27,22,MCL1/27,-6.12,-5.81,0.0,0.0,0.31,0.0961,3.0,0.0,3.0,9.0,0.0,8.0,0.0,0.0,-6.12,5.0715547,5.2024007,5.0054355,4.739147,4.998348,5.10293,5.045721,4.323742,4.7744083,4.797906,-6.6925254
100,MCL1,47,26,MCL1/47,-5.78,-6.16,1.47,-0.35,0.38,0.1444,0.0,9.0,0.0,0.0,8.0,0.0,0.0,9.0,-5.7800007,5.183372,5.880921,5.7103763,5.463185,5.505905,5.2699113,5.429558,5.380083,5.2161794,5.436405,-7.4310937
101,MCL1,57,27,MCL1/57,-9.04,-8.9,0.87,-3.09,0.14,0.0196,0.0,0.0,0.0,0.0,0.0,0.0,0.0,0.0,-9.039999,5.7910876,5.879323,6.1278157,5.880466,6.100257,6.179951,6.3528504,5.58992,5.925644,6.069436,-8.170556
102,MCL1,56,26,MCL1/56,-9.26,-10.41,1.23,-4.6,1.15,1.3225,0.0,2.0,0.0,0.0,5.0,0.0,6.0,0.0,-9.26,6.2083893,6.4048314,6.422734,6.3237495,7.0753827,6.2623343,6.265514,5.647396,5.972633,6.5594215,-8.613296
103,MCL1,53,26,MCL1/53,-9.96,-11.24,1.61,-5.43,1.28,1.6384,0.0,1.0,0.0,0.0,0.0,0.0,0.0,7.0,-9.960001,6.1517315,6.3861575,6.5528,6.07368,6.155006,5.884508,6.178124,5.674122,6.0661726,5.6978164,-8.296514
104,MCL1,36,25,MCL1/36,-8.18,-7.91,1.22,-2.1,0.27,0.0729,0.0,0.0,0.0,0.0,0.0,0.0,0.0,0.0,-8.18,6.347087,5.9420314,6.0135446,6.080304,5.903767,6.641621,6.9145,5.5953197,6.1369486,5.4146333,-8.3196535
105,MCL1,60,25,MCL1/60,-8.92,-9.43,1.3,-3.62,0.51,0.2601,0.0,0.0,0.0,0.0,0.0,0.0,0.0,0.0,-8.92,5.8486423,5.944983,6.0477147,5.6647196,6.3960495,6.1109686,6.3852696,5.9043646,5.8850527,6.242314,-8.243308
106,MCL1,45,26,MCL1/45,-8.95,-8.49,0.6,-2.68,0.46,0.2116,0.0,0.0,0.0,0.0,0.0,6.0,0.0,3.0,-8.95,6.429463,6.5109415,6.4524364,5.866596,6.2613688,6.330068,6.326621,6.0651503,6.222593,6.2966795,-8.561396
107,MCL1,42,26,MCL1/42,-8.9,-7.93,0.75,-2.12,0.97,0.9409,0.0,0.0,0.0,0.0,0.0,0.0,8.0,0.0,-8.899999,5.5149617,5.2737455,5.789528,5.3076324,5.6451774,5.305377,5.715656,5.65718,5.303425,5.3906565,-7.489402
108,MCL1,67,25,MCL1/67,-7.58,-9.54,1.25,-3.73,1.96,3.8416,3.0,0.0,3.0,8.0,0.0,0.0,0.0,0.0,-7.58,5.6244693,5.9958286,6.123264,5.8607073,6.219411,5.9304175,6.1129994,5.655444,6.2202888,6.205386,-8.177577
109,MCL1,34,26,MCL1/34,-6.87,-7.38,1.44,-1.57,0.51,0.2601,0.0,8.0,0.0,0.0,3.0,0.0,0.0,0.0,-6.87,5.4676766,5.768766,5.1220007,4.857597,5.3561397,5.369795,5.530627,4.570018,5.609955,5.3456707,-7.229527
110,MCL1,43,26,MCL1/43,-7.03,-7.72,1.04,-1.91,0.69,0.4761,0.0,0.0,0.0,0.0,0.0,0.0,0.0,0.0,-7.0300007,5.9010706,6.0999618,5.9573007,5.4212093,5.6677594,6.394126,6.3353066,5.190037,5.8325453,5.7414885,-7.985591
111,p38,p38a_3flz,26,p38/p38a_3flz,-9.49,-9.95,1.02,-1.43,0.46,0.2116,0.0,0.0,0.0,0.0,3.0,0.0,0.0,0.0,-9.49,7.680575,7.2488394,7.321107,6.8196454,7.044711,6.9439235,7.234318,7.463935,7.309869,7.538461,-9.90415
112,p38,p38a_2h,27,p38/p38a_2h,-9.48,-10.45,1.18,-1.93,0.97,0.9409,0.0,8.0,0.0,0.0,0.0,0.0,3.0,0.0,-9.48,7.4693923,7.8690314,7.0318375,6.9609075,7.1991224,7.895884,7.1580234,6.54413,7.2082515,7.264001,-9.903494
113,p38,p38a_2s,32,p38/p38a_2s,-11.11,-10.35,1.15,-1.83,0.76,0.5776,0.0,0.0,0.0,0.0,0.0,0.0,6.0,0.0,-11.109999,8.2176285,8.620865,8.263172,8.30687,8.429082,8.571759,8.2612,8.214963,8.271285,8.574414,-11.421835
114,p38,p38a_2bb,28,p38/p38a_2bb,-9.06,-8.52,1.29,0.0,0.54,0.2916,0.0,0.0,0.0,0.0,9.0,0.0,0.0,0.0,-9.059999,7.5330844,7.5512743,7.0274663,7.51461,6.880304,7.528158,7.613597,7.47427,8.06997,7.336006,-10.166516
115,p38,p38a_2q,35,p38/p38a_2q,-12.26,-12.62,0.99,-4.1,0.36,0.1296,0.0,1.0,0.0,0.0,0.0,0.0,0.0,0.0,-12.26,8.061447,7.9812045,7.892563,7.3395157,8.165606,7.6074653,8.046141,7.901239,7.849671,7.9190903,-10.744242
116,p38,p38a_2z,27,p38/p38a_2z,-10.36,-11.37,1.5,-2.85,1.01,1.0201,0.0,0.0,0.0,0.0,0.0,0.0,0.0,5.0,-10.359999,7.229349,7.688541,7.137035,7.5506506,6.9130273,7.0486655,7.1327553,6.561193,8.005687,7.6585236,-9.947806
117,p38,p38a_3fmh,30,p38/p38a_3fmh,-10.83,-11.31,0.24,-2.79,0.48,0.2304,0.0,0.0,0.0,0.0,7.0,0.0,0.0,0.0,-10.83,7.5336485,7.5054593,7.179197,7.5738616,7.6002593,6.9688687,7.08887,7.488217,8.830316,8.259035,-10.370995
118,p38,p38a_2f,27,p38/p38a_2f,-8.48,-9.25,1.19,-0.73,0.77,0.5929,2.0,9.0,3.0,5.0,0.0,0.0,0.0,0.0,-8.4800005,7.7342834,7.883194,7.2971234,7.2048507,7.525732,7.055937,7.1911798,7.3529444,8.026909,7.197728,-10.158487
119,p38,p38a_2v,23,p38/p38a_2v,-8.97,-8.52,0.0,0.0,0.45,0.2025,0.0,0.0,0.0,0.0,0.0,2.0,0.0,0.0,-8.97,7.0906644,7.424981,6.411873,6.938146,6.79,7.0187073,6.588559,6.2982965,7.6479106,7.365562,-9.490732
120,p38,p38a_3fln,28,p38/p38a_3fln,-10.88,-9.85,0.93,-1.33,1.03,1.0609,0.0,4.0,0.0,0.0,0.0,0.0,0.0,0.0,-10.879999,7.6542397,8.1978,7.6518598,7.313607,7.8114734,7.784969,7.705245,7.1609015,8.145088,7.3562136,-10.473803
121,p38,p38a_2t,30,p38/p38a_2t,-11.85,-10.34,1.26,-1.82,1.51,2.2801,0.0,0.0,0.0,0.0,0.0,0.0,0.0,0.0,-11.85,7.837069,8.024435,8.05037,7.4900894,8.143548,7.428352,8.022815,7.69811,7.7205076,7.7037015,-10.656265
122,p38,p38a_2r,32,p38/p38a_2r,-10.79,-12.09,1.28,-3.57,1.3,1.69,2.0,0.0,2.0,6.0,0.0,9.0,0.0,0.0,-10.790001,7.7895885,8.424928,7.523543,7.4867854,8.143311,7.803868,7.8562965,7.3177915,7.920062,7.8383555,-10.654292
123,p38,p38a_3fly,25,p38/p38a_3fly,-11.42,-10.58,0.35,-2.06,0.84,0.7056,0.0,3.0,0.0,0.0,0.0,1.0,7.0,0.0,-11.42,7.4626493,7.6289144,7.041234,7.257254,7.0714965,7.501546,7.3055663,6.852769,8.001117,7.821646,-10.086778
124,p38,p38a_2u,37,p38/p38a_2u,-12.26,-13.04,1.05,-4.52,0.78,0.6084,0.0,0.0,0.0,0.0,4.0,4.0,0.0,6.0,-12.26,8.024375,8.343391,7.923549,7.531749,8.396747,7.9636283,8.127863,8.063518,8.200556,8.43094,-11.050125
125,p38,p38a_2l,29,p38/p38a_2l,-12.26,-11.87,1.23,-3.35,0.39,0.1521,1.0,0.0,1.0,1.0,8.0,0.0,0.0,4.0,-12.26,7.423945,8.512296,7.8363633,7.658721,8.259967,7.561263,8.059058,7.590031,8.326537,7.727409,-10.770386
126,p38,p38a_2aa,27,p38/p38a_2aa,-9.27,-10.29,1.82,-1.77,1.02,1.0404,0.0,0.0,0.0,0.0,0.0,0.0,0.0,0.0,-9.27,7.4205346,7.8520107,6.795401,7.014648,6.8846774,7.0357175,6.90252,6.8124022,7.467813,7.484637,-9.776602
127,p38,p38a_2gg,30,p38/p38a_2gg,-10.66,-9.81,1.06,-1.29,0.85,0.7225,0.0,0.0,0.0,0.0,0.0,0.0,0.0,0.0,-10.66,7.6213074,7.84093,6.841717,7.2216434,7.5012364,7.4588485,7.5640054,7.14366,7.8713775,7.7162857,-10.200929
128,p38,p38a_2k,27,p38/p38a_2k,-10.55,-10.25,1.1,-1.73,0.3,0.09,0.0,0.0,0.0,0.0,0.0,0.0,1.0,0.0,-10.550001,7.6790824,8.37814,8.021807,7.312703,7.6835046,7.715223,7.547278,7.194444,7.7008905,7.3596597,-10.448066
129,p38,p38a_3flq,29,p38/p38a_3flq,-9.93,-9.69,1.09,-1.17,0.24,0.0576,2.0,0.0,2.0,4.0,2.0,6.0,0.0,0.0,-9.93,7.589439,7.688401,7.269126,7.246785,6.8633037,7.95075,7.576615,7.336351,7.9034305,7.597689,-10.233786
130,p38,p38a_2p,34,p38/p38a_2p,-11.2,-10.09,1.09,-1.57,1.11,1.2321,0.0,0.0,0.0,0.0,0.0,0.0,0.0,9.0,-11.199999,7.816031,8.158651,8.2640705,7.7936325,8.378888,7.7815123,8.316742,8.0342245,8.407437,7.915195,-11.031038
131,p38,p38a_3fmk,30,p38/p38a_3fmk,-11.83,-13.9,1.29,-5.38,2.07,4.2849,1.0,0.0,1.0,3.0,0.0,0.0,0.0,0.0,-11.83,7.380371,7.3552685,7.3066144,7.4325566,6.9234004,7.062581,7.0110927,7.8141775,8.125205,7.2584486,-10.0493355
132,p38,p38a_2j,28,p38/p38a_2j,-10.08,-9.67,0.93,-1.15,0.41,0.1681,0.0,0.0,0.0,0.0,0.0,0.0,0.0,0.0,-10.08,7.5559907,8.048429,7.3081656,7.4976606,7.7296863,7.738217,7.5692244,7.2981405,7.9970636,7.1837215,-10.35716
133,p38,p38a_2g,27,p38/p38a_2g,-10.66,-10.09,1.1,-1.57,0.57,0.3249,0.0,0.0,0.0,0.0,5.0,0.0,0.0,0.0,-10.66,7.7815986,7.727617,7.04211,7.249624,7.756972,7.85732,7.277995,7.0744815,7.5155535,7.2586007,-10.168307
134,p38,p38a_2c,26,p38/p38a_2c,-10.46,-11.44,1.1,-2.92,0.98,0.9604,3.0,6.0,3.0,8.0,6.0,0.0,8.0,0.0,-10.460001,7.2936835,7.1002145,6.8252916,7.0021167,7.446236,7.757406,7.1141844,6.731557,7.8019257,6.7424765,-9.796346
135,p38,p38a_2x,27,p38/p38a_2x,-10.23,-9.06,0.34,-0.54,1.17,1.3689,0.0,0.0,0.0,0.0,0.0,7.0,0.0,0.0,-10.23,7.211637,7.9774685,7.3729205,6.8986673,7.751526,7.3674135,7.422421,7.02336,7.6750884,7.416444,-10.110343
136,p38,p38a_3flw,29,p38/p38a_3flw,-10.68,-12.1,1.84,-3.58,1.42,2.0164,1.0,5.0,1.0,2.0,0.0,0.0,0.0,0.0,-10.68,7.4363313,7.409741,7.158669,7.42828,6.7050757,7.5692325,6.7416472,7.252921,7.585362,7.889908,-9.982147
137,p38,p38a_2e,27,p38/p38a_2e,-10.7,-9.99,1.15,-1.47,0.71,0.5041,3.0,0.0,3.0,7.0,0.0,5.0,0.0,7.0,-10.700001,7.5288925,7.47306,7.4414544,7.1000376,7.538707,7.338276,7.158198,7.167907,7.965069,7.470538,-10.119236
138,p38,p38a_2ee,31,p38/p38a_2ee,-12.26,-11.08,1.18,-2.56,1.18,1.3924,0.0,0.0,0.0,0.0,0.0,0.0,5.0,0.0,-12.26,7.026243,7.9557652,7.2475486,7.1846485,7.3299384,6.890532,7.5935745,6.958595,7.274008,7.2485633,-9.918341
139,p38,p38a_2y,27,p38/p38a_2y,-9.78,-10.6,1.13,-2.08,0.82,0.6724,0.0,0.0,0.0,0.0,0.0,0.0,0.0,8.0,-9.779999,7.1854224,7.71435,7.3342037,7.133464,6.938014,7.922534,7.03888,6.9831214,7.7056856,7.4081087,-10.007604
140,p38,p38a_2i,27,p38/p38a_2i,-10.05,-10.22,1.18,-1.7,0.17,0.0289,0.0,7.0,0.0,0.0,0.0,0.0,0.0,3.0,-10.049999,7.880149,8.043422,7.322594,7.4787593,7.9818454,7.641865,7.610242,7.598124,7.1676455,7.439105,-10.389548
141,p38,p38a_2o,33,p38/p38a_2o,-10.49,-9.46,1.32,-0.94,1.03,1.0609,0.0,0.0,0.0,0.0,1.0,8.0,2.0,2.0,-10.49,8.02706,7.8887873,7.999685,7.4459777,7.8280272,7.6867614,8.228784,8.152566,8.313215,7.991149,-10.853107
142,p38,p38a_2ff,29,p38/p38a_2ff,-11.44,-10.79,1.19,-2.27,0.65,0.4225,3.0,0.0,3.0,9.0,0.0,0.0,4.0,0.0,-11.439999,7.786,8.570401,7.4248834,7.789399,8.094638,7.933612,7.8149385,7.5220623,8.166512,7.5452538,-10.728387
143,p38,p38a_2m,30,p38/p38a_2m,-10.96,-12.96,1.17,-4.44,2.0,4.0,0.0,0.0,0.0,0.0,0.0,0.0,0.0,0.0,-10.959999,7.5802865,8.405728,7.9205832,7.4920735,8.242288,7.550499,8.185699,7.6910305,8.000797,8.159569,-10.807621
144,PTP1B,23469,29,PTP1B/23469,-7.72,-7.22,0.78,1.87,0.5,0.25,3.0,0.0,3.0,7.0,0.0,4.0,4.0,6.0,-7.7200003,6.013368,6.052077,6.026363,5.9919333,6.4630303,6.3084393,5.7759824,5.720735,5.7908206,5.983505,-8.201862
145,PTP1B,23472,31,PTP1B/23472,-8.65,-8.61,0.87,0.48,0.04,0.0,1.0,0.0,1.0,3.0,0.0,0.0,9.0,0.0,-8.65,6.345185,6.4609184,6.617576,6.3247232,7.1645184,6.7455935,6.66525,6.365978,6.183768,6.51015,-8.919029
146,PTP1B,23474,28,PTP1B/23474,-9.11,-9.06,0.91,0.03,0.05,0.0,0.0,4.0,0.0,0.0,0.0,0.0,1.0,0.0,-9.109999,6.552648,6.0353265,6.876122,6.945179,6.8293366,7.2254715,5.6785398,6.0940895,6.4539948,6.6309686,-8.910575
147,PTP1B,23480,31,PTP1B/23480,-8.72,-9.4,1.77,-0.31,0.68,0.47,0.0,5.0,0.0,0.0,0.0,3.0,3.0,0.0,-8.719999,7.531001,6.118129,7.0864387,7.3152323,6.852789,6.810382,7.134155,6.864591,6.5350437,7.221205,-9.476309
148,PTP1B,23470,27,PTP1B/23470,-7.72,-8.06,0.89,1.03,0.34,0.12,0.0,0.0,0.0,0.0,0.0,0.0,0.0,0.0,-7.7200003,6.175934,6.3134174,6.3472104,6.344343,6.684538,6.750518,6.367823,6.6052313,6.4512787,6.369906,-8.786239
149,PTP1B,23486,37,PTP1B/23486,-12.47,-10.99,1.75,-1.9,1.48,2.18,3.0,1.0,3.0,9.0,0.0,0.0,2.0,0.0,-12.470001,8.25785,8.03652,7.7579513,7.5355697,8.291491,7.358991,7.1080837,7.7657356,7.9329557,8.112678,-10.661561
150,PTP1B,20669(2qbr),28,PTP1B/20669(2qbr),-8.61,-8.43,0.86,0.66,0.18,0.03,0.0,6.0,0.0,0.0,0.0,2.0,0.0,8.0,-8.609999,5.702888,5.5642776,6.0312686,6.0375566,6.075981,6.488471,5.5450854,6.025591,5.7030973,5.861134,-8.053053
151,PTP1B,23482,31,PTP1B/23482,-10.01,-9.8,1.39,-0.71,0.21,0.04,0.0,0.0,0.0,0.0,1.0,0.0,6.0,0.0,-10.01,7.210141,7.142623,7.1036763,6.740129,7.7408447,7.71382,7.476346,7.3703136,7.400622,7.6059694,-10.026796
152,PTP1B,23483,36,PTP1B/23483,-9.87,-10.83,0.9,-1.74,0.96,0.93,1.0,0.0,1.0,2.0,5.0,0.0,0.0,4.0,-9.870001,7.3850837,7.4185286,6.6524625,7.249173,7.377182,6.935774,7.1807914,7.3000846,7.390495,7.2906036,-9.846147
153,PTP1B,23473,28,PTP1B/23473,-8.39,-8.11,0.92,0.98,0.28,0.08,2.0,0.0,3.0,4.0,0.0,9.0,0.0,0.0,-8.39,5.754533,5.495187,5.4577756,5.743138,5.920604,5.442648,5.353522,5.452607,5.50423,5.465136,-7.582985
154,PTP1B,20670(2qbs),27,PTP1B/20670(2qbs),-9.08,-9.95,1.06,-0.86,0.87,0.76,0.0,0.0,0.0,0.0,6.0,0.0,0.0,0.0,-9.08,7.45328,6.3392987,7.046574,6.2015653,7.2631507,6.4860644,6.6567245,6.096135,6.6533947,7.1701508,-9.189487
155,PTP1B,23468,25,PTP1B/23468,-7.75,-7.11,0.77,1.98,0.64,0.4,0.0,8.0,0.0,0.0,0.0,0.0,0.0,0.0,-7.75,6.965244,6.012613,6.120314,5.9239745,6.402371,5.8535304,5.881224,5.7810025,6.053379,6.2720327,-8.357294
156,PTP1B,23475,26,PTP1B/23475,-8.72,-8.98,0.97,0.11,0.26,0.07,3.0,0.0,3.0,8.0,0.0,6.0,0.0,0.0,-8.719999,6.465242,5.858572,6.69164,6.1997037,6.980465,6.515539,6.023121,6.075327,6.1718273,6.982015,-8.725298
157,PTP1B,20667(2qbp),37,PTP1B/20667(2qbp),-11.42,-10.62,1.68,-1.53,0.8,0.63,2.0,0.0,2.0,6.0,7.0,0.0,5.0,9.0,-11.42,8.2935505,8.035075,7.922685,7.767203,8.301238,7.817203,7.640734,7.733258,8.248626,8.108241,-10.894822
158,PTP1B,23477,27,PTP1B/23477,-8.85,-9.09,0.0,0.0,0.24,0.06,0.0,0.0,0.0,0.0,9.0,5.0,0.0,7.0,-8.85,6.527662,5.7386765,6.764208,6.058005,6.909248,5.954482,6.7227893,6.1606517,6.1741524,6.6506753,-8.683979
159,PTP1B,23471,25,PTP1B/23471,-7.75,-7.99,0.84,1.1,0.24,0.06,1.0,0.0,1.0,1.0,3.0,0.0,0.0,3.0,-7.75,6.5125475,5.762468,6.1997037,6.066627,6.3104177,6.100537,5.624582,5.978528,5.8114276,6.1690707,-8.257744
160,PTP1B,23467,22,PTP1B/23467,-7.34,-6.67,0.68,2.42,0.67,0.44,2.0,9.0,2.0,5.0,0.0,0.0,0.0,5.0,-7.34,6.219198,5.603926,5.9280686,5.582531,6.2296224,5.879993,5.6100526,5.492827,5.4645905,5.760591,-7.880636
161,PTP1B,23466,21,PTP1B/23466,-7.85,-7.06,0.88,2.03,0.79,0.62,0.0,7.0,0.0,0.0,0.0,0.0,8.0,0.0,-7.8499994,5.798066,5.791609,5.944678,6.0875154,6.1941414,5.9886956,6.0639925,5.808943,5.8149104,6.536549,-8.18861
162,PTP1B,23476,28,PTP1B/23476,-9.41,-9.32,0.83,-0.23,0.09,0.01,0.0,3.0,0.0,0.0,0.0,0.0,0.0,0.0,-9.41,6.6263523,6.304725,7.0297675,6.2908764,7.0573826,6.7721734,6.177353,5.804807,6.3114333,6.4383273,-8.841211
163,PTP1B,23484,36,PTP1B/23484,-7.75,-10.02,1.65,-0.93,2.27,5.17,0.0,0.0,0.0,0.0,4.0,1.0,7.0,2.0,-7.75,7.8103695,7.8136606,7.5154705,7.4823847,7.991791,6.9384613,7.2637696,7.8127685,8.083575,7.4557567,-10.390129
164,PTP1B,23479,30,PTP1B/23479,-9.14,-9.36,1.21,-0.27,0.22,0.05,0.0,0.0,0.0,0.0,0.0,7.0,0.0,0.0,-9.139999,6.6679826,6.3359513,7.181764,6.805317,6.7808576,7.0049953,6.928261,6.895312,6.748009,7.0066915,-9.324372
165,PTP1B,23330(2qbq),31,PTP1B/23330(2qbq),-10.13,-10.97,1.0,-1.88,0.84,0.71,0.0,2.0,0.0,0.0,8.0,0.0,0.0,0.0,-10.129999,6.744811,5.7705817,6.804133,6.140667,6.1874967,7.041487,5.980638,6.21471,6.956257,6.529157,-8.780746
166,Thrombin,1b,27,Thrombin/1b,-8.46,-8.37,0.66,1.15,0.09,0.0081,2.0,4.0,3.0,4.0,5.0,5.0,9.0,8.0,-8.46,5.350899,5.652958,5.7027893,5.342724,5.940415,5.797991,6.2430925,5.4426355,5.207123,6.032327,-7.7362514
167,Thrombin,1d,27,Thrombin/1d,-8.25,-9.52,0.0,0.0,1.27,1.6129,3.0,6.0,3.0,8.0,0.0,4.0,5.0,4.0,-8.25,6.098485,5.886843,6.138681,5.7039747,6.0903125,6.0811977,6.76028,6.1851835,5.94883,6.934145,-8.4339905
168,Thrombin,3b,28,Thrombin/3b,-7.86,-7.42,1.37,2.1,0.44,0.1936,2.0,7.0,2.0,5.0,9.0,3.0,3.0,7.0,-7.8600006,5.2824326,5.7353907,5.6218615,5.872962,5.472137,6.0582786,5.302695,6.4028263,5.4285645,5.465279,-7.726632
169,Thrombin,1a,27,Thrombin/1a,-7.48,-7.37,1.08,2.15,0.11,0.0121,0.0,9.0,0.0,0.0,6.0,6.0,4.0,5.0,-7.4799995,5.749918,5.318592,5.78018,5.042355,5.6115828,5.6726437,5.3264933,5.9435043,5.5487103,6.000991,-7.6383114
170,Thrombin,6a,28,Thrombin/6a,-9.18,-8.62,0.57,0.9,0.56,0.3136,2.0,1.0,2.0,6.0,8.0,1.0,6.0,6.0,-9.18,6.7793555,6.6865134,6.9007306,6.9999704,7.3220067,7.5144887,7.5654416,6.7034793,6.779575,7.1947865,-9.609634
171,Thrombin,7a,28,Thrombin/7a,-8.22,-8.59,1.04,0.93,0.37,0.1369,1.0,0.0,1.0,1.0,4.0,2.0,7.0,0.0,-8.220001,5.186521,6.306419,6.0276423,5.135737,5.9265,6.5353026,5.7852077,6.8399315,6.094308,5.760316,-8.129787
172,Thrombin,3a,27,Thrombin/3a,-8.32,-8.35,1.2,1.17,0.03,0.0009,0.0,5.0,0.0,0.0,0.0,9.0,2.0,9.0,-8.320001,5.0852075,5.9654837,5.555195,5.105354,5.262395,5.530291,4.9953465,6.2935686,5.4894123,5.5258484,-7.476411
173,Thrombin,5,26,Thrombin/5,-7.58,-6.9,1.2,2.62,0.68,0.4624,3.0,8.0,3.0,9.0,3.0,8.0,8.0,0.0,-7.58,4.789269,4.7908077,5.3388376,4.5052614,5.4812913,5.067437,5.022326,5.3038955,5.248396,5.0753026,-6.9054937
174,Thrombin,6b,28,Thrombin/6b,-8.89,-9.0,0.47,0.52,0.11,0.0121,1.0,3.0,1.0,3.0,2.0,0.0,1.0,3.0,-8.89,6.328899,6.639272,6.653869,6.6495833,6.5369844,7.175786,7.154054,6.343767,6.41028,6.496985,-9.056234
175,Thrombin,6e,28,Thrombin/6e,-8.91,-8.47,0.33,1.05,0.44,0.1936,3.0,2.0,3.0,7.0,7.0,7.0,0.0,2.0,-8.910001,7.1457415,6.7687426,6.861408,6.629851,7.293059,7.0335646,7.4284773,6.817189,6.6797185,7.395944,-9.556072
176,Tyk2,jmc_30,25,Tyk2/jmc_30,-10.94,-10.78,0.3,-0.96,0.16,0.0256,2.0,3.0,3.0,4.0,0.0,3.0,8.0,8.0,-10.940001,8.309153,8.228825,8.090104,7.5983157,8.184324,7.9571075,8.248329,8.605362,8.073891,8.19704,-11.11644
177,Tyk2,ejm_50,22,Tyk2/ejm_50,-8.98,-9.52,0.41,0.3,0.54,0.2916,3.0,0.0,3.0,9.0,0.0,0.0,6.0,3.0,-8.979999,6.906039,7.5473356,6.6518126,7.481184,7.5321465,6.6859374,6.644412,6.785953,7.246998,7.306498,-9.656282
178,Tyk2,ejm_46,23,Tyk2/ejm_46,-11.31,-10.63,0.24,-0.81,0.68,0.4624,0.0,0.0,0.0,0.0,0.0,8.0,5.0,0.0,-11.309999,8.140545,8.315846,8.149862,8.155761,8.579629,7.750147,7.8805966,8.280094,8.378089,8.183935,-11.160373
179,Tyk2,ejm_55,22,Tyk2/ejm_55,-9.21,-10.61,0.42,-0.79,1.4,1.96,0.0,0.0,0.0,0.0,8.0,4.0,0.0,5.0,-9.210001,7.1214776,7.321264,6.932809,7.0925584,7.557728,7.059929,6.582791,7.1525946,7.623294,7.4007025,-9.800445
180,Tyk2,ejm_43,23,Tyk2/ejm_43,-8.26,-8.18,0.47,1.64,0.08,0.0064,3.0,8.0,3.0,7.0,1.0,7.0,7.0,0.0,-8.26,7.605341,7.6958203,7.4070377,7.5224395,7.049315,7.181771,6.8652134,7.089515,7.2349496,7.2935514,-9.95047
181,Tyk2,jmc_28,24,Tyk2/jmc_28,-10.98,-10.3,0.24,-0.48,0.68,0.4624,0.0,0.0,0.0,0.0,0.0,0.0,9.0,0.0,-10.98,7.6854577,8.227326,7.349191,8.151022,7.939873,7.6822267,7.756999,7.9575334,7.562897,8.101,-10.696443
182,Tyk2,ejm_49,26,Tyk2/ejm_49,-7.75,-8.81,0.29,1.01,1.06,1.1236,0.0,0.0,0.0,0.0,5.0,9.0,0.0,0.0,-7.75,7.2977552,7.322412,7.3190904,7.370127,7.51142,7.243619,6.593451,7.6248207,7.300268,7.449011,-9.962341
183,Tyk2,ejm_45,24,Tyk2/ejm_45,-9.56,-9.62,0.76,0.2,0.06,0.0036,1.0,5.0,1.0,3.0,4.0,0.0,1.0,0.0,-9.560001,7.7298512,8.604215,7.622513,7.706445,8.1801605,7.5576754,7.592706,7.8888884,7.8148475,8.123415,-10.751987
184,Tyk2,ejm_44,24,Tyk2/ejm_44,-7.42,-7.01,0.86,2.81,0.41,0.1681,2.0,9.0,2.0,6.0,7.0,5.0,0.0,7.0,-7.42,7.7359424,7.4994097,7.438982,7.3833017,6.7437696,7.2704477,7.0422654,7.1122866,7.187763,7.6397195,-9.96533
185,Tyk2,jmc_27,24,Tyk2/jmc_27,-11.28,-11.0,0.35,-1.18,0.28,0.0784,0.0,2.0,0.0,0.0,0.0,6.0,0.0,9.0,-11.279999,7.9548388,7.937344,7.8510404,7.7208877,8.832041,7.750754,7.7544403,8.40373,7.64966,8.18636,-10.918461
186,Tyk2,ejm_48,25,Tyk2/ejm_48,-9.0,-8.64,0.72,1.18,0.36,0.1296,3.0,7.0,3.0,8.0,0.0,0.0,4.0,0.0,-9.0,7.547021,7.828434,7.583586,7.59228,7.63465,6.9494696,7.794652,7.5949016,7.465976,7.8552833,-10.346239
187,Tyk2,ejm_47,24,Tyk2/ejm_47,-9.7,-9.25,0.76,0.57,0.45,0.2025,0.0,0.0,0.0,0.0,3.0,1.0,2.0,4.0,-9.699999,7.727927,7.8081245,7.7251496,7.467505,7.835969,7.119405,7.9845486,7.675421,7.550005,7.97693,-10.486023
188,Tyk2,jmc_23,24,Tyk2/jmc_23,-11.7,-11.29,0.34,-1.47,0.41,0.1681,2.0,1.0,2.0,5.0,6.0,0.0,3.0,6.0,-11.699999,8.19175,8.329639,7.9440513,8.216221,8.969237,8.374641,8.022646,8.593555,8.550554,8.499873,-11.416504
189,Tyk2,ejm_42,22,Tyk2/ejm_42,-9.78,-9.7,0.5,0.12,0.08,0.0064,1.0,4.0,1.0,2.0,2.0,0.0,0.0,2.0,-9.779999,6.84634,6.9806275,7.1746097,6.700143,7.072303,6.3734994,6.7381067,6.439092,6.553146,6.7849216,-9.229927
190,Tyk2,ejm_54,23,Tyk2/ejm_54,-10.53,-10.74,0.6,-0.92,0.21,0.0441,0.0,0.0,0.0,0.0,0.0,0.0,0.0,0.0,-10.529999,7.192276,7.277998,6.843034,6.647653,6.9383216,6.619376,6.63756,6.8380213,6.6100388,7.3882713,-9.411321
