,Target,Ligand,Num_Atoms,graph_id,Exp. dG,Pred. dG,Pred. Error,Rel. dG,Error,Error^2,Group,finetune_rank,Group_359
0,Bace,CAT-13f,26,Bace/CAT-13f,-9.09,-10.24,1.2,-1.41,1.15,1.3225,0.0,0.0,0.0
1,Bace,CAT-13d,24,Bace/CAT-13d,-10.47,-10.5,1.05,-1.67,0.03,0.0009,0.0,0.0,0.0
2,Bace,CAT-4c,28,Bace/CAT-4c,-7.85,-7.52,1.11,1.31,0.33,0.1089,0.0,9.0,0.0
3,Bace,CAT-13b,23,Bace/CAT-13b,-9.12,-8.92,1.51,-0.09,0.2,0.04,0.0,0.0,0.0
4,Bace,CAT-4l,26,Bace/CAT-4l,-9.34,-7.29,1.17,1.54,2.05,4.2025,0.0,0.0,0.0
5,Bace,CAT-13m,27,Bace/CAT-13m,-8.76,-10.11,0.71,-1.28,1.35,1.8225,0.0,0.0,0.0
6,Bace,CAT-4k,26,Bace/CAT-4k,-7.85,-7.41,1.11,1.42,0.44,0.1936,0.0,0.0,0.0
7,Bace,CAT-13n,27,Bace/CAT-13n,-8.54,-6.77,0.71,2.06,1.77,3.1329,0.0,8.0,0.0
8,Bace,CAT-13o,26,Bace/CAT-13o,-8.54,-8.34,0.97,0.49,0.2,0.04,3.0,0.0,3.0
9,Bace,CAT-13a,22,Bace/CAT-13a,-8.84,-8.83,0.0,0.0,0.01,0.0001,0.0,0.0,0.0
10,Bace,CAT-13k,27,Bace/CAT-13k,-9.7,-9.4,1.01,-0.57,0.3,0.09,0.0,0.0,0.0
11,Bace,CAT-17a,25,Bace/CAT-17a,-10.73,-11.29,1.19,-2.46,0.56,0.3136,0.0,0.0,0.0
12,Bace,CAT-17f,25,Bace/CAT-17f,-9.42,-10.45,1.05,-1.62,1.03,1.0609,2.0,0.0,3.0
13,Bace,CAT-13i,25,Bace/CAT-13i,-9.27,-10.43,1.51,-1.6,1.16,1.3456,2.0,0.0,2.0
14,Bace,CAT-17d,23,Bace/CAT-17d,-9.42,-7.93,1.22,0.9,1.49,2.2201,0.0,0.0,0.0
15,Bace,CAT-13c,24,Bace/CAT-13c,-9.32,-9.32,1.2,-0.49,0.0,0.0,0.0,5.0,0.0
16,Bace,CAT-17c,25,Bace/CAT-17c,-9.86,-10.9,1.07,-2.07,1.04,1.0816,2.0,0.0,2.0
17,Bace,CAT-24,26,Bace/CAT-24,-11.35,-12.35,0.99,-3.52,1.0,1.0,0.0,1.0,0.0
18,Bace,CAT-17i,24,Bace/CAT-17i,-9.47,-9.35,0.92,-0.52,0.12,0.0144,0.0,4.0,0.0
19,Bace,CAT-13g,27,Bace/CAT-13g,-9.09,-10.07,1.12,-1.24,0.98,0.9604,0.0,0.0,0.0
20,Bace,CAT-4j,26,Bace/CAT-4j,-9.02,-7.94,1.14,0.89,1.08,1.1664,0.0,7.0,0.0
21,Bace,CAT-17b,25,Bace/CAT-17b,-10.02,-10.91,1.18,-2.08,0.89,0.7921,1.0,0.0,1.0
22,Bace,CAT-4p,27,Bace/CAT-4p,-10.08,-9.79,1.24,-0.96,0.29,0.0841,0.0,2.0,0.0
23,Bace,CAT-17h,24,Bace/CAT-17h,-10.33,-10.38,1.01,-1.55,0.05,0.0025,0.0,0.0,0.0
24,Bace,CAT-4b,28,Bace/CAT-4b,-9.63,-10.22,1.17,-1.39,0.59,0.3481,0.0,0.0,0.0
25,Bace,CAT-17g,24,Bace/CAT-17g,-9.74,-9.09,0.92,-0.26,0.65,0.4225,0.0,3.0,0.0
26,Bace,CAT-4d,29,Bace/CAT-4d,-9.11,-10.16,1.13,-1.33,1.05,1.1025,3.0,6.0,3.0
27,Bace,CAT-4m,27,Bace/CAT-4m,-9.15,-8.5,1.01,0.33,0.65,0.4225,0.0,0.0,0.0
28,Bace,CAT-13e,25,Bace/CAT-13e,-9.96,-10.49,1.23,-1.66,0.53,0.2809,0.0,0.0,0.0
29,Bace,CAT-4n,28,Bace/CAT-4n,-9.09,-9.28,1.24,-0.45,0.19,0.0361,0.0,0.0,0.0
30,Bace,CAT-4o,27,Bace/CAT-4o,-9.38,-8.67,1.14,0.16,0.71,0.5041,1.0,0.0,1.0
31,Bace,CAT-4a,26,Bace/CAT-4a,-7.93,-7.96,1.08,0.87,0.03,0.0009,3.0,0.0,3.0
32,Bace,CAT-13j,27,Bace/CAT-13j,-8.73,-8.74,1.17,0.09,0.01,0.0001,0.0,0.0,0.0
33,Bace,CAT-13h,25,Bace/CAT-13h,-9.63,-9.26,1.3,-0.43,0.37,0.1369,0.0,0.0,0.0
34,Bace,CAT-4i,26,Bace/CAT-4i,-8.26,-7.02,0.85,1.81,1.24,1.5376,0.0,0.0,0.0
35,Bace,CAT-17e,25,Bace/CAT-17e,-10.02,-10.47,1.05,-1.64,0.45,0.2025,1.0,0.0,1.0
36,CDK2,30,28,CDK2/30,-9.812,-8.81425,0.94,-0.66,0.99775,0.9955050625,1.0,0.0,1.0
37,CDK2,28,29,CDK2/28,-11.112,-10.29425,0.83,-2.14,0.81775,0.6687150625,2.0,0.0,3.0
38,CDK2,1oiy,27,CDK2/1oiy,-9.785,-8.75425,0.48,-0.6,1.03075,1.0624455625,3.0,3.0,3.0
39,CDK2,1oi9,25,CDK2/1oi9,-9.741,-8.65425,0.61,-0.5,1.08675,1.1810255625,0.0,4.0,0.0
40,CDK2,32,30,CDK2/32,-9.75,-9.45425,0.94,-1.3,0.29575,0.0874680625,0.0,0.0,0.0
41,CDK2,1oiu,28,CDK2/1oiu,-9.083,-10.80425,0.43,-2.65,1.72125,2.9627015625,3.0,5.0,3.0
42,CDK2,29,30,CDK2/29,-9.882,-9.11425,0.82,-0.96,0.76775,0.5894400625,0.0,2.0,0.0
43,CDK2,1h1r,25,CDK2/1h1r,-7.669,-8.84425,0.53,-0.69,1.17525,1.3812125625,0.0,0.0,0.0
44,CDK2,21,26,CDK2/21,-7.828,-8.46425,0.47,-0.31,0.63625,0.4048140625,1.0,8.0,1.0
45,CDK2,26,26,CDK2/26,-8.431,-8.79425,0.48,-0.64,0.36325,0.1319505625,2.0,0.0,2.0
46,CDK2,1h1s,28,CDK2/1h1s,-11.246,-9.77425,0.84,-1.62,1.47175,2.1660480625,0.0,1.0,0.0
47,CDK2,31,27,CDK2/31,-9.539,-9.01425,0.83,-0.86,0.52475,0.2753625625,3.0,0.0,3.0
48,CDK2,20,26,CDK2/20,-8.718,-8.69425,0.43,-0.54,0.02375,0.0005640625,0.0,6.0,0.0
49,CDK2,22,26,CDK2/22,-7.862,-8.98425,0.57,-0.83,1.12225,1.2594450625,2.0,0.0,2.0
50,CDK2,17,25,CDK2/17,-7.041,-9.06425,0.4,-0.91,2.02325,4.0935405625,1.0,9.0,1.0
51,CDK2,1h1q,24,CDK2/1h1q,-8.179,-8.15425,0.0,0.0,0.02475,0.0006125625,0.0,7.0,0.0
52,Jnk1,18629-1,23,Jnk1/18629-1,-8.67,-7.5,0.02,0.68,1.17,1.3689,1.0,7.0,1.0
53,Jnk1,18634-1,26,Jnk1/18634-1,-9.99,-10.77,0.45,-2.59,0.78,0.6084,1.0,0.0,1.0
54,Jnk1,18628-1,23,Jnk1/18628-1,-8.7,-7.37,0.45,0.81,1.33,1.7689,0.0,0.0,0.0
55,Jnk1,18660-1,30,Jnk1/18660-1,-8.7,-10.75,0.38,-2.57,2.05,4.2025,2.0,0.0,3.0
56,Jnk1,18624-1,22,Jnk1/18624-1,-8.49,-7.45,0.3,0.73,1.04,1.0816,0.0,0.0,0.0
57,Jnk1,18633-1,24,Jnk1/18633-1,-9.17,-8.23,0.3,-0.05,0.94,0.8836,3.0,0.0,3.0
58,Jnk1,18635-1,24,Jnk1/18635-1,-7.29,-7.45,0.35,0.73,0.16,0.0256,0.0,9.0,0.0
59,Jnk1,17124-1,27,Jnk1/17124-1,-9.68,-11.42,0.64,-3.24,1.74,3.0276,0.0,0.0,0.0
60,Jnk1,18625-1,23,Jnk1/18625-1,-8.11,-6.53,0.3,1.65,1.58,2.4964,2.0,8.0,2.0
61,Jnk1,18659-1,28,Jnk1/18659-1,-9.47,-10.48,0.44,-2.3,1.01,1.0201,0.0,0.0,0.0
62,Jnk1,18637-1,30,Jnk1/18637-1,-10.14,-11.49,0.6,-3.31,1.35,1.8225,0.0,0.0,0.0
63,Jnk1,18638-1,30,Jnk1/18638-1,-10.09,-10.98,0.55,-2.8,0.89,0.7921,1.0,2.0,1.0
64,Jnk1,18652-1,31,Jnk1/18652-1,-10.68,-11.65,0.53,-3.47,0.97,0.9409,0.0,1.0,0.0
65,Jnk1,18627-1,23,Jnk1/18627-1,-8.48,-7.91,0.02,0.27,0.57,0.3249,0.0,0.0,0.0
66,Jnk1,18658-1,27,Jnk1/18658-1,-9.7,-10.11,0.44,-1.93,0.41,0.1681,0.0,3.0,0.0
67,Jnk1,18630-1,23,Jnk1/18630-1,-9.14,-7.64,0.02,0.54,1.5,2.25,3.0,5.0,3.0
68,Jnk1,18639-1,29,Jnk1/18639-1,-9.74,-10.82,0.62,-2.64,1.08,1.1664,0.0,0.0,0.0
69,Jnk1,18631-1,24,Jnk1/18631-1,-9.41,-10.02,0.53,-1.84,0.61,0.3721,2.0,4.0,2.0
70,Jnk1,18632-1,24,Jnk1/18632-1,-9.08,-7.99,0.31,0.19,1.09,1.1881,3.0,0.0,3.0
71,Jnk1,18636-1,24,Jnk1/18636-1,-7.51,-6.31,0.42,1.87,1.2,1.44,0.0,0.0,0.0
72,Jnk1,18626-1,23,Jnk1/18626-1,-8.87,-8.18,0.0,0.0,0.69,0.4761,0.0,6.0,0.0
73,MCL1,26,26,MCL1/26,-8.24,-8.31,0.8,-2.5,0.07,0.0049,0.0,5.0,0.0
74,MCL1,48,25,MCL1/48,-6.66,-3.88,1.06,1.93,2.78,7.7284,0.0,0.0,0.0
75,MCL1,33,23,MCL1/33,-6.88,-6.82,0.8,-1.01,0.06,0.0036,0.0,0.0,0.0
76,MCL1,46,25,MCL1/46,-7.6,-6.72,1.11,-0.91,0.88,0.7744,0.0,0.0,0.0
77,MCL1,35,24,MCL1/35,-8.81,-7.36,1.14,-1.55,1.45,2.1025,2.0,0.0,3.0
78,MCL1,31,26,MCL1/31,-7.92,-6.79,1.66,-0.98,1.13,1.2769,0.0,0.0,0.0
79,MCL1,52,25,MCL1/52,-9.23,-9.53,1.65,-3.72,0.3,0.09,0.0,0.0,0.0
80,MCL1,68,27,MCL1/68,-7.69,-6.16,0.87,-0.35,1.53,2.3409,0.0,6.0,0.0
81,MCL1,32,23,MCL1/32,-6.58,-6.09,1.57,-0.28,0.49,0.2401,3.0,0.0,3.0
82,MCL1,38,28,MCL1/38,-7.02,-7.61,1.35,-1.8,0.59,0.3481,0.0,0.0,0.0
83,MCL1,51,27,MCL1/51,-8.45,-7.35,1.06,-1.54,1.1,1.21,0.0,0.0,0.0
84,MCL1,50,26,MCL1/50,-9.33,-8.81,1.5,-3.0,0.52,0.2704,0.0,0.0,0.0
85,MCL1,28,23,MCL1/28,-6.62,-5.94,1.23,-0.13,0.68,0.4624,0.0,0.0,0.0
86,MCL1,66,27,MCL1/66,-8.43,-8.97,0.68,-3.16,0.54,0.2916,2.0,0.0,2.0
87,MCL1,39,28,MCL1/39,-7.03,-7.36,1.38,-1.55,0.33,0.1089,0.0,7.0,0.0
88,MCL1,37,25,MCL1/37,-8.95,-9.22,1.52,-3.41,0.27,0.0729,0.0,3.0,0.0
89,MCL1,30,23,MCL1/30,-7.85,-5.88,1.22,-0.07,1.97,3.8809,0.0,0.0,0.0
90,MCL1,54,27,MCL1/54,-9.78,-9.94,0.79,-4.13,0.16,0.0256,0.0,0.0,0.0
91,MCL1,44,27,MCL1/44,-8.67,-9.37,0.71,-3.56,0.7,0.49,0.0,4.0,0.0
92,MCL1,23,26,MCL1/23,-8.83,-8.11,0.6,-2.3,0.72,0.5184,1.0,0.0,1.0
93,MCL1,29,26,MCL1/29,-6.94,-6.29,1.25,-0.48,0.65,0.4225,0.0,0.0,0.0
94,MCL1,40,29,MCL1/40,-7.25,-8.21,1.73,-2.4,0.96,0.9216,0.0,0.0,0.0
95,MCL1,62,27,MCL1/62,-7.96,-7.26,1.06,-1.45,0.7,0.49,0.0,0.0,0.0
96,MCL1,61,26,MCL1/61,-8.08,-9.23,1.65,-3.42,1.15,1.3225,0.0,0.0,0.0
97,MCL1,49,25,MCL1/49,-8.36,-8.1,1.35,-2.29,0.26,0.0676,0.0,0.0,0.0
98,MCL1,64,27,MCL1/64,-9.5,-8.89,1.15,-3.08,0.61,0.3721,1.0,0.0,1.0
99,MCL1,41,29,MCL1/41,-7.13,-8.01,1.64,-2.2,0.88,0.7744,1.0,0.0,1.0
100,MCL1,65,26,MCL1/65,-8.41,-10.24,1.65,-4.43,1.83,3.3489,0.0,0.0,0.0
101,MCL1,58,27,MCL1/58,-9.41,-11.63,1.68,-5.82,2.22,4.9284,0.0,0.0,0.0
102,MCL1,63,26,MCL1/63,-9.06,-10.29,1.62,-4.48,1.23,1.5129,2.0,0.0,2.0
103,MCL1,27,22,MCL1/27,-6.12,-5.81,0.0,0.0,0.31,0.0961,3.0,0.0,3.0
104,MCL1,47,26,MCL1/47,-5.78,-6.16,1.47,-0.35,0.38,0.1444,0.0,9.0,0.0
105,MCL1,57,27,MCL1/57,-9.04,-8.9,0.87,-3.09,0.14,0.0196,0.0,0.0,0.0
106,MCL1,56,26,MCL1/56,-9.26,-10.41,1.23,-4.6,1.15,1.3225,0.0,2.0,0.0
107,MCL1,53,26,MCL1/53,-9.96,-11.24,1.61,-5.43,1.28,1.6384,0.0,1.0,0.0
108,MCL1,36,25,MCL1/36,-8.18,-7.91,1.22,-2.1,0.27,0.0729,0.0,0.0,0.0
109,MCL1,60,25,MCL1/60,-8.92,-9.43,1.3,-3.62,0.51,0.2601,0.0,0.0,0.0
110,MCL1,45,26,MCL1/45,-8.95,-8.49,0.6,-2.68,0.46,0.2116,0.0,0.0,0.0
111,MCL1,42,26,MCL1/42,-8.9,-7.93,0.75,-2.12,0.97,0.9409,0.0,0.0,0.0
112,MCL1,67,25,MCL1/67,-7.58,-9.54,1.25,-3.73,1.96,3.8416,3.0,0.0,3.0
113,MCL1,34,26,MCL1/34,-6.87,-7.38,1.44,-1.57,0.51,0.2601,0.0,8.0,0.0
114,MCL1,43,26,MCL1/43,-7.03,-7.72,1.04,-1.91,0.69,0.4761,0.0,0.0,0.0
115,p38,p38a_2n,31,p38/p38a_2n,-11.85,-11.0,1.2,-2.48,0.85,0.7225,0.0,2.0,0.0
116,p38,p38a_3flz,26,p38/p38a_3flz,-9.49,-9.95,1.02,-1.43,0.46,0.2116,0.0,0.0,0.0
117,p38,p38a_2h,27,p38/p38a_2h,-9.48,-10.45,1.18,-1.93,0.97,0.9409,0.0,8.0,0.0
118,p38,p38a_2s,32,p38/p38a_2s,-11.11,-10.35,1.15,-1.83,0.76,0.5776,0.0,0.0,0.0
119,p38,p38a_2bb,28,p38/p38a_2bb,-9.06,-8.52,1.29,0.0,0.54,0.2916,0.0,0.0,0.0
120,p38,p38a_2q,35,p38/p38a_2q,-12.26,-12.62,0.99,-4.1,0.36,0.1296,0.0,1.0,0.0
121,p38,p38a_2z,27,p38/p38a_2z,-10.36,-11.37,1.5,-2.85,1.01,1.0201,0.0,0.0,0.0
122,p38,p38a_3fmh,30,p38/p38a_3fmh,-10.83,-11.31,0.24,-2.79,0.48,0.2304,0.0,0.0,0.0
123,p38,p38a_2f,27,p38/p38a_2f,-8.48,-9.25,1.19,-0.73,0.77,0.5929,2.0,9.0,3.0
124,p38,p38a_2v,23,p38/p38a_2v,-8.97,-8.52,0.0,0.0,0.45,0.2025,0.0,0.0,0.0
125,p38,p38a_3fln,28,p38/p38a_3fln,-10.88,-9.85,0.93,-1.33,1.03,1.0609,0.0,4.0,0.0
126,p38,p38a_2t,30,p38/p38a_2t,-11.85,-10.34,1.26,-1.82,1.51,2.2801,0.0,0.0,0.0
127,p38,p38a_2r,32,p38/p38a_2r,-10.79,-12.09,1.28,-3.57,1.3,1.69,2.0,0.0,2.0
128,p38,p38a_3fly,25,p38/p38a_3fly,-11.42,-10.58,0.35,-2.06,0.84,0.7056,0.0,3.0,0.0
129,p38,p38a_2u,37,p38/p38a_2u,-12.26,-13.04,1.05,-4.52,0.78,0.6084,0.0,0.0,0.0
130,p38,p38a_2l,29,p38/p38a_2l,-12.26,-11.87,1.23,-3.35,0.39,0.1521,1.0,0.0,1.0
131,p38,p38a_2aa,27,p38/p38a_2aa,-9.27,-10.29,1.82,-1.77,1.02,1.0404,0.0,0.0,0.0
132,p38,p38a_2gg,30,p38/p38a_2gg,-10.66,-9.81,1.06,-1.29,0.85,0.7225,0.0,0.0,0.0
133,p38,p38a_2k,27,p38/p38a_2k,-10.55,-10.25,1.1,-1.73,0.3,0.09,0.0,0.0,0.0
134,p38,p38a_3flq,29,p38/p38a_3flq,-9.93,-9.69,1.09,-1.17,0.24,0.0576,2.0,0.0,2.0
135,p38,p38a_2p,34,p38/p38a_2p,-11.2,-10.09,1.09,-1.57,1.11,1.2321,0.0,0.0,0.0
136,p38,p38a_3fmk,30,p38/p38a_3fmk,-11.83,-13.9,1.29,-5.38,2.07,4.2849,1.0,0.0,1.0
137,p38,p38a_2j,28,p38/p38a_2j,-10.08,-9.67,0.93,-1.15,0.41,0.1681,0.0,0.0,0.0
138,p38,p38a_2g,27,p38/p38a_2g,-10.66,-10.09,1.1,-1.57,0.57,0.3249,0.0,0.0,0.0
139,p38,p38a_2c,26,p38/p38a_2c,-10.46,-11.44,1.1,-2.92,0.98,0.9604,3.0,6.0,3.0
140,p38,p38a_2x,27,p38/p38a_2x,-10.23,-9.06,0.34,-0.54,1.17,1.3689,0.0,0.0,0.0
141,p38,p38a_3flw,29,p38/p38a_3flw,-10.68,-12.1,1.84,-3.58,1.42,2.0164,1.0,5.0,1.0
142,p38,p38a_2e,27,p38/p38a_2e,-10.7,-9.99,1.15,-1.47,0.71,0.5041,3.0,0.0,3.0
143,p38,p38a_2ee,31,p38/p38a_2ee,-12.26,-11.08,1.18,-2.56,1.18,1.3924,0.0,0.0,0.0
144,p38,p38a_2y,27,p38/p38a_2y,-9.78,-10.6,1.13,-2.08,0.82,0.6724,0.0,0.0,0.0
145,p38,p38a_2i,27,p38/p38a_2i,-10.05,-10.22,1.18,-1.7,0.17,0.0289,0.0,7.0,0.0
146,p38,p38a_2o,33,p38/p38a_2o,-10.49,-9.46,1.32,-0.94,1.03,1.0609,0.0,0.0,0.0
147,p38,p38a_2ff,29,p38/p38a_2ff,-11.44,-10.79,1.19,-2.27,0.65,0.4225,3.0,0.0,3.0
148,p38,p38a_2m,30,p38/p38a_2m,-10.96,-12.96,1.17,-4.44,2.0,4.0,0.0,0.0,0.0
149,PTP1B,23469,29,PTP1B/23469,-7.72,-7.22,0.78,1.87,0.5,0.25,3.0,0.0,3.0
150,PTP1B,23472,31,PTP1B/23472,-8.65,-8.61,0.87,0.48,0.04,0.0,1.0,0.0,1.0
151,PTP1B,23474,28,PTP1B/23474,-9.11,-9.06,0.91,0.03,0.05,0.0,0.0,4.0,0.0
152,PTP1B,23480,31,PTP1B/23480,-8.72,-9.4,1.77,-0.31,0.68,0.47,0.0,5.0,0.0
153,PTP1B,23470,27,PTP1B/23470,-7.72,-8.06,0.89,1.03,0.34,0.12,0.0,0.0,0.0
154,PTP1B,23486,37,PTP1B/23486,-12.47,-10.99,1.75,-1.9,1.48,2.18,3.0,1.0,3.0
155,PTP1B,20669(2qbr),28,PTP1B/20669(2qbr),-8.61,-8.43,0.86,0.66,0.18,0.03,0.0,6.0,0.0
156,PTP1B,23482,31,PTP1B/23482,-10.01,-9.8,1.39,-0.71,0.21,0.04,0.0,0.0,0.0
157,PTP1B,23483,36,PTP1B/23483,-9.87,-10.83,0.9,-1.74,0.96,0.93,1.0,0.0,1.0
158,PTP1B,23473,28,PTP1B/23473,-8.39,-8.11,0.92,0.98,0.28,0.08,2.0,0.0,3.0
159,PTP1B,20670(2qbs),27,PTP1B/20670(2qbs),-9.08,-9.95,1.06,-0.86,0.87,0.76,0.0,0.0,0.0
160,PTP1B,23468,25,PTP1B/23468,-7.75,-7.11,0.77,1.98,0.64,0.4,0.0,8.0,0.0
161,PTP1B,23475,26,PTP1B/23475,-8.72,-8.98,0.97,0.11,0.26,0.07,3.0,0.0,3.0
162,PTP1B,20667(2qbp),37,PTP1B/20667(2qbp),-11.42,-10.62,1.68,-1.53,0.8,0.63,2.0,0.0,2.0
163,PTP1B,23477,27,PTP1B/23477,-8.85,-9.09,0.0,0.0,0.24,0.06,0.0,0.0,0.0
164,PTP1B,23471,25,PTP1B/23471,-7.75,-7.99,0.84,1.1,0.24,0.06,1.0,0.0,1.0
165,PTP1B,23485,37,PTP1B/23485,-11.01,-9.73,1.83,-0.64,1.28,1.63,0.0,0.0,0.0
166,PTP1B,23467,22,PTP1B/23467,-7.34,-6.67,0.68,2.42,0.67,0.44,2.0,9.0,2.0
167,PTP1B,23466,21,PTP1B/23466,-7.85,-7.06,0.88,2.03,0.79,0.62,0.0,7.0,0.0
168,PTP1B,23476,28,PTP1B/23476,-9.41,-9.32,0.83,-0.23,0.09,0.01,0.0,3.0,0.0
169,PTP1B,23484,36,PTP1B/23484,-7.75,-10.02,1.65,-0.93,2.27,5.17,0.0,0.0,0.0
170,PTP1B,23479,30,PTP1B/23479,-9.14,-9.36,1.21,-0.27,0.22,0.05,0.0,0.0,0.0
171,PTP1B,23330(2qbq),31,PTP1B/23330(2qbq),-10.13,-10.97,1.0,-1.88,0.84,0.71,0.0,2.0,0.0
172,Thrombin,1b,27,Thrombin/1b,-8.46,-8.37,0.66,1.15,0.09,0.0081,2.0,4.0,3.0
173,Thrombin,1d,27,Thrombin/1d,-8.25,-9.52,0.0,0.0,1.27,1.6129,3.0,6.0,3.0
174,Thrombin,3b,28,Thrombin/3b,-7.86,-7.42,1.37,2.1,0.44,0.1936,2.0,7.0,2.0
175,Thrombin,1a,27,Thrombin/1a,-7.48,-7.37,1.08,2.15,0.11,0.0121,0.0,9.0,0.0
176,Thrombin,6a,28,Thrombin/6a,-9.18,-8.62,0.57,0.9,0.56,0.3136,2.0,1.0,2.0
177,Thrombin,7a,28,Thrombin/7a,-8.22,-8.59,1.04,0.93,0.37,0.1369,1.0,0.0,1.0
178,Thrombin,3a,27,Thrombin/3a,-8.32,-8.35,1.2,1.17,0.03,0.0009,0.0,5.0,0.0
179,Thrombin,5,26,Thrombin/5,-7.58,-6.9,1.2,2.62,0.68,0.4624,3.0,8.0,3.0
180,Thrombin,6b,28,Thrombin/6b,-8.89,-9.0,0.47,0.52,0.11,0.0121,1.0,3.0,1.0
181,Thrombin,6e,28,Thrombin/6e,-8.91,-8.47,0.33,1.05,0.44,0.1936,3.0,2.0,3.0
182,Thrombin,1c,27,Thrombin/1c,-8.56,-9.05,1.12,0.47,0.49,0.2401,1.0,0.0,1.0
183,Tyk2,ejm_31,21,Tyk2/ejm_31,-9.54,-9.82,0.0,0.0,0.28,0.0784,1.0,6.0,1.0
184,Tyk2,jmc_30,25,Tyk2/jmc_30,-10.94,-10.78,0.3,-0.96,0.16,0.0256,2.0,3.0,3.0
185,Tyk2,ejm_50,22,Tyk2/ejm_50,-8.98,-9.52,0.41,0.3,0.54,0.2916,3.0,0.0,3.0
186,Tyk2,ejm_46,23,Tyk2/ejm_46,-11.31,-10.63,0.24,-0.81,0.68,0.4624,0.0,0.0,0.0
187,Tyk2,ejm_55,22,Tyk2/ejm_55,-9.21,-10.61,0.42,-0.79,1.4,1.96,0.0,0.0,0.0
188,Tyk2,ejm_43,23,Tyk2/ejm_43,-8.26,-8.18,0.47,1.64,0.08,0.0064,3.0,8.0,3.0
189,Tyk2,jmc_28,24,Tyk2/jmc_28,-10.98,-10.3,0.24,-0.48,0.68,0.4624,0.0,0.0,0.0
190,Tyk2,ejm_49,26,Tyk2/ejm_49,-7.75,-8.81,0.29,1.01,1.06,1.1236,0.0,0.0,0.0
191,Tyk2,ejm_45,24,Tyk2/ejm_45,-9.56,-9.62,0.76,0.2,0.06,0.0036,1.0,5.0,1.0
192,Tyk2,ejm_44,24,Tyk2/ejm_44,-7.42,-7.01,0.86,2.81,0.41,0.1681,2.0,9.0,2.0
193,Tyk2,jmc_27,24,Tyk2/jmc_27,-11.28,-11.0,0.35,-1.18,0.28,0.0784,0.0,2.0,0.0
194,Tyk2,ejm_48,25,Tyk2/ejm_48,-9.0,-8.64,0.72,1.18,0.36,0.1296,3.0,7.0,3.0
195,Tyk2,ejm_47,24,Tyk2/ejm_47,-9.7,-9.25,0.76,0.57,0.45,0.2025,0.0,0.0,0.0
196,Tyk2,jmc_23,24,Tyk2/jmc_23,-11.7,-11.29,0.34,-1.47,0.41,0.1681,2.0,1.0,2.0
197,Tyk2,ejm_42,22,Tyk2/ejm_42,-9.78,-9.7,0.5,0.12,0.08,0.0064,1.0,4.0,1.0
198,Tyk2,ejm_54,23,Tyk2/ejm_54,-10.53,-10.74,0.6,-0.92,0.21,0.0441,0.0,0.0,0.0
