Unnamed: 0,unique_id,sdf_file,pdb_file,pk,graph_id,preds_0,preds_1,preds_2,preds_3,preds_4,preds_5,preds_6,preds_7,preds_8,preds_9,preds
0,3ao4,../data/pdbbind_processed/3ao4/3ao4_ligand.sdf,../data/pdbbind_processed/3ao4/3ao4_protein_stripped.pdb,2.07,0,2.9275956,3.2103953,3.5286884,3.0101223,2.766811,3.8229704,3.3442855,4.7521973,3.5958505,3.2696087,3.4228523
1,3gv9,../data/pdbbind_processed/3gv9/3gv9_ligand.sdf,../data/pdbbind_processed/3gv9/3gv9_protein_stripped.pdb,2.12,1,4.2292943,3.4725757,3.0642595,3.363839,2.8087564,2.7953925,3.645727,3.307125,3.7409258,3.5598662,3.3987763
2,1uto,../data/pdbbind_processed/1uto/1uto_ligand.sdf,../data/pdbbind_processed/1uto/1uto_protein_stripped.pdb,2.27,2,2.8762407,2.6027203,2.2505856,2.4559197,2.2661948,2.5994124,2.7419572,2.4725304,3.4555314,2.4746132,2.6195707
3,1ps3,../data/pdbbind_processed/1ps3/1ps3_ligand.sdf,../data/pdbbind_processed/1ps3/1ps3_protein_stripped.pdb,2.28,3,5.9169774,5.4424443,4.971732,4.7957683,5.319445,5.5617943,6.5540442,4.466584,6.1903844,5.846744,5.506592
4,4ddk,../data/pdbbind_processed/4ddk/4ddk_ligand.sdf,../data/pdbbind_processed/4ddk/4ddk_protein_stripped.pdb,2.29,4,3.4442112,4.0897603,3.6191492,3.4335597,3.0144532,3.2194626,2.982306,2.8990178,3.0809402,3.3501127,3.3132973
5,4jsz,../data/pdbbind_processed/4jsz/4jsz_ligand.sdf,../data/pdbbind_processed/4jsz/4jsz_protein_stripped.pdb,2.3,5,4.8025355,5.0632744,5.252484,4.794271,4.949333,4.448777,5.0953183,4.2952986,4.7561016,5.502164,4.895956
6,3g2z,../data/pdbbind_processed/3g2z/3g2z_ligand.sdf,../data/pdbbind_processed/3g2z/3g2z_protein_stripped.pdb,2.36,6,3.202428,3.695035,3.0599144,2.7433276,2.84692,3.1792173,3.050031,3.0853474,2.817823,3.6560361,3.133608
7,3dxg,../data/pdbbind_processed/3dxg/3dxg_ligand.sdf,../data/pdbbind_processed/3dxg/3dxg_protein_stripped.pdb,2.4,7,3.1141396,3.372446,3.2283783,3.0650704,2.7540479,3.2478397,2.8724465,3.0909033,3.2602975,3.2927573,3.1298325
8,3l7b,../data/pdbbind_processed/3l7b/3l7b_ligand.sdf,../data/pdbbind_processed/3l7b/3l7b_protein_stripped.pdb,2.4,8,2.0928102,2.7269597,2.5926228,2.7851,2.5430894,2.5687723,2.3171692,2.6992445,2.4959273,2.6337676,2.5455463
9,3gr2,../data/pdbbind_processed/3gr2/3gr2_ligand.sdf,../data/pdbbind_processed/3gr2/3gr2_protein_stripped.pdb,2.52,9,3.967374,3.4108803,3.076514,3.4978826,3.9590347,4.0834646,3.43666,3.4696295,3.4837441,3.9758458,3.6361032
10,3kgp,../data/pdbbind_processed/3kgp/3kgp_ligand.sdf,../data/pdbbind_processed/3kgp/3kgp_protein_stripped.pdb,2.57,10,2.1654515,3.3706064,2.5276208,2.4994364,2.620132,2.925015,2.9709995,2.895124,3.0133145,2.9541483,2.794185
11,3fcq,../data/pdbbind_processed/3fcq/3fcq_ligand.sdf,../data/pdbbind_processed/3fcq/3fcq_protein_stripped.pdb,2.77,11,4.5904045,5.090862,4.507288,4.2197523,4.4884996,3.9882894,4.3104677,4.554113,4.6424246,4.953222,4.5345316
12,3lka,../data/pdbbind_processed/3lka/3lka_ligand.sdf,../data/pdbbind_processed/3lka/3lka_protein_stripped.pdb,2.82,12,5.2752857,5.791569,6.021461,5.102367,5.63917,6.3400974,5.9169,6.6067176,6.055035,6.1867766,5.893538
13,3zt2,../data/pdbbind_processed/3zt2/3zt2_ligand.sdf,../data/pdbbind_processed/3zt2/3zt2_protein_stripped.pdb,2.84,13,4.88269,3.5393264,4.826314,4.234703,4.4951515,4.4423385,3.807897,4.275639,3.9653008,4.3939834,4.286334
14,3udh,../data/pdbbind_processed/3udh/3udh_ligand.sdf,../data/pdbbind_processed/3udh/3udh_protein_stripped.pdb,2.85,14,4.629555,4.736899,4.0602627,3.7786329,4.8635178,4.453604,4.528698,3.8737965,3.9311614,4.3526163,4.320874
15,3g31,../data/pdbbind_processed/3g31/3g31_ligand.sdf,../data/pdbbind_processed/3g31/3g31_protein_stripped.pdb,2.89,15,4.132576,3.4389772,3.7901995,3.1756997,3.7453132,4.462823,3.1137445,3.2141492,2.8243327,3.9367518,3.5834568
16,4llx,../data/pdbbind_processed/4llx/4llx_ligand.sdf,../data/pdbbind_processed/4llx/4llx_protein_stripped.pdb,2.89,16,3.8960216,3.6928823,3.8956993,3.4341707,4.1017685,3.6009543,3.7834122,4.0669956,3.9083884,3.445767,3.7826061
17,4u4s,../data/pdbbind_processed/4u4s/4u4s_ligand.sdf,../data/pdbbind_processed/4u4s/4u4s_protein_stripped.pdb,2.92,17,5.4867363,5.2004156,5.4272366,4.897781,5.08382,4.989571,4.820606,5.0662456,5.1568813,4.945386,5.107468
18,4owm,../data/pdbbind_processed/4owm/4owm_ligand.sdf,../data/pdbbind_processed/4owm/4owm_protein_stripped.pdb,2.96,18,4.252626,3.9107027,4.323136,4.789808,3.3469589,3.9716387,4.391969,3.5328915,4.4342027,3.7473173,4.070125
19,5aba,../data/pdbbind_processed/5aba/5aba_ligand.sdf,../data/pdbbind_processed/5aba/5aba_protein_stripped.pdb,2.98,19,4.6722374,4.5692925,5.3936405,4.4998226,5.1600895,5.485716,5.0582066,4.90298,5.372079,5.7158766,5.082994
20,2xdl,../data/pdbbind_processed/2xdl/2xdl_ligand.sdf,../data/pdbbind_processed/2xdl/2xdl_protein_stripped.pdb,3.1,20,5.6866302,5.9153256,5.2652507,4.987373,5.2642183,5.5483594,5.2821918,5.971338,5.261295,5.761808,5.4943786
21,4kz6,../data/pdbbind_processed/4kz6/4kz6_ligand.sdf,../data/pdbbind_processed/4kz6/4kz6_protein_stripped.pdb,3.1,21,4.586268,4.900856,3.6396408,3.6154375,3.9514773,5.00095,4.1174626,4.8171606,3.9498444,4.7785954,4.335769
22,2ymd,../data/pdbbind_processed/2ymd/2ymd_ligand.sdf,../data/pdbbind_processed/2ymd/2ymd_protein_stripped.pdb,3.16,22,7.795508,7.143505,7.6490774,6.140095,7.0015726,6.133195,6.740222,7.4251785,7.427248,7.48667,7.094227
23,3aru,../data/pdbbind_processed/3aru/3aru_ligand.sdf,../data/pdbbind_processed/3aru/3aru_protein_stripped.pdb,3.22,23,4.4245105,3.8908331,3.9929142,4.8104243,4.4105873,4.453228,4.337487,4.1780877,4.6821795,4.228096,4.3408346
24,1bcu,../data/pdbbind_processed/1bcu/1bcu_ligand.sdf,../data/pdbbind_processed/1bcu/1bcu_protein_stripped.pdb,3.28,24,5.1753793,4.982654,3.9976714,5.1479707,4.095537,4.160972,4.394271,4.447743,4.6280994,4.5312877,4.5561585
25,3zsx,../data/pdbbind_processed/3zsx/3zsx_ligand.sdf,../data/pdbbind_processed/3zsx/3zsx_protein_stripped.pdb,3.28,25,3.2860997,3.820382,2.9396667,3.5336418,3.2545652,3.6758957,3.7232375,3.6971207,3.9485388,3.30749,3.518664
26,4ddh,../data/pdbbind_processed/4ddh/4ddh_ligand.sdf,../data/pdbbind_processed/4ddh/4ddh_protein_stripped.pdb,3.3,26,4.5801897,3.7978857,4.084299,3.9803405,3.6688244,4.1917768,3.824478,3.823562,4.672129,3.898512,4.0521994
27,4eky,../data/pdbbind_processed/4eky/4eky_ligand.sdf,../data/pdbbind_processed/4eky/4eky_protein_stripped.pdb,3.52,27,3.9820547,3.7094576,3.5861654,3.571625,3.0789318,3.4020238,3.5214472,3.8898664,3.650155,3.7927847,3.6184509
28,4abg,../data/pdbbind_processed/4abg/4abg_ligand.sdf,../data/pdbbind_processed/4abg/4abg_protein_stripped.pdb,3.57,28,5.2065806,4.2230473,3.960795,4.3201265,3.8057635,4.3264112,4.0641947,4.341012,4.8221025,4.292258,4.336229
29,5a7b,../data/pdbbind_processed/5a7b/5a7b_ligand.sdf,../data/pdbbind_processed/5a7b/5a7b_protein_stripped.pdb,3.57,29,6.1170526,6.417235,6.5379157,5.9113064,5.4239635,5.7929564,5.424041,6.8269744,5.5785923,5.526509,5.9556546
30,3dx1,../data/pdbbind_processed/3dx1/3dx1_ligand.sdf,../data/pdbbind_processed/3dx1/3dx1_protein_stripped.pdb,3.58,30,5.201832,5.7737637,6.019584,5.3993673,6.074214,5.627532,4.4107943,6.4725637,5.958795,5.5954742,5.653392
31,4bkt,../data/pdbbind_processed/4bkt/4bkt_ligand.sdf,../data/pdbbind_processed/4bkt/4bkt_protein_stripped.pdb,3.62,31,3.6669004,4.004443,3.2266142,3.3549676,2.9340286,3.6947353,3.3149807,4.002242,3.8952246,3.7116382,3.5805779
32,2v00,../data/pdbbind_processed/2v00/2v00_ligand.sdf,../data/pdbbind_processed/2v00/2v00_protein_stripped.pdb,3.66,32,4.3121777,3.7538393,4.0886745,3.5239453,4.93773,4.0951524,3.9128642,4.284127,4.649948,4.0452676,4.1603727
33,4cig,../data/pdbbind_processed/4cig/4cig_ligand.sdf,../data/pdbbind_processed/4cig/4cig_protein_stripped.pdb,3.67,33,5.2465734,6.0185394,6.214468,5.2765737,5.289912,5.27906,5.8720317,5.4760222,5.9585767,6.0451536,5.667691
34,3n7a,../data/pdbbind_processed/3n7a/3n7a_ligand.sdf,../data/pdbbind_processed/3n7a/3n7a_protein_stripped.pdb,3.7,34,4.3129845,4.2033443,4.038003,3.566671,4.1320024,3.7454202,3.6071784,4.107813,4.170913,3.904234,3.9788558
35,3d6q,../data/pdbbind_processed/3d6q/3d6q_ligand.sdf,../data/pdbbind_processed/3d6q/3d6q_protein_stripped.pdb,3.76,35,3.816475,4.025134,4.0830894,3.9277153,3.8317976,3.8298335,3.84389,3.9837966,4.0136333,4.0693107,3.9424675
36,2hb1,../data/pdbbind_processed/2hb1/2hb1_ligand.sdf,../data/pdbbind_processed/2hb1/2hb1_protein_stripped.pdb,3.8,36,5.1695523,4.5707283,4.2159557,4.039663,4.5994506,4.6123767,4.6510234,4.967957,5.1154933,4.3820934,4.6324296
37,3twp,../data/pdbbind_processed/3twp/3twp_ligand.sdf,../data/pdbbind_processed/3twp/3twp_protein_stripped.pdb,3.92,37,3.8279645,4.3741736,3.519156,3.8180454,2.6877975,3.7498534,3.1247215,3.6778693,3.7707207,4.4654374,3.7015743
38,4agn,../data/pdbbind_processed/4agn/4agn_ligand.sdf,../data/pdbbind_processed/4agn/4agn_protein_stripped.pdb,3.97,38,5.912105,5.745785,4.7289233,5.5092664,5.3625607,4.4682484,5.042513,5.014833,4.4521856,5.197099,5.1433516
39,1c5z,../data/pdbbind_processed/1c5z/1c5z_ligand.sdf,../data/pdbbind_processed/1c5z/1c5z_protein_stripped.pdb,4.01,39,4.6102557,4.0197735,4.4300776,4.568491,4.570629,4.7101393,4.501899,4.594727,4.179692,4.111471,4.4297156
40,3nq9,../data/pdbbind_processed/3nq9/3nq9_ligand.sdf,../data/pdbbind_processed/3nq9/3nq9_protein_stripped.pdb,4.03,40,4.7271695,5.615249,5.208967,5.3656406,4.6801214,5.201339,5.7998567,5.367998,5.2733445,5.0719104,5.23116
41,2w66,../data/pdbbind_processed/2w66/2w66_ligand.sdf,../data/pdbbind_processed/2w66/2w66_protein_stripped.pdb,4.05,41,4.939332,5.40693,5.5519686,4.8179574,4.9998984,5.4586782,5.4409876,5.7292,5.6180887,4.9488454,5.2911882
42,3kwa,../data/pdbbind_processed/3kwa/3kwa_ligand.sdf,../data/pdbbind_processed/3kwa/3kwa_protein_stripped.pdb,4.08,42,6.1829567,5.896145,5.4909706,6.34644,6.749788,6.4874573,6.1592073,4.745538,6.0766854,7.472206,6.160739
43,3g2n,../data/pdbbind_processed/3g2n/3g2n_ligand.sdf,../data/pdbbind_processed/3g2n/3g2n_protein_stripped.pdb,4.09,43,4.230058,4.163638,4.6361194,3.9741156,4.0743656,4.4312344,4.2183595,4.469353,4.281013,3.9389575,4.241721
44,4cr9,../data/pdbbind_processed/4cr9/4cr9_ligand.sdf,../data/pdbbind_processed/4cr9/4cr9_protein_stripped.pdb,4.1,44,3.7366364,3.988941,3.840063,4.0296507,3.7294068,3.9971426,3.1629598,4.246088,4.0713787,4.424679,3.9226947
45,4ih5,../data/pdbbind_processed/4ih5/4ih5_ligand.sdf,../data/pdbbind_processed/4ih5/4ih5_protein_stripped.pdb,4.11,45,3.97423,4.455028,3.606734,4.1567245,4.4942627,4.900438,4.48531,4.7792816,4.7320104,5.143934,4.472795
46,4de2,../data/pdbbind_processed/4de2/4de2_ligand.sdf,../data/pdbbind_processed/4de2/4de2_protein_stripped.pdb,4.12,46,5.0279956,5.3832045,5.852559,5.5652437,5.623912,5.516743,5.3813934,5.488947,5.688667,5.62219,5.515085
47,3ozt,../data/pdbbind_processed/3ozt/3ozt_ligand.sdf,../data/pdbbind_processed/3ozt/3ozt_protein_stripped.pdb,4.13,47,6.785591,6.327542,6.146954,6.576489,6.66148,6.4229274,6.2508,5.7756476,6.268932,5.4873786,6.270374
48,3f3a,../data/pdbbind_processed/3f3a/3f3a_ligand.sdf,../data/pdbbind_processed/3f3a/3f3a_protein_stripped.pdb,4.19,48,5.2025766,4.8473873,4.883919,5.510424,6.025653,4.882483,5.045478,5.51031,5.6037407,5.1613054,5.2673273
49,1a30,../data/pdbbind_processed/1a30/1a30_ligand.sdf,../data/pdbbind_processed/1a30/1a30_protein_stripped.pdb,4.3,49,4.7679586,4.8557944,5.351455,4.28481,5.869999,5.862487,4.2977443,5.2128344,5.1557703,5.528109,5.118696
50,3ivg,../data/pdbbind_processed/3ivg/3ivg_ligand.sdf,../data/pdbbind_processed/3ivg/3ivg_protein_stripped.pdb,4.3,50,6.3154235,5.8605037,5.7485847,6.3237915,5.7614737,5.614363,5.593947,6.1939535,5.8254037,6.057281,5.929473
51,3u9q,../data/pdbbind_processed/3u9q/3u9q_ligand.sdf,../data/pdbbind_processed/3u9q/3u9q_protein_stripped.pdb,4.38,51,5.143952,5.121309,5.018956,5.14863,5.260661,4.8531194,5.4634643,4.7186565,5.432901,5.5347047,5.169635
52,3rsx,../data/pdbbind_processed/3rsx/3rsx_ligand.sdf,../data/pdbbind_processed/3rsx/3rsx_protein_stripped.pdb,4.41,52,4.525592,4.745151,4.5733533,4.6318297,4.472802,4.2559204,4.370835,5.8192253,5.0016613,4.374429,4.6770797
53,3pxf,../data/pdbbind_processed/3pxf/3pxf_ligand.sdf,../data/pdbbind_processed/3pxf/3pxf_protein_stripped.pdb,4.43,53,5.4687033,5.38016,5.4125924,5.4164586,5.2858725,5.3028884,5.3579807,5.677788,5.574822,5.7236977,5.4600964
54,2wbg,../data/pdbbind_processed/2wbg/2wbg_ligand.sdf,../data/pdbbind_processed/2wbg/2wbg_protein_stripped.pdb,4.45,54,6.4037457,6.2964187,6.298024,5.8678164,5.975277,5.7130413,6.4516716,5.7766495,6.5437155,5.742956,6.106931
55,3rr4,../data/pdbbind_processed/3rr4/3rr4_ligand.sdf,../data/pdbbind_processed/3rr4/3rr4_protein_stripped.pdb,4.55,55,5.2259593,5.5542703,5.872003,5.370207,5.8865757,5.7180953,5.098232,5.8297076,6.1475034,5.9826856,5.668524
56,4w9c,../data/pdbbind_processed/4w9c/4w9c_ligand.sdf,../data/pdbbind_processed/4w9c/4w9c_protein_stripped.pdb,4.65,56,5.2400885,4.833909,4.8532386,4.886787,5.081475,4.930945,4.86294,4.877515,5.0379605,5.186978,4.9791837
57,3mss,../data/pdbbind_processed/3mss/3mss_ligand.sdf,../data/pdbbind_processed/3mss/3mss_protein_stripped.pdb,4.66,57,5.1888657,5.298809,4.090657,4.8268175,4.5527015,5.0215406,4.3956304,4.3050404,5.2596135,4.514546,4.745422
58,4agp,../data/pdbbind_processed/4agp/4agp_ligand.sdf,../data/pdbbind_processed/4agp/4agp_protein_stripped.pdb,4.69,58,5.7912183,5.605148,5.528755,5.6643887,5.406437,5.307638,5.027332,5.5047073,4.9088573,5.5428643,5.428735
59,4mgd,../data/pdbbind_processed/4mgd/4mgd_ligand.sdf,../data/pdbbind_processed/4mgd/4mgd_protein_stripped.pdb,4.69,59,7.0084224,6.718243,7.159331,6.3952737,6.794213,7.18964,6.9353466,7.0842967,7.4722385,6.9048724,6.9661875
60,1vso,../data/pdbbind_processed/1vso/1vso_ligand.sdf,../data/pdbbind_processed/1vso/1vso_protein_stripped.pdb,4.72,60,5.082397,5.4122405,4.9352937,5.248813,5.365471,5.0744805,5.0115223,5.6693144,5.305002,5.578132,5.268267
61,4jxs,../data/pdbbind_processed/4jxs/4jxs_ligand.sdf,../data/pdbbind_processed/4jxs/4jxs_protein_stripped.pdb,4.74,61,5.0655904,4.7370176,5.2257915,4.543546,4.4653835,4.7098727,4.6381054,5.144104,4.4556623,4.866894,4.785197
62,1q8t,../data/pdbbind_processed/1q8t/1q8t_ligand.sdf,../data/pdbbind_processed/1q8t/1q8t_protein_stripped.pdb,4.76,62,6.1109915,6.209809,5.4895926,5.5436797,5.460563,5.559699,5.640948,6.0400577,5.8717384,5.7821527,5.7709236
63,3acw,../data/pdbbind_processed/3acw/3acw_ligand.sdf,../data/pdbbind_processed/3acw/3acw_protein_stripped.pdb,4.76,63,7.2364073,6.276123,6.329727,5.184782,6.1766677,7.5559416,6.6793356,6.151322,6.9577155,6.552941,6.5100965
64,4lzs,../data/pdbbind_processed/4lzs/4lzs_ligand.sdf,../data/pdbbind_processed/4lzs/4lzs_protein_stripped.pdb,4.8,64,5.0047293,4.994181,5.4705906,4.8501096,5.1433997,5.2785735,4.872016,5.134161,5.0282993,5.120664,5.0896726
65,3r88,../data/pdbbind_processed/3r88/3r88_ligand.sdf,../data/pdbbind_processed/3r88/3r88_protein_stripped.pdb,4.82,65,4.516799,4.1633234,3.887695,4.039175,4.629032,3.9790173,3.4447346,4.2798624,4.6027775,3.9772894,4.151971
66,4ciw,../data/pdbbind_processed/4ciw/4ciw_ligand.sdf,../data/pdbbind_processed/4ciw/4ciw_protein_stripped.pdb,4.82,66,4.734748,4.898252,4.625767,4.829597,5.660456,4.650914,4.7151585,4.3780503,5.077737,5.0636888,4.8634367
67,2w4x,../data/pdbbind_processed/2w4x/2w4x_ligand.sdf,../data/pdbbind_processed/2w4x/2w4x_protein_stripped.pdb,4.85,67,4.746296,5.2253184,5.276488,5.122471,6.3351502,5.2242713,5.938029,5.735666,4.7178655,4.9542656,5.327582
68,2brb,../data/pdbbind_processed/2brb/2brb_ligand.sdf,../data/pdbbind_processed/2brb/2brb_protein_stripped.pdb,4.86,68,5.8920627,6.338217,5.7986927,6.047451,5.7215123,6.111862,5.925152,6.387527,5.925032,6.058649,6.020616
69,1p1q,../data/pdbbind_processed/1p1q/1p1q_ligand.sdf,../data/pdbbind_processed/1p1q/1p1q_protein_stripped.pdb,4.89,69,6.7217393,6.4671392,6.6837068,7.0174637,6.4044433,6.931889,6.5961194,6.956452,6.5883102,6.7890077,6.7156267
70,3d4z,../data/pdbbind_processed/3d4z/3d4z_ligand.sdf,../data/pdbbind_processed/3d4z/3d4z_protein_stripped.pdb,4.89,70,5.864643,5.4143786,6.442642,5.432968,5.395888,5.148538,5.973016,5.2755685,5.632083,5.017865,5.559759
71,1bzc,../data/pdbbind_processed/1bzc/1bzc_ligand.sdf,../data/pdbbind_processed/1bzc/1bzc_protein_stripped.pdb,4.92,71,6.407353,6.22627,6.594141,6.776027,6.416694,6.647615,6.4842286,6.0601754,6.8191514,6.084798,6.451646
72,1nc3,../data/pdbbind_processed/1nc3/1nc3_ligand.sdf,../data/pdbbind_processed/1nc3/1nc3_protein_stripped.pdb,5.0,72,5.5632553,5.923009,5.7483335,4.296413,5.580598,5.5089393,5.6117506,5.7786655,5.7799973,5.012021,5.480298
73,4agq,../data/pdbbind_processed/4agq/4agq_ligand.sdf,../data/pdbbind_processed/4agq/4agq_protein_stripped.pdb,5.01,73,5.8034177,5.6039433,5.1927414,5.4155884,5.1618605,4.5518613,4.841647,4.8069115,4.566445,5.211916,5.1156335
74,4w9l,../data/pdbbind_processed/4w9l/4w9l_ligand.sdf,../data/pdbbind_processed/4w9l/4w9l_protein_stripped.pdb,5.02,74,6.453427,6.4376154,6.4259233,6.2451186,6.519985,6.4476285,6.1734023,6.204165,6.721048,6.337295,6.3965607
75,2yge,../data/pdbbind_processed/2yge/2yge_ligand.sdf,../data/pdbbind_processed/2yge/2yge_protein_stripped.pdb,5.06,75,6.089442,6.3495417,5.8801947,5.8413186,6.0891128,5.93743,5.954143,5.9495993,6.0113864,6.0509567,6.015313
76,2r9w,../data/pdbbind_processed/2r9w/2r9w_ligand.sdf,../data/pdbbind_processed/2r9w/2r9w_protein_stripped.pdb,5.1,76,4.8178954,4.9046607,4.7307944,4.601494,4.6256247,5.1608152,4.5244026,5.2529116,4.401542,4.409212,4.742935
77,3gy4,../data/pdbbind_processed/3gy4/3gy4_ligand.sdf,../data/pdbbind_processed/3gy4/3gy4_protein_stripped.pdb,5.1,77,4.115355,4.7499557,4.6043897,3.6582892,4.444726,4.4593472,3.8590832,5.061745,3.691112,5.192477,4.3836484
78,3syr,../data/pdbbind_processed/3syr/3syr_ligand.sdf,../data/pdbbind_processed/3syr/3syr_protein_stripped.pdb,5.1,78,5.1753383,5.5099683,5.5171795,5.0744185,5.1757774,5.486548,5.112266,5.3351545,4.8971324,5.774712,5.3058496
79,3zso,../data/pdbbind_processed/3zso/3zso_ligand.sdf,../data/pdbbind_processed/3zso/3zso_protein_stripped.pdb,5.12,79,4.6951947,5.00149,5.1783986,4.680013,4.5147705,4.8393564,4.832039,4.9476304,5.781882,5.2489185,4.9719696
80,2br1,../data/pdbbind_processed/2br1/2br1_ligand.sdf,../data/pdbbind_processed/2br1/2br1_protein_stripped.pdb,5.14,80,6.1697545,6.9418635,6.985225,6.617677,6.209764,6.649846,6.5878453,6.683721,6.442247,6.526914,6.5814857
81,1s38,../data/pdbbind_processed/1s38/1s38_ligand.sdf,../data/pdbbind_processed/1s38/1s38_protein_stripped.pdb,5.15,81,6.2109947,5.0689325,5.9367037,5.509219,5.6949434,6.5275893,5.784357,5.20228,6.065015,6.2146373,5.8214664
82,3b27,../data/pdbbind_processed/3b27/3b27_ligand.sdf,../data/pdbbind_processed/3b27/3b27_protein_stripped.pdb,5.16,82,5.5737658,5.798301,4.839406,5.857366,4.588106,5.5523376,5.0222,5.5389843,5.7398534,6.051265,5.4561586
83,4gkm,../data/pdbbind_processed/4gkm/4gkm_ligand.sdf,../data/pdbbind_processed/4gkm/4gkm_protein_stripped.pdb,5.17,83,4.6141543,5.5900645,5.1073036,4.80443,4.6243954,4.78128,5.082774,5.3853173,5.4380817,4.728053,5.015586
84,4m0z,../data/pdbbind_processed/4m0z/4m0z_ligand.sdf,../data/pdbbind_processed/4m0z/4m0z_protein_stripped.pdb,5.19,84,6.840919,6.321503,6.616954,6.40644,6.039725,6.0439086,6.8236613,6.208233,6.2590165,6.524149,6.408451
85,1w4o,../data/pdbbind_processed/1w4o/1w4o_ligand.sdf,../data/pdbbind_processed/1w4o/1w4o_protein_stripped.pdb,5.22,85,5.0785985,5.06264,5.0642767,5.130828,4.8697066,5.790899,4.950255,4.7208877,5.1230927,5.1192,5.0910387
86,3ueu,../data/pdbbind_processed/3ueu/3ueu_ligand.sdf,../data/pdbbind_processed/3ueu/3ueu_protein_stripped.pdb,5.24,86,5.3474956,5.73813,5.7782626,5.762665,5.2705274,5.670169,5.76795,5.5384655,5.7148447,6.0686774,5.6657186
87,4ih7,../data/pdbbind_processed/4ih7/4ih7_ligand.sdf,../data/pdbbind_processed/4ih7/4ih7_protein_stripped.pdb,5.24,87,5.7145724,6.130879,5.587455,5.9646635,6.285969,6.374751,5.074078,5.991151,4.963855,5.686565,5.7773943
88,4jfs,../data/pdbbind_processed/4jfs/4jfs_ligand.sdf,../data/pdbbind_processed/4jfs/4jfs_protein_stripped.pdb,5.27,88,5.5484834,5.910438,5.7808723,5.45919,6.9265966,6.10796,6.277883,6.0477777,6.054556,5.3804483,5.94942
89,3ozs,../data/pdbbind_processed/3ozs/3ozs_ligand.sdf,../data/pdbbind_processed/3ozs/3ozs_protein_stripped.pdb,5.33,89,6.3214264,6.635857,6.4549017,6.660066,7.2955155,6.442738,6.8097696,6.1127424,6.1776357,6.1249604,6.5035615
90,3bv9,../data/pdbbind_processed/3bv9/3bv9_ligand.sdf,../data/pdbbind_processed/3bv9/3bv9_protein_stripped.pdb,5.36,90,6.28024,6.346592,6.625136,6.270664,6.9876523,5.882307,7.138696,6.2091694,6.91592,5.79628,6.4452653
91,1gpk,../data/pdbbind_processed/1gpk/1gpk_ligand.sdf,../data/pdbbind_processed/1gpk/1gpk_protein_stripped.pdb,5.37,91,5.8064528,5.9894967,6.26084,5.1207285,5.4515367,5.6571307,6.1371818,6.3006372,6.173591,6.4371634,5.9334755
92,1syi,../data/pdbbind_processed/1syi/1syi_ligand.sdf,../data/pdbbind_processed/1syi/1syi_protein_stripped.pdb,5.44,92,6.236132,6.119212,6.16983,5.9240165,5.8281484,6.3635216,6.4623046,6.4631433,6.6022596,6.209198,6.2377768
93,2cbv,../data/pdbbind_processed/2cbv/2cbv_ligand.sdf,../data/pdbbind_processed/2cbv/2cbv_protein_stripped.pdb,5.48,93,5.290354,5.458831,4.2016096,4.4277816,4.7201333,4.891347,4.659021,4.5727787,4.779056,4.8764467,4.787736
94,1ydr,../data/pdbbind_processed/1ydr/1ydr_ligand.sdf,../data/pdbbind_processed/1ydr/1ydr_protein_stripped.pdb,5.52,94,6.1084023,5.8229814,5.936959,6.678581,5.9982047,6.1272435,6.5368705,6.097216,5.4955525,5.756098,6.0558105
95,4de3,../data/pdbbind_processed/4de3/4de3_ligand.sdf,../data/pdbbind_processed/4de3/4de3_protein_stripped.pdb,5.52,95,4.6426125,5.0965924,5.195568,5.3708515,5.1656284,5.245933,4.9221716,5.125763,5.7113705,4.5096426,5.0986137
96,3coz,../data/pdbbind_processed/3coz/3coz_ligand.sdf,../data/pdbbind_processed/3coz/3coz_protein_stripped.pdb,5.57,96,7.388717,7.238449,6.7971582,6.5191,6.778759,6.6546435,7.058915,6.534147,7.169538,7.097427,6.9236846
97,2wca,../data/pdbbind_processed/2wca/2wca_ligand.sdf,../data/pdbbind_processed/2wca/2wca_protein_stripped.pdb,5.6,97,7.3490434,7.552661,6.7467937,7.6567883,7.155153,6.557393,7.408935,6.7005925,6.770961,7.185613,7.108393
98,3u5j,../data/pdbbind_processed/3u5j/3u5j_ligand.sdf,../data/pdbbind_processed/3u5j/3u5j_protein_stripped.pdb,5.61,98,5.461954,5.676656,5.638514,5.4152007,5.750428,5.422912,5.7149196,5.454736,5.316787,5.8110614,5.566317
99,4dli,../data/pdbbind_processed/4dli/4dli_ligand.sdf,../data/pdbbind_processed/4dli/4dli_protein_stripped.pdb,5.62,99,6.9160843,7.0138493,5.729137,6.6459746,6.7781477,5.865435,7.0924273,7.24115,6.656569,6.6647854,6.660356
100,1z9g,../data/pdbbind_processed/1z9g/1z9g_ligand.sdf,../data/pdbbind_processed/1z9g/1z9g_protein_stripped.pdb,5.64,100,5.2153883,6.146065,5.8842635,5.4781685,5.4316845,5.9186773,5.555733,5.356354,6.592447,5.579788,5.715857
101,3arv,../data/pdbbind_processed/3arv/3arv_ligand.sdf,../data/pdbbind_processed/3arv/3arv_protein_stripped.pdb,5.64,101,5.593791,5.4691744,5.3470817,5.75266,6.071183,5.922318,5.7360454,5.7401586,6.0850434,5.5831623,5.730062
102,3n86,../data/pdbbind_processed/3n86/3n86_ligand.sdf,../data/pdbbind_processed/3n86/3n86_protein_stripped.pdb,5.64,102,5.3774037,5.300949,5.677327,4.8725696,5.080347,5.0153027,5.316109,5.1503735,4.7942224,5.2977333,5.188234
103,5c28,../data/pdbbind_processed/5c28/5c28_ligand.sdf,../data/pdbbind_processed/5c28/5c28_protein_stripped.pdb,5.66,103,5.426509,5.8282237,5.528025,5.284599,5.1461945,5.4659433,4.998305,5.2830315,5.379931,5.3525286,5.369329
104,4j28,../data/pdbbind_processed/4j28/4j28_ligand.sdf,../data/pdbbind_processed/4j28/4j28_protein_stripped.pdb,5.7,104,6.7963047,6.884011,6.7822766,7.0828605,5.60992,6.612698,7.1858277,7.1544967,7.134871,6.588086,6.7831354
105,3jvr,../data/pdbbind_processed/3jvr/3jvr_ligand.sdf,../data/pdbbind_processed/3jvr/3jvr_protein_stripped.pdb,5.72,105,6.0397797,6.6755877,6.0428686,7.127372,6.278156,6.5160294,6.265768,6.9137607,6.7768884,6.182794,6.4819007
106,1o5b,../data/pdbbind_processed/1o5b/1o5b_ligand.sdf,../data/pdbbind_processed/1o5b/1o5b_protein_stripped.pdb,5.77,106,6.3947263,6.435643,6.3386083,6.57317,6.2807364,6.3860044,5.918106,6.6793528,6.304559,6.4342575,6.3745165
107,2y5h,../data/pdbbind_processed/2y5h/2y5h_ligand.sdf,../data/pdbbind_processed/2y5h/2y5h_protein_stripped.pdb,5.79,107,6.629207,6.885571,6.594029,6.541933,5.8757057,6.3729854,6.2597594,6.2158327,6.006422,6.8092737,6.419071
108,3qqs,../data/pdbbind_processed/3qqs/3qqs_ligand.sdf,../data/pdbbind_processed/3qqs/3qqs_protein_stripped.pdb,5.82,108,4.7889643,5.063963,5.1787033,5.122307,5.148949,4.979701,5.1522627,5.1545486,5.513986,5.046969,5.1150355
109,3wz8,../data/pdbbind_processed/3wz8/3wz8_ligand.sdf,../data/pdbbind_processed/3wz8/3wz8_protein_stripped.pdb,5.82,109,7.0138555,6.8692226,6.3390565,6.1543555,6.639168,6.1142755,6.500688,6.4853854,6.845129,6.433492,6.539463
110,4dld,../data/pdbbind_processed/4dld/4dld_ligand.sdf,../data/pdbbind_processed/4dld/4dld_protein_stripped.pdb,5.82,110,5.3951554,5.3383074,5.7611675,5.606987,5.9251065,5.7155185,5.9684634,6.0828776,6.0813932,5.8888235,5.77638
111,3ehy,../data/pdbbind_processed/3ehy/3ehy_ligand.sdf,../data/pdbbind_processed/3ehy/3ehy_protein_stripped.pdb,5.85,111,6.1194406,5.9756374,5.2076397,5.7615075,5.753373,6.1318464,5.7838783,6.0354805,5.619015,5.6021376,5.7989955
112,3uev,../data/pdbbind_processed/3uev/3uev_ligand.sdf,../data/pdbbind_processed/3uev/3uev_protein_stripped.pdb,5.89,112,5.524194,6.299471,6.024318,5.821428,5.831981,5.5483556,5.6888967,5.775565,5.940514,5.970806,5.842553
113,3ebp,../data/pdbbind_processed/3ebp/3ebp_ligand.sdf,../data/pdbbind_processed/3ebp/3ebp_protein_stripped.pdb,5.91,113,5.5398073,5.473547,5.833306,5.3976326,5.748401,5.907661,5.7850313,5.8589115,5.8316417,5.9767675,5.7352705
114,1o0h,../data/pdbbind_processed/1o0h/1o0h_ligand.sdf,../data/pdbbind_processed/1o0h/1o0h_protein_stripped.pdb,5.92,114,5.882887,5.9622693,5.986487,5.518237,6.132241,5.9601107,5.371716,6.145764,5.636945,6.1059036,5.8702555
115,1q8u,../data/pdbbind_processed/1q8u/1q8u_ligand.sdf,../data/pdbbind_processed/1q8u/1q8u_protein_stripped.pdb,5.96,115,7.4612412,7.7075176,7.6853924,7.478404,7.443117,7.582363,7.213763,7.469231,7.3885045,6.9092274,7.433876
116,4de1,../data/pdbbind_processed/4de1/4de1_ligand.sdf,../data/pdbbind_processed/4de1/4de1_protein_stripped.pdb,5.96,116,5.5112143,5.3155227,6.106079,5.7910433,6.34266,6.135597,5.737458,5.9875317,5.573946,4.774296,5.7275343
117,4w9i,../data/pdbbind_processed/4w9i/4w9i_ligand.sdf,../data/pdbbind_processed/4w9i/4w9i_protein_stripped.pdb,5.96,117,5.878254,5.73925,6.270538,6.0766964,6.137796,6.1724772,6.1175146,5.598064,6.074627,6.2991495,6.036437
118,3ary,../data/pdbbind_processed/3ary/3ary_ligand.sdf,../data/pdbbind_processed/3ary/3ary_protein_stripped.pdb,6.0,118,5.526425,5.8032627,5.3843417,5.6555333,5.7015247,6.079396,5.558072,5.931247,6.276029,5.2787952,5.7194624
119,3coy,../data/pdbbind_processed/3coy/3coy_ligand.sdf,../data/pdbbind_processed/3coy/3coy_protein_stripped.pdb,6.02,119,6.9742937,7.3319125,6.8798323,6.993983,6.801815,6.7990603,7.034037,6.569157,6.9454274,7.093488,6.9423003
120,3f3c,../data/pdbbind_processed/3f3c/3f3c_ligand.sdf,../data/pdbbind_processed/3f3c/3f3c_protein_stripped.pdb,6.02,120,6.3079457,5.9313545,5.583709,6.246761,5.5548325,5.8151665,5.9174986,5.689169,5.86195,6.6708584,5.957925
121,2fxs,../data/pdbbind_processed/2fxs/2fxs_ligand.sdf,../data/pdbbind_processed/2fxs/2fxs_protein_stripped.pdb,6.06,121,6.0367336,5.4946957,6.1439424,5.6035314,5.9776945,5.688471,5.70983,5.922841,5.338374,6.0251517,5.7941265
122,4kzq,../data/pdbbind_processed/4kzq/4kzq_ligand.sdf,../data/pdbbind_processed/4kzq/4kzq_protein_stripped.pdb,6.1,122,6.7963324,6.5042396,6.7463694,6.184802,6.7217345,6.6447225,6.6984076,6.5393558,6.556137,6.7866178,6.6178718
123,2qnq,../data/pdbbind_processed/2qnq/2qnq_ligand.sdf,../data/pdbbind_processed/2qnq/2qnq_protein_stripped.pdb,6.11,123,6.2576437,6.473249,5.960434,6.19132,6.190733,5.7432218,6.3154006,7.0652347,5.8519745,6.1769257,6.2226133
124,1nc1,../data/pdbbind_processed/1nc1/1nc1_ligand.sdf,../data/pdbbind_processed/1nc1/1nc1_protein_stripped.pdb,6.12,124,5.8626285,5.693133,6.0423326,6.262355,7.2860236,6.5351086,6.498462,5.813735,6.111549,5.3419414,6.144727
125,2wvt,../data/pdbbind_processed/2wvt/2wvt_ligand.sdf,../data/pdbbind_processed/2wvt/2wvt_protein_stripped.pdb,6.12,125,6.1145053,5.822471,5.742007,5.461492,6.039706,6.2338643,5.574265,5.5475492,5.8656316,5.5647254,5.796622
126,1yc1,../data/pdbbind_processed/1yc1/1yc1_ligand.sdf,../data/pdbbind_processed/1yc1/1yc1_protein_stripped.pdb,6.17,126,6.5339127,6.841984,6.51315,6.138331,5.5840454,6.3800216,5.8423996,6.555812,6.280592,6.7269845,6.3397236
127,3bgz,../data/pdbbind_processed/3bgz/3bgz_ligand.sdf,../data/pdbbind_processed/3bgz/3bgz_protein_stripped.pdb,6.26,127,5.449628,5.910001,5.9087205,5.3827467,5.761401,5.3112373,5.3409233,5.9352236,6.239865,5.6766,5.6916347
128,4wiv,../data/pdbbind_processed/4wiv/4wiv_ligand.sdf,../data/pdbbind_processed/4wiv/4wiv_protein_stripped.pdb,6.26,128,6.5881834,6.8195195,6.757447,6.6706643,7.6454067,6.908479,6.3213286,7.0378194,6.639156,6.585288,6.797329
129,3k5v,../data/pdbbind_processed/3k5v/3k5v_ligand.sdf,../data/pdbbind_processed/3k5v/3k5v_protein_stripped.pdb,6.3,129,5.7864594,5.995722,6.2120914,6.7564526,6.216563,6.2674546,6.3390656,6.2694426,6.658112,6.5290856,6.3030453
130,4eor,../data/pdbbind_processed/4eor/4eor_ligand.sdf,../data/pdbbind_processed/4eor/4eor_protein_stripped.pdb,6.3,130,7.5523844,7.9908752,8.041106,7.725183,7.454861,7.684706,7.860187,8.016209,7.927893,7.73937,7.7992783
131,3uew,../data/pdbbind_processed/3uew/3uew_ligand.sdf,../data/pdbbind_processed/3uew/3uew_protein_stripped.pdb,6.31,131,6.0598226,6.2990117,5.910588,6.0328636,6.3508844,5.7882094,6.501439,6.221526,5.8604555,6.08781,6.111261
132,2wnc,../data/pdbbind_processed/2wnc/2wnc_ligand.sdf,../data/pdbbind_processed/2wnc/2wnc_protein_stripped.pdb,6.32,132,7.0159726,6.797914,6.5626245,6.193225,6.6507277,7.280991,6.182091,7.050737,6.5674176,6.4155593,6.6717253
133,2zb1,../data/pdbbind_processed/2zb1/2zb1_ligand.sdf,../data/pdbbind_processed/2zb1/2zb1_protein_stripped.pdb,6.32,133,6.56097,6.865933,6.7288632,6.617965,7.058489,6.604963,6.9047656,6.823604,6.556559,6.211508,6.693362
134,2qbr,../data/pdbbind_processed/2qbr/2qbr_ligand.sdf,../data/pdbbind_processed/2qbr/2qbr_protein_stripped.pdb,6.33,134,6.417703,6.1887655,6.0088806,5.8200192,6.1296673,6.4676294,6.134492,6.3664536,6.531088,6.039513,6.210421
135,3arq,../data/pdbbind_processed/3arq/3arq_ligand.sdf,../data/pdbbind_processed/3arq/3arq_protein_stripped.pdb,6.4,135,5.5821176,6.8010845,6.741538,5.51059,5.7895823,6.156671,6.4565854,5.1848397,6.1215014,6.2200694,6.056458
136,2j78,../data/pdbbind_processed/2j78/2j78_ligand.sdf,../data/pdbbind_processed/2j78/2j78_protein_stripped.pdb,6.42,136,4.8236012,5.4629216,5.13644,5.4682517,5.404921,4.8239374,4.835108,5.108221,4.843366,4.6522,5.0558963
137,4ea2,../data/pdbbind_processed/4ea2/4ea2_ligand.sdf,../data/pdbbind_processed/4ea2/4ea2_protein_stripped.pdb,6.44,137,5.5974665,6.5520625,5.986042,6.396958,6.3916783,6.339227,6.38488,6.361776,6.3472633,6.149387,6.250674
138,1r5y,../data/pdbbind_processed/1r5y/1r5y_ligand.sdf,../data/pdbbind_processed/1r5y/1r5y_protein_stripped.pdb,6.46,138,5.9938936,5.8109503,6.22849,5.9836655,5.935069,6.176187,5.979438,5.9937463,6.7404423,6.3663087,6.120819
139,4m0y,../data/pdbbind_processed/4m0y/4m0y_ligand.sdf,../data/pdbbind_processed/4m0y/4m0y_protein_stripped.pdb,6.46,139,5.1593366,6.0853825,6.419545,5.559957,6.2115483,5.734858,5.608305,6.348428,5.4984326,5.980416,5.8606205
140,1gpn,../data/pdbbind_processed/1gpn/1gpn_ligand.sdf,../data/pdbbind_processed/1gpn/1gpn_protein_stripped.pdb,6.48,140,5.775904,6.1633773,6.157559,6.2203755,5.924948,5.1939273,5.9582715,6.546847,6.0082026,5.9568324,5.9906244
141,2weg,../data/pdbbind_processed/2weg/2weg_ligand.sdf,../data/pdbbind_processed/2weg/2weg_protein_stripped.pdb,6.5,141,6.4236217,6.149324,6.1616282,5.914595,6.687629,6.7545495,5.8522234,6.055827,6.7461295,6.1541576,6.289968
142,4kzu,../data/pdbbind_processed/4kzu/4kzu_ligand.sdf,../data/pdbbind_processed/4kzu/4kzu_protein_stripped.pdb,6.5,142,6.9872127,6.7904663,6.686418,6.668988,6.6028147,6.8525553,6.7158403,6.824737,6.7587495,6.9691305,6.7856913
143,4mme,../data/pdbbind_processed/4mme/4mme_ligand.sdf,../data/pdbbind_processed/4mme/4mme_protein_stripped.pdb,6.5,143,6.6113133,5.972332,6.5055833,6.451156,6.2072926,6.7425027,6.250533,6.6298885,6.366219,6.340036,6.4076858
144,3cj4,../data/pdbbind_processed/3cj4/3cj4_ligand.sdf,../data/pdbbind_processed/3cj4/3cj4_protein_stripped.pdb,6.51,144,6.0424953,5.9798303,5.7027903,5.9128847,6.118063,5.1659827,6.138009,5.3924894,5.8898854,6.1478195,5.849025
145,3uo4,../data/pdbbind_processed/3uo4/3uo4_ligand.sdf,../data/pdbbind_processed/3uo4/3uo4_protein_stripped.pdb,6.52,145,7.0959387,7.366195,7.534695,7.449828,7.391564,7.3441067,7.1918902,6.956148,7.600503,7.1987624,7.312963
146,3wtj,../data/pdbbind_processed/3wtj/3wtj_ligand.sdf,../data/pdbbind_processed/3wtj/3wtj_protein_stripped.pdb,6.53,146,7.10075,6.779919,7.1154203,6.783238,6.710898,7.2713404,6.9015183,6.992462,7.353835,6.9301276,6.9939513
147,3jvs,../data/pdbbind_processed/3jvs/3jvs_ligand.sdf,../data/pdbbind_processed/3jvs/3jvs_protein_stripped.pdb,6.54,147,5.465229,5.8385158,5.611391,6.1286907,6.878252,6.07709,6.5563426,5.6719484,6.1562486,6.231088,6.0614796
148,1k1i,../data/pdbbind_processed/1k1i/1k1i_ligand.sdf,../data/pdbbind_processed/1k1i/1k1i_protein_stripped.pdb,6.58,148,5.785296,6.0864706,5.824861,6.117746,5.9598966,6.184867,6.1170607,6.1849575,6.0562034,5.7516546,6.0069013
149,2yfe,../data/pdbbind_processed/2yfe/2yfe_ligand.sdf,../data/pdbbind_processed/2yfe/2yfe_protein_stripped.pdb,6.63,149,7.5233145,7.014503,6.9318795,6.913969,7.3465295,7.1434617,7.04414,7.452958,6.630915,6.8403683,7.084204
150,4k77,../data/pdbbind_processed/4k77/4k77_ligand.sdf,../data/pdbbind_processed/4k77/4k77_protein_stripped.pdb,6.63,150,7.345509,6.565856,6.9487514,6.769821,6.8406973,6.5683208,6.547543,7.528972,7.140008,7.114886,6.937036
151,2xj7,../data/pdbbind_processed/2xj7/2xj7_ligand.sdf,../data/pdbbind_processed/2xj7/2xj7_protein_stripped.pdb,6.66,151,5.7761254,6.168652,5.017311,4.8274684,5.5558877,5.438714,5.5277996,5.0286374,6.0170503,5.139483,5.449713
152,2iwx,../data/pdbbind_processed/2iwx/2iwx_ligand.sdf,../data/pdbbind_processed/2iwx/2iwx_protein_stripped.pdb,6.68,152,6.3487854,6.4087467,6.3929796,6.243728,6.4253216,6.367772,6.304147,6.329633,6.2395687,6.2953596,6.3356047
153,4f09,../data/pdbbind_processed/4f09/4f09_ligand.sdf,../data/pdbbind_processed/4f09/4f09_protein_stripped.pdb,6.7,153,6.462081,7.12408,6.6469646,6.8013573,6.728789,6.9461417,6.784354,6.976813,7.0195084,7.002155,6.849224
154,4djv,../data/pdbbind_processed/4djv/4djv_ligand.sdf,../data/pdbbind_processed/4djv/4djv_protein_stripped.pdb,6.72,154,6.84102,6.6465406,6.6721697,6.6367655,6.85908,6.6502085,6.6488976,6.3928447,7.185235,6.733746,6.726651
155,4w9h,../data/pdbbind_processed/4w9h/4w9h_ligand.sdf,../data/pdbbind_processed/4w9h/4w9h_protein_stripped.pdb,6.73,155,6.4378357,6.364599,6.29944,6.464638,6.720441,6.54353,6.0098,6.264841,6.411334,6.238089,6.375455
156,4ogj,../data/pdbbind_processed/4ogj/4ogj_ligand.sdf,../data/pdbbind_processed/4ogj/4ogj_protein_stripped.pdb,6.79,156,6.341297,6.9465303,6.944416,6.7242303,7.003399,6.5803514,6.697456,6.824277,6.7845945,6.8328032,6.7679353
157,1p1n,../data/pdbbind_processed/1p1n/1p1n_ligand.sdf,../data/pdbbind_processed/1p1n/1p1n_protein_stripped.pdb,6.8,157,7.1615806,7.0419583,7.309606,6.7370954,6.2724795,6.5154886,6.003026,6.05503,6.8954587,6.95563,6.694735
158,3dx2,../data/pdbbind_processed/3dx2/3dx2_ligand.sdf,../data/pdbbind_processed/3dx2/3dx2_protein_stripped.pdb,6.82,158,6.9298096,7.3772697,6.5980973,7.1992764,7.045745,6.9087086,7.569623,7.151445,7.2810755,7.2453017,7.1306353
159,2xnb,../data/pdbbind_processed/2xnb/2xnb_ligand.sdf,../data/pdbbind_processed/2xnb/2xnb_protein_stripped.pdb,6.83,159,6.780328,7.228914,7.4638896,7.2851596,6.937034,6.7980204,6.9882894,7.1175203,7.3751693,7.332776,7.1307096
160,3n76,../data/pdbbind_processed/3n76/3n76_ligand.sdf,../data/pdbbind_processed/3n76/3n76_protein_stripped.pdb,6.85,160,6.1884484,5.9468966,5.932224,6.30789,6.627884,5.8544493,5.3463693,6.4581714,5.6201873,5.556006,5.983853
161,3pyy,../data/pdbbind_processed/3pyy/3pyy_ligand.sdf,../data/pdbbind_processed/3pyy/3pyy_protein_stripped.pdb,6.86,161,7.218986,6.5555024,6.2820444,6.542046,6.799592,6.4783144,7.026496,6.8614516,6.298634,6.655977,6.671904
162,2zcr,../data/pdbbind_processed/2zcr/2zcr_ligand.sdf,../data/pdbbind_processed/2zcr/2zcr_protein_stripped.pdb,6.87,162,7.463862,7.5653543,7.4885273,7.115634,7.484087,7.0411015,6.693429,6.5352874,7.6072087,7.2057133,7.2200193
163,3oe5,../data/pdbbind_processed/3oe5/3oe5_ligand.sdf,../data/pdbbind_processed/3oe5/3oe5_protein_stripped.pdb,6.88,163,6.1975803,6.0680037,5.6598024,6.425946,7.601859,5.941058,6.6057863,6.27297,6.5440288,6.0380535,6.3355093
164,3jya,../data/pdbbind_processed/3jya/3jya_ligand.sdf,../data/pdbbind_processed/3jya/3jya_protein_stripped.pdb,6.89,164,5.6723285,5.893832,4.9670873,6.403714,5.874965,6.001799,6.0329947,5.6126614,6.1942997,6.0160136,5.866969
165,3gbb,../data/pdbbind_processed/3gbb/3gbb_ligand.sdf,../data/pdbbind_processed/3gbb/3gbb_protein_stripped.pdb,6.9,165,6.8393855,6.6858115,7.1038256,6.610316,6.9967847,6.520204,6.5432096,6.9343452,6.67197,6.949559,6.7855406
166,3uex,../data/pdbbind_processed/3uex/3uex_ligand.sdf,../data/pdbbind_processed/3uex/3uex_protein_stripped.pdb,6.92,166,6.0944047,6.27683,5.905342,5.930291,6.2770205,6.213036,6.0279536,6.143678,6.0086784,6.3793097,6.125654
167,4f9w,../data/pdbbind_processed/4f9w/4f9w_ligand.sdf,../data/pdbbind_processed/4f9w/4f9w_protein_stripped.pdb,6.94,167,7.090489,7.0625567,6.941157,7.3380246,6.965102,6.878433,7.6005554,7.0547996,7.4195795,7.099036,7.144973
168,2wer,../data/pdbbind_processed/2wer/2wer_ligand.sdf,../data/pdbbind_processed/2wer/2wer_protein_stripped.pdb,7.05,168,7.1143994,6.5652065,6.960193,7.408311,7.1690145,7.480151,7.2261024,7.505411,6.240114,7.2135406,7.088244
169,1lpg,../data/pdbbind_processed/1lpg/1lpg_ligand.sdf,../data/pdbbind_processed/1lpg/1lpg_protein_stripped.pdb,7.09,169,6.857381,6.889535,7.373867,6.954289,7.1624336,6.89285,7.391527,7.2192054,7.313842,6.548924,7.060385
170,3zdg,../data/pdbbind_processed/3zdg/3zdg_ligand.sdf,../data/pdbbind_processed/3zdg/3zdg_protein_stripped.pdb,7.1,170,4.6010795,4.973995,4.365645,4.4307466,3.994081,5.01717,4.3828583,4.718632,4.7099457,4.076248,4.52704
171,1z95,../data/pdbbind_processed/1z95/1z95_ligand.sdf,../data/pdbbind_processed/1z95/1z95_protein_stripped.pdb,7.12,171,7.771488,7.2118335,7.1606755,8.069455,7.2453465,6.960113,7.629463,8.017436,7.758004,7.925234,7.5749044
172,1pxn,../data/pdbbind_processed/1pxn/1pxn_ligand.sdf,../data/pdbbind_processed/1pxn/1pxn_protein_stripped.pdb,7.15,172,6.963572,7.2016172,7.1013064,6.4881606,6.852634,7.003307,7.368604,6.962722,7.717822,6.918994,7.057874
173,3arp,../data/pdbbind_processed/3arp/3arp_ligand.sdf,../data/pdbbind_processed/3arp/3arp_protein_stripped.pdb,7.15,173,6.630865,6.678947,6.0695715,6.3262906,6.501517,6.094456,6.873941,6.8228545,6.908271,7.134307,6.6041017
174,3f3d,../data/pdbbind_processed/3f3d/3f3d_ligand.sdf,../data/pdbbind_processed/3f3d/3f3d_protein_stripped.pdb,7.16,174,5.152234,5.538622,5.3370204,5.4519153,5.5004025,5.8558416,5.053638,5.5812173,5.6323547,5.694655,5.4797907
175,3tsk,../data/pdbbind_processed/3tsk/3tsk_ligand.sdf,../data/pdbbind_processed/3tsk/3tsk_protein_stripped.pdb,7.17,175,7.5034237,7.740229,7.271256,7.629956,7.6070766,7.68413,7.465199,7.8879585,7.742375,7.805673,7.633727
176,2j7h,../data/pdbbind_processed/2j7h/2j7h_ligand.sdf,../data/pdbbind_processed/2j7h/2j7h_protein_stripped.pdb,7.19,176,6.997434,6.183892,6.8259506,6.735067,7.0501246,6.508937,6.9604926,6.9814367,6.931522,6.908136,6.808299
177,2xii,../data/pdbbind_processed/2xii/2xii_ligand.sdf,../data/pdbbind_processed/2xii/2xii_protein_stripped.pdb,7.2,177,8.921694,9.364018,9.594804,9.229104,8.354786,8.170109,9.203787,8.950045,8.334479,8.687128,8.880995
178,4cra,../data/pdbbind_processed/4cra/4cra_ligand.sdf,../data/pdbbind_processed/4cra/4cra_protein_stripped.pdb,7.22,178,7.039572,6.1607175,7.011625,6.3857493,6.877563,6.215229,6.670125,6.6723533,6.721047,6.50183,6.625581
179,4gfm,../data/pdbbind_processed/4gfm/4gfm_ligand.sdf,../data/pdbbind_processed/4gfm/4gfm_protein_stripped.pdb,7.22,179,5.099712,5.2918644,5.7010083,5.5346394,6.230722,5.854772,5.910002,5.7475076,6.215894,5.386765,5.697289
180,1oyt,../data/pdbbind_processed/1oyt/1oyt_ligand.sdf,../data/pdbbind_processed/1oyt/1oyt_protein_stripped.pdb,7.24,180,7.3054,7.28508,7.1987195,7.188684,7.426483,7.3054805,7.5613523,7.2632723,7.4035892,7.6518154,7.3589873
181,3gc5,../data/pdbbind_processed/3gc5/3gc5_ligand.sdf,../data/pdbbind_processed/3gc5/3gc5_protein_stripped.pdb,7.26,181,7.1276546,6.669929,6.5748825,7.3098416,7.304272,7.1393237,7.567482,7.554465,7.5446863,7.111952,7.1904497
182,3p5o,../data/pdbbind_processed/3p5o/3p5o_ligand.sdf,../data/pdbbind_processed/3p5o/3p5o_protein_stripped.pdb,7.26,182,6.78128,7.0225534,6.698909,6.3312035,6.7927504,6.894138,6.652809,7.2096367,6.672934,6.6860394,6.7742257
183,2vvn,../data/pdbbind_processed/2vvn/2vvn_ligand.sdf,../data/pdbbind_processed/2vvn/2vvn_protein_stripped.pdb,7.3,183,7.6308236,7.5854993,7.780447,8.033801,7.376508,7.66974,7.631689,7.0092316,7.481427,7.4217987,7.5620966
184,1qf1,../data/pdbbind_processed/1qf1/1qf1_ligand.sdf,../data/pdbbind_processed/1qf1/1qf1_protein_stripped.pdb,7.32,184,6.7797174,7.4901867,6.533069,6.284501,6.8673472,6.664711,6.827413,6.8504367,7.414295,6.492439,6.8204117
185,1ydt,../data/pdbbind_processed/1ydt/1ydt_ligand.sdf,../data/pdbbind_processed/1ydt/1ydt_protein_stripped.pdb,7.32,185,6.5188246,6.3539886,6.5062704,6.5035796,6.4617267,6.0648217,6.3894887,6.3992105,6.1374426,6.5725985,6.3907957
186,3pww,../data/pdbbind_processed/3pww/3pww_ligand.sdf,../data/pdbbind_processed/3pww/3pww_protein_stripped.pdb,7.32,186,8.092298,7.593582,8.403258,7.793019,8.053597,7.999455,8.171148,8.319797,8.273817,7.7733364,8.047331
187,1owh,../data/pdbbind_processed/1owh/1owh_ligand.sdf,../data/pdbbind_processed/1owh/1owh_protein_stripped.pdb,7.4,187,7.019108,6.9930305,7.2740283,7.0797725,6.833276,6.8721805,7.3791857,6.8253627,7.291451,6.8724504,7.0439844
188,2zy1,../data/pdbbind_processed/2zy1/2zy1_ligand.sdf,../data/pdbbind_processed/2zy1/2zy1_protein_stripped.pdb,7.4,188,6.0559173,6.0610538,5.5091887,6.330614,6.6178756,5.345929,6.0303698,5.656893,6.1790786,6.9834986,6.0770416
189,3up2,../data/pdbbind_processed/3up2/3up2_ligand.sdf,../data/pdbbind_processed/3up2/3up2_protein_stripped.pdb,7.4,189,7.3720574,7.043313,7.7366548,7.0976686,7.5499706,7.223927,7.511434,6.8636107,7.0585833,7.110832,7.2568054
190,4j21,../data/pdbbind_processed/4j21/4j21_ligand.sdf,../data/pdbbind_processed/4j21/4j21_protein_stripped.pdb,7.41,190,7.3722425,6.700539,7.5757127,7.538317,7.1459465,7.272283,6.799651,7.1220894,7.5481677,7.263981,7.233893
191,2xys,../data/pdbbind_processed/2xys/2xys_ligand.sdf,../data/pdbbind_processed/2xys/2xys_protein_stripped.pdb,7.42,191,7.0685267,6.860921,6.1088676,7.1165824,6.884575,6.217063,7.201619,6.1654077,6.136767,6.350679,6.6111016
192,2qbq,../data/pdbbind_processed/2qbq/2qbq_ligand.sdf,../data/pdbbind_processed/2qbq/2qbq_protein_stripped.pdb,7.44,192,6.845737,6.74543,7.11967,6.361895,6.4901433,6.980315,6.690366,6.5676336,6.5457706,6.9124455,6.7259407
193,3oe4,../data/pdbbind_processed/3oe4/3oe4_ligand.sdf,../data/pdbbind_processed/3oe4/3oe4_protein_stripped.pdb,7.47,193,6.0633864,6.130969,6.144198,6.448918,6.7202106,5.4353633,6.815169,6.2605033,5.578604,6.485716,6.208304
194,3rlr,../data/pdbbind_processed/3rlr/3rlr_ligand.sdf,../data/pdbbind_processed/3rlr/3rlr_protein_stripped.pdb,7.52,194,6.9777713,7.11681,7.337334,7.459212,7.5537443,7.322987,7.3139477,7.759239,7.7092433,7.120402,7.3670683
195,2xb8,../data/pdbbind_processed/2xb8/2xb8_ligand.sdf,../data/pdbbind_processed/2xb8/2xb8_protein_stripped.pdb,7.59,195,6.877739,6.7117,6.6127386,6.5677247,6.649835,6.40392,5.9628677,6.496483,6.402007,6.997828,6.5682845
196,2c3i,../data/pdbbind_processed/2c3i/2c3i_ligand.sdf,../data/pdbbind_processed/2c3i/2c3i_protein_stripped.pdb,7.6,196,6.4295506,6.5990396,6.4838867,6.6216674,7.531989,6.8244524,6.303862,6.910525,6.628501,6.1565638,6.6490045
197,4e5w,../data/pdbbind_processed/4e5w/4e5w_ligand.sdf,../data/pdbbind_processed/4e5w/4e5w_protein_stripped.pdb,7.66,197,8.032644,8.044884,8.0606365,7.811931,7.080776,7.549615,7.8348913,7.832484,8.002196,7.616608,7.786667
198,3f3e,../data/pdbbind_processed/3f3e/3f3e_ligand.sdf,../data/pdbbind_processed/3f3e/3f3e_protein_stripped.pdb,7.7,198,7.531287,7.3887925,7.571593,7.0167055,7.157325,7.4034333,7.156391,7.245464,7.3437805,7.3199377,7.3134713
199,1u1b,../data/pdbbind_processed/1u1b/1u1b_ligand.sdf,../data/pdbbind_processed/1u1b/1u1b_protein_stripped.pdb,7.8,199,7.421257,7.136197,7.2531977,7.0345635,6.9120936,7.4357147,7.170577,7.5558047,7.4161396,7.2503986,7.2585945
200,3qgy,../data/pdbbind_processed/3qgy/3qgy_ligand.sdf,../data/pdbbind_processed/3qgy/3qgy_protein_stripped.pdb,7.8,200,6.1670322,6.8279157,7.3147106,7.450596,6.21134,6.794033,7.1229153,6.9314175,7.187497,6.6229553,6.863042
201,3ryj,../data/pdbbind_processed/3ryj/3ryj_ligand.sdf,../data/pdbbind_processed/3ryj/3ryj_protein_stripped.pdb,7.8,201,7.5602717,7.8066163,7.250687,7.616335,7.8296027,7.4457874,7.9876385,8.149805,7.735557,7.654997,7.70373
202,4j3l,../data/pdbbind_processed/4j3l/4j3l_ligand.sdf,../data/pdbbind_processed/4j3l/4j3l_protein_stripped.pdb,7.8,202,7.5024166,7.645873,7.669694,7.469703,7.2193513,7.4782877,7.5945964,7.5227437,7.4862847,7.9402075,7.552916
203,3prs,../data/pdbbind_processed/3prs/3prs_ligand.sdf,../data/pdbbind_processed/3prs/3prs_protein_stripped.pdb,7.82,203,8.977519,9.48223,8.844529,8.77036,8.720968,8.659755,8.14642,8.640268,8.575081,9.218014,8.8035145
204,4pcs,../data/pdbbind_processed/4pcs/4pcs_ligand.sdf,../data/pdbbind_processed/4pcs/4pcs_protein_stripped.pdb,7.85,204,7.143988,6.4313035,6.4541845,6.4317107,6.5744476,7.12853,6.928605,6.9899435,6.6351557,6.3816357,6.7099504
205,4hge,../data/pdbbind_processed/4hge/4hge_ligand.sdf,../data/pdbbind_processed/4hge/4hge_protein_stripped.pdb,7.92,205,8.33865,7.7985578,6.897655,7.8375278,6.8159165,6.78107,7.464496,6.8396773,7.7191625,6.9372888,7.343
206,1g2k,../data/pdbbind_processed/1g2k/1g2k_ligand.sdf,../data/pdbbind_processed/1g2k/1g2k_protein_stripped.pdb,7.96,206,8.063901,7.3671155,7.3786674,7.8892736,7.8647685,7.9598308,7.6768985,8.053623,7.4735723,8.112365,7.784002
207,1o3f,../data/pdbbind_processed/1o3f/1o3f_ligand.sdf,../data/pdbbind_processed/1o3f/1o3f_protein_stripped.pdb,7.96,207,8.068466,8.013346,7.911063,7.976036,7.960677,7.770802,7.9747434,7.73281,8.149788,7.824209,7.9381943
208,2qe4,../data/pdbbind_processed/2qe4/2qe4_ligand.sdf,../data/pdbbind_processed/2qe4/2qe4_protein_stripped.pdb,7.96,208,8.693397,8.605097,8.759598,8.532141,9.275857,8.17852,8.253109,8.353781,8.729959,8.942295,8.632375
209,3uuo,../data/pdbbind_processed/3uuo/3uuo_ligand.sdf,../data/pdbbind_processed/3uuo/3uuo_protein_stripped.pdb,7.96,209,6.1208615,7.49813,7.8965383,6.325877,6.988373,7.2281737,7.0370107,6.605781,6.5912395,7.088805,6.938079
210,3e92,../data/pdbbind_processed/3e92/3e92_ligand.sdf,../data/pdbbind_processed/3e92/3e92_protein_stripped.pdb,8.0,210,7.5966387,7.391546,8.173318,7.344347,8.276933,7.737464,7.728074,7.6971436,7.7013664,7.320608,7.6967444
211,3fur,../data/pdbbind_processed/3fur/3fur_ligand.sdf,../data/pdbbind_processed/3fur/3fur_protein_stripped.pdb,8.0,211,6.5975575,7.041882,6.755831,7.150071,6.9750443,6.1269803,6.6387014,6.9809766,6.969689,6.2908235,6.7527556
212,2cet,../data/pdbbind_processed/2cet/2cet_ligand.sdf,../data/pdbbind_processed/2cet/2cet_protein_stripped.pdb,8.02,212,8.955605,8.3019,8.654616,9.344074,8.714498,9.029155,8.908293,9.150166,8.471532,8.363299,8.789313
213,5tmn,../data/pdbbind_processed/5tmn/5tmn_ligand.sdf,../data/pdbbind_processed/5tmn/5tmn_protein_stripped.pdb,8.04,213,6.1215086,6.4690795,6.103255,6.3632083,6.1720066,6.177265,6.1269608,6.177649,5.9276495,6.5866356,6.222522
214,3ag9,../data/pdbbind_processed/3ag9/3ag9_ligand.sdf,../data/pdbbind_processed/3ag9/3ag9_protein_stripped.pdb,8.05,214,6.526475,5.888644,5.7097483,5.959884,6.1980667,6.5464005,6.8687515,5.903606,7.1647453,6.293938,6.306026
215,3kr8,../data/pdbbind_processed/3kr8/3kr8_ligand.sdf,../data/pdbbind_processed/3kr8/3kr8_protein_stripped.pdb,8.1,215,7.7422514,7.872303,7.4987745,8.19884,7.8648667,7.694885,7.4095697,7.6904016,8.05232,7.709426,7.773364
216,3nx7,../data/pdbbind_processed/3nx7/3nx7_ligand.sdf,../data/pdbbind_processed/3nx7/3nx7_protein_stripped.pdb,8.1,216,8.063794,8.16414,8.077544,7.857955,8.131342,8.046827,8.034933,7.9408655,8.1476345,7.9994693,8.046451
217,3fv2,../data/pdbbind_processed/3fv2/3fv2_ligand.sdf,../data/pdbbind_processed/3fv2/3fv2_protein_stripped.pdb,8.11,217,8.285247,8.220108,8.403606,8.035029,8.143657,8.02306,7.8683295,8.305818,8.0362215,8.424096,8.174518
218,4eo8,../data/pdbbind_processed/4eo8/4eo8_ligand.sdf,../data/pdbbind_processed/4eo8/4eo8_protein_stripped.pdb,8.15,218,8.258845,8.388261,8.339474,8.12194,7.9757147,7.6107864,8.295145,8.244916,8.581929,8.217734,8.203475
219,3e5a,../data/pdbbind_processed/3e5a/3e5a_ligand.sdf,../data/pdbbind_processed/3e5a/3e5a_protein_stripped.pdb,8.23,219,7.859445,7.8945265,7.88672,7.9079037,7.7008114,8.093425,7.9164762,8.233716,7.645151,8.07221,7.9210386
220,1nvq,../data/pdbbind_processed/1nvq/1nvq_ligand.sdf,../data/pdbbind_processed/1nvq/1nvq_protein_stripped.pdb,8.25,220,8.020057,8.350685,7.9499826,7.82224,8.207076,7.833408,8.005292,7.928098,8.227181,8.146372,8.049039
221,2v7a,../data/pdbbind_processed/2v7a/2v7a_ligand.sdf,../data/pdbbind_processed/2v7a/2v7a_protein_stripped.pdb,8.3,221,7.6481175,7.374215,7.2089243,7.4147587,7.4087706,7.2929826,7.3205395,7.0772963,7.2304225,7.1927705,7.31688
222,4x6p,../data/pdbbind_processed/4x6p/4x6p_ligand.sdf,../data/pdbbind_processed/4x6p/4x6p_protein_stripped.pdb,8.3,222,8.20531,8.277196,8.427314,8.327806,8.2753935,8.290417,7.947235,7.973349,8.368167,8.42275,8.251493
223,1h23,../data/pdbbind_processed/1h23/1h23_ligand.sdf,../data/pdbbind_processed/1h23/1h23_protein_stripped.pdb,8.35,223,5.6600056,7.23608,6.413146,6.5261555,6.7221346,6.885401,6.5034204,6.216164,7.0567775,6.6649723,6.588426
224,4e6q,../data/pdbbind_processed/4e6q/4e6q_ligand.sdf,../data/pdbbind_processed/4e6q/4e6q_protein_stripped.pdb,8.36,224,7.811859,8.002139,7.963184,7.2962904,7.740355,7.837763,7.8905673,7.889687,8.227051,8.182802,7.884169
225,2al5,../data/pdbbind_processed/2al5/2al5_ligand.sdf,../data/pdbbind_processed/2al5/2al5_protein_stripped.pdb,8.4,225,7.839636,7.775821,7.4175196,7.6636124,7.5916243,7.578442,7.4243436,7.6277485,7.6358404,7.351286,7.5905876
226,2qbp,../data/pdbbind_processed/2qbp/2qbp_ligand.sdf,../data/pdbbind_processed/2qbp/2qbp_protein_stripped.pdb,8.4,226,8.271335,8.342723,8.362221,7.5920596,8.183078,7.933387,8.293532,7.8939633,8.454814,8.326102,8.165321
227,2zda,../data/pdbbind_processed/2zda/2zda_ligand.sdf,../data/pdbbind_processed/2zda/2zda_protein_stripped.pdb,8.4,227,8.302906,8.294387,8.149856,8.8379,8.965151,8.8014555,9.145004,8.641605,8.810992,8.687294,8.663655
228,3b68,../data/pdbbind_processed/3b68/3b68_ligand.sdf,../data/pdbbind_processed/3b68/3b68_protein_stripped.pdb,8.4,228,7.8508015,7.3889446,8.078389,7.696112,7.1954117,8.248885,7.9492373,8.13401,7.705961,8.241915,7.848966
229,2xbv,../data/pdbbind_processed/2xbv/2xbv_ligand.sdf,../data/pdbbind_processed/2xbv/2xbv_protein_stripped.pdb,8.43,229,7.9430003,8.127585,8.446201,7.9437237,7.7273135,7.825828,7.674681,7.838253,7.732698,7.995697,7.925498
230,3b1m,../data/pdbbind_processed/3b1m/3b1m_ligand.sdf,../data/pdbbind_processed/3b1m/3b1m_protein_stripped.pdb,8.48,230,7.643103,8.024649,7.9987097,7.7868767,7.646501,8.015124,7.925206,7.8889866,8.183476,7.5958476,7.870848
231,2fvd,../data/pdbbind_processed/2fvd/2fvd_ligand.sdf,../data/pdbbind_processed/2fvd/2fvd_protein_stripped.pdb,8.52,231,7.106144,6.441775,7.6602864,7.514497,7.220933,7.441249,7.532864,7.232174,7.1525764,6.7208943,7.202339
232,2vw5,../data/pdbbind_processed/2vw5/2vw5_ligand.sdf,../data/pdbbind_processed/2vw5/2vw5_protein_stripped.pdb,8.52,232,6.192293,6.4239454,6.226542,6.068254,5.8375072,6.692389,6.382038,6.371185,6.1588655,6.3214417,6.2674465
233,2wn9,../data/pdbbind_processed/2wn9/2wn9_ligand.sdf,../data/pdbbind_processed/2wn9/2wn9_protein_stripped.pdb,8.52,233,6.9073524,6.874189,6.4993505,6.729475,6.698904,6.8872485,6.248466,6.476271,6.433234,6.232932,6.5987425
234,3ejr,../data/pdbbind_processed/3ejr/3ejr_ligand.sdf,../data/pdbbind_processed/3ejr/3ejr_protein_stripped.pdb,8.57,234,7.8111224,7.6609817,7.590936,8.031445,7.982025,7.81553,7.4310956,7.341203,7.934447,8.081043,7.7679825
235,4qd6,../data/pdbbind_processed/4qd6/4qd6_ligand.sdf,../data/pdbbind_processed/4qd6/4qd6_protein_stripped.pdb,8.64,235,6.805638,6.9246883,6.678994,7.616399,6.3188915,7.1782074,6.4332156,6.472985,6.3649917,6.9845157,6.7778525
236,3u8k,../data/pdbbind_processed/3u8k/3u8k_ligand.sdf,../data/pdbbind_processed/3u8k/3u8k_protein_stripped.pdb,8.66,236,6.795799,6.8284874,7.5225296,6.9283886,6.759267,7.484181,6.4995227,7.475982,7.091963,7.4189715,7.080509
237,3ge7,../data/pdbbind_processed/3ge7/3ge7_ligand.sdf,../data/pdbbind_processed/3ge7/3ge7_protein_stripped.pdb,8.7,237,8.120431,7.5513163,7.7986107,7.2849193,7.526891,7.365889,8.132555,8.142815,7.3509426,7.932652,7.720703
238,4crc,../data/pdbbind_processed/4crc/4crc_ligand.sdf,../data/pdbbind_processed/4crc/4crc_protein_stripped.pdb,8.72,238,8.360856,8.390263,8.450475,8.118077,8.903997,8.024566,8.037159,8.189057,7.8056045,8.428876,8.270893
239,4ivb,../data/pdbbind_processed/4ivb/4ivb_ligand.sdf,../data/pdbbind_processed/4ivb/4ivb_protein_stripped.pdb,8.72,239,8.049932,7.9814897,8.715025,8.034042,8.275819,7.9857903,8.312231,8.149885,7.9199452,8.164443,8.15886
240,2vkm,../data/pdbbind_processed/2vkm/2vkm_ligand.sdf,../data/pdbbind_processed/2vkm/2vkm_protein_stripped.pdb,8.74,240,6.9729886,7.1089225,7.0153847,7.664122,7.081683,6.427235,7.028718,7.047514,7.41558,6.776228,7.053838
241,2wtv,../data/pdbbind_processed/2wtv/2wtv_ligand.sdf,../data/pdbbind_processed/2wtv/2wtv_protein_stripped.pdb,8.74,241,7.7136083,7.232894,7.3663144,8.381678,7.643298,7.678505,8.033615,7.7734838,7.686853,7.64741,7.7157655
242,3b5r,../data/pdbbind_processed/3b5r/3b5r_ligand.sdf,../data/pdbbind_processed/3b5r/3b5r_protein_stripped.pdb,8.77,242,8.503918,8.511966,8.541066,8.656668,8.573366,8.605538,8.533812,8.362181,8.702519,8.312938,8.530397
243,2zcq,../data/pdbbind_processed/2zcq/2zcq_ligand.sdf,../data/pdbbind_processed/2zcq/2zcq_protein_stripped.pdb,8.82,243,6.275151,6.7895722,6.705964,7.0434256,7.255368,6.3041487,6.5927296,6.3920827,6.7018447,6.6862345,6.674652
244,3e93,../data/pdbbind_processed/3e93/3e93_ligand.sdf,../data/pdbbind_processed/3e93/3e93_protein_stripped.pdb,8.85,244,7.361817,7.7186027,7.400921,7.739455,7.6279645,7.786968,6.792987,8.055284,8.283946,7.261518,7.6029463
245,4k18,../data/pdbbind_processed/4k18/4k18_ligand.sdf,../data/pdbbind_processed/4k18/4k18_protein_stripped.pdb,8.96,245,6.9419765,7.688243,7.456032,7.7581573,6.912551,7.0336084,7.3278775,6.8290086,7.0409245,6.6270356,7.161542
246,2p4y,../data/pdbbind_processed/2p4y/2p4y_ligand.sdf,../data/pdbbind_processed/2p4y/2p4y_protein_stripped.pdb,9.0,246,8.1018,7.7051387,8.382306,8.122694,7.9322257,8.37557,8.219484,8.218626,7.8671007,8.1109295,8.103587
247,3dd0,../data/pdbbind_processed/3dd0/3dd0_ligand.sdf,../data/pdbbind_processed/3dd0/3dd0_protein_stripped.pdb,9.0,247,8.873937,8.901348,8.565255,8.764298,8.963803,8.889983,8.852376,8.839156,9.019898,8.283992,8.795404
248,3nw9,../data/pdbbind_processed/3nw9/3nw9_ligand.sdf,../data/pdbbind_processed/3nw9/3nw9_protein_stripped.pdb,9.0,248,7.6139607,7.3627234,7.609584,7.7481513,7.3052974,7.35145,7.4611707,7.3850594,7.318953,7.4809594,7.463731
249,3ui7,../data/pdbbind_processed/3ui7/3ui7_ligand.sdf,../data/pdbbind_processed/3ui7/3ui7_protein_stripped.pdb,9.0,249,7.344342,7.4568973,7.741572,6.9266977,7.308301,6.608061,6.79416,7.5843554,7.180578,7.1835446,7.212851
250,3uri,../data/pdbbind_processed/3uri/3uri_ligand.sdf,../data/pdbbind_processed/3uri/3uri_protein_stripped.pdb,9.0,250,6.2098875,6.199045,6.9573174,6.889268,6.387749,6.789326,6.5184975,7.7742815,6.686461,6.483545,6.689538
251,1qkt,../data/pdbbind_processed/1qkt/1qkt_ligand.sdf,../data/pdbbind_processed/1qkt/1qkt_protein_stripped.pdb,9.04,251,8.486942,8.970425,8.389689,8.290467,8.3586855,8.648671,8.376353,8.48147,8.7894125,8.907233,8.569935
252,1h22,../data/pdbbind_processed/1h22/1h22_ligand.sdf,../data/pdbbind_processed/1h22/1h22_protein_stripped.pdb,9.1,252,5.9362783,7.504303,6.4506526,6.4815583,6.8961596,6.682617,6.357089,5.888213,6.7096004,6.7884774,6.5694947
253,3gnw,../data/pdbbind_processed/3gnw/3gnw_ligand.sdf,../data/pdbbind_processed/3gnw/3gnw_protein_stripped.pdb,9.1,253,7.339714,7.335178,7.8174434,7.413085,8.16314,7.39618,7.681211,7.828876,7.351775,8.148812,7.647541
254,1sqa,../data/pdbbind_processed/1sqa/1sqa_ligand.sdf,../data/pdbbind_processed/1sqa/1sqa_protein_stripped.pdb,9.21,254,7.9961805,7.7145877,8.141996,7.8000503,7.9187694,7.8357983,8.710598,8.314795,8.357393,7.9242573,8.071442
255,4jia,../data/pdbbind_processed/4jia/4jia_ligand.sdf,../data/pdbbind_processed/4jia/4jia_protein_stripped.pdb,9.22,255,7.902697,7.39984,7.140775,7.4232264,7.7033234,8.187795,7.409819,7.8082714,7.72087,8.145137,7.684175
256,3b65,../data/pdbbind_processed/3b65/3b65_ligand.sdf,../data/pdbbind_processed/3b65/3b65_protein_stripped.pdb,9.27,256,7.366176,7.3320427,7.994747,8.280665,7.960215,7.444324,7.9101844,8.503641,8.118956,7.4645033,7.837546
257,3fv1,../data/pdbbind_processed/3fv1/3fv1_ligand.sdf,../data/pdbbind_processed/3fv1/3fv1_protein_stripped.pdb,9.3,257,9.541365,9.141032,9.534991,9.091392,9.063124,9.259288,8.972752,9.2124195,9.329568,9.177778,9.23237
258,4qac,../data/pdbbind_processed/4qac/4qac_ligand.sdf,../data/pdbbind_processed/4qac/4qac_protein_stripped.pdb,9.4,258,8.119224,8.163388,7.888784,7.5626826,7.644257,7.7125635,8.453695,8.138682,7.6439104,7.170743,7.8497934
259,2yki,../data/pdbbind_processed/2yki/2yki_ligand.sdf,../data/pdbbind_processed/2yki/2yki_protein_stripped.pdb,9.46,259,6.254802,6.332857,6.121867,6.0467744,6.174561,6.186976,6.243675,6.271948,6.3028655,6.0998263,6.203615
260,3g0w,../data/pdbbind_processed/3g0w/3g0w_ligand.sdf,../data/pdbbind_processed/3g0w/3g0w_protein_stripped.pdb,9.52,260,8.130764,7.919011,7.758286,7.294079,7.860714,7.318086,7.67658,7.959634,7.5118327,8.16405,7.7593026
261,4ivd,../data/pdbbind_processed/4ivd/4ivd_ligand.sdf,../data/pdbbind_processed/4ivd/4ivd_protein_stripped.pdb,9.52,261,8.1194315,8.449771,8.528757,8.342735,8.426803,8.444943,8.411703,8.33548,8.448172,8.528347,8.403615
262,4ty7,../data/pdbbind_processed/4ty7/4ty7_ligand.sdf,../data/pdbbind_processed/4ty7/4ty7_protein_stripped.pdb,9.52,262,8.039768,7.845887,7.4616737,7.9865766,7.710634,7.9168477,7.600556,8.213911,7.9599986,7.999869,7.8735723
263,2pog,../data/pdbbind_processed/2pog/2pog_ligand.sdf,../data/pdbbind_processed/2pog/2pog_protein_stripped.pdb,9.54,263,8.819245,9.078067,9.302155,9.431309,9.266742,8.407333,8.989706,9.035615,9.191391,9.549905,9.107146
264,4gr0,../data/pdbbind_processed/4gr0/4gr0_ligand.sdf,../data/pdbbind_processed/4gr0/4gr0_protein_stripped.pdb,9.55,264,8.827626,8.955514,8.957135,8.8841715,8.943344,8.482775,8.7045355,8.595597,8.7245,8.284061,8.735927
265,1eby,../data/pdbbind_processed/1eby/1eby_ligand.sdf,../data/pdbbind_processed/1eby/1eby_protein_stripped.pdb,9.7,265,9.039652,8.970565,8.942874,8.705076,8.97477,8.380126,9.258906,8.80923,9.124014,9.298461,8.950368
266,1z6e,../data/pdbbind_processed/1z6e/1z6e_ligand.sdf,../data/pdbbind_processed/1z6e/1z6e_protein_stripped.pdb,9.72,266,9.655357,8.912458,8.469441,8.987085,8.912631,9.04933,8.447338,8.959031,9.206653,9.291629,8.989096
267,1e66,../data/pdbbind_processed/1e66/1e66_ligand.sdf,../data/pdbbind_processed/1e66/1e66_protein_stripped.pdb,9.89,267,8.75731,8.745873,8.210224,8.182513,8.329053,8.180652,8.496748,8.210081,8.61932,8.5123,8.424408
268,4ivc,../data/pdbbind_processed/4ivc/4ivc_ligand.sdf,../data/pdbbind_processed/4ivc/4ivc_protein_stripped.pdb,10.0,268,8.376144,8.6771965,8.692979,8.426708,8.401863,8.079302,8.548432,8.298169,8.651654,8.752017,8.490446
269,4twp,../data/pdbbind_processed/4twp/4twp_ligand.sdf,../data/pdbbind_processed/4twp/4twp_protein_stripped.pdb,10.0,269,8.535903,8.579126,7.960164,7.7310643,8.500956,8.808825,8.121636,7.6484094,8.4670105,7.811994,8.216509
270,4rfm,../data/pdbbind_processed/4rfm/4rfm_ligand.sdf,../data/pdbbind_processed/4rfm/4rfm_protein_stripped.pdb,10.05,270,8.549544,8.787304,8.546792,8.842334,9.000237,8.797893,8.683421,8.206605,8.412514,8.926558,8.675321
271,1y6r,../data/pdbbind_processed/1y6r/1y6r_ligand.sdf,../data/pdbbind_processed/1y6r/1y6r_protein_stripped.pdb,10.11,271,10.499162,9.752369,10.3716755,9.67532,9.692592,9.782524,10.134867,9.773566,10.3903055,10.458309,10.053068
272,3u8n,../data/pdbbind_processed/3u8n/3u8n_ligand.sdf,../data/pdbbind_processed/3u8n/3u8n_protein_stripped.pdb,10.17,272,7.258458,7.254946,7.5265026,7.2832522,7.508744,7.1207757,7.267387,7.098025,7.552049,7.201789,7.3071938
273,4tmn,../data/pdbbind_processed/4tmn/4tmn_ligand.sdf,../data/pdbbind_processed/4tmn/4tmn_protein_stripped.pdb,10.17,273,8.494552,8.268924,7.1783886,7.7518573,7.3455787,7.5608506,8.001679,8.0999775,7.493496,8.381205,7.85765
274,2p15,../data/pdbbind_processed/2p15/2p15_ligand.sdf,../data/pdbbind_processed/2p15/2p15_protein_stripped.pdb,10.3,274,8.697682,8.888109,8.738381,8.407631,8.655761,8.449183,8.543093,8.2937565,8.852711,8.621191,8.61475
275,3myg,../data/pdbbind_processed/3myg/3myg_ligand.sdf,../data/pdbbind_processed/3myg/3myg_protein_stripped.pdb,10.7,275,8.982236,8.261422,8.558125,8.54698,7.7534895,8.328635,8.640773,8.474756,8.011707,8.649975,8.42081
276,4gid,../data/pdbbind_processed/4gid/4gid_ligand.sdf,../data/pdbbind_processed/4gid/4gid_protein_stripped.pdb,10.77,276,8.989836,8.433911,9.213569,9.121211,9.236483,9.14381,8.750984,8.829978,9.0193815,8.160477,8.889963
277,3utu,../data/pdbbind_processed/3utu/3utu_ligand.sdf,../data/pdbbind_processed/3utu/3utu_protein_stripped.pdb,10.92,277,8.057061,8.635909,8.650044,7.8399444,8.682745,8.499547,7.8687067,7.7096596,8.568568,7.807752,8.231993
278,5c2h,../data/pdbbind_processed/5c2h/5c2h_ligand.sdf,../data/pdbbind_processed/5c2h/5c2h_protein_stripped.pdb,11.09,278,9.399902,9.117066,9.393176,9.283023,9.12271,10.210099,9.725893,9.879248,9.79647,9.633087,9.556067
279,1mq6,../data/pdbbind_processed/1mq6/1mq6_ligand.sdf,../data/pdbbind_processed/1mq6/1mq6_protein_stripped.pdb,11.15,279,9.560079,8.731092,9.353526,9.205852,9.196756,8.612138,9.019388,9.213223,9.397309,9.3740225,9.166339
280,5dwr,../data/pdbbind_processed/5dwr/5dwr_ligand.sdf,../data/pdbbind_processed/5dwr/5dwr_protein_stripped.pdb,11.22,280,9.179182,9.262335,9.079372,9.325961,8.962164,9.21059,8.570023,8.9317465,8.904565,9.120367,9.05463
281,4f2w,../data/pdbbind_processed/4f2w/4f2w_ligand.sdf,../data/pdbbind_processed/4f2w/4f2w_protein_stripped.pdb,11.3,281,11.559259,11.077415,11.365975,11.246166,11.193812,11.157235,11.595597,10.569401,11.711953,11.3174,11.279421
282,2x00,../data/pdbbind_processed/2x00/2x00_ligand.sdf,../data/pdbbind_processed/2x00/2x00_protein_stripped.pdb,11.33,282,7.115066,7.288206,7.506172,7.6677966,7.6891074,7.975169,7.1258245,7.1075325,7.8315687,7.5226974,7.482914
283,3o9i,../data/pdbbind_processed/3o9i/3o9i_ligand.sdf,../data/pdbbind_processed/3o9i/3o9i_protein_stripped.pdb,11.82,283,11.41916,11.174086,11.295284,11.767686,10.682353,11.451662,11.503082,11.239431,11.960252,11.89787,11.439087
284,4f3c,../data/pdbbind_processed/4f3c/4f3c_ligand.sdf,../data/pdbbind_processed/4f3c/4f3c_protein_stripped.pdb,11.82,284,12.460691,11.06102,11.570956,11.329527,11.133093,11.177752,11.355803,10.79648,11.196727,11.591809,11.367386
