Unnamed: 0,unique_id,Target,Exp. ΔG,sdf_file,pdb_file,graph_id,preds_0,preds_1,preds_2,preds_3,preds_4,preds_5,preds_6,preds_7,preds_8,preds_9,preds
0,cdk8_43,cdk8,-11.87,../data/fep_processed/cdk8/cdk8_43_ligand.sdf,../data/fep_processed/cdk8/cdk8_protein_stripped.pdb,0,7.1693516,7.99162,7.727723,7.4998527,7.9679,7.395565,7.8311253,7.532624,7.34282,7.235467,7.5694046
1,cdk8_17,cdk8,-8.94,../data/fep_processed/cdk8/cdk8_17_ligand.sdf,../data/fep_processed/cdk8/cdk8_protein_stripped.pdb,1,7.2960625,6.7132587,6.690218,6.815551,6.6506243,7.062018,7.0444965,6.7784376,7.1753316,6.9707103,6.919671
2,cdk8_28,cdk8,-6.17,../data/fep_processed/cdk8/cdk8_28_ligand.sdf,../data/fep_processed/cdk8/cdk8_protein_stripped.pdb,2,7.1051183,6.9112825,6.156999,6.867488,6.269438,6.7679324,7.4984727,6.84653,6.463611,6.880339,6.776721
3,cdk8_22,cdk8,-10.22,../data/fep_processed/cdk8/cdk8_22_ligand.sdf,../data/fep_processed/cdk8/cdk8_protein_stripped.pdb,3,7.4697785,6.4574056,6.6080666,6.843207,6.9563146,7.1289663,7.768178,7.4232926,6.3227067,6.625084,6.9603004
4,cdk8_16,cdk8,-9.24,../data/fep_processed/cdk8/cdk8_16_ligand.sdf,../data/fep_processed/cdk8/cdk8_protein_stripped.pdb,4,6.9556956,6.6718593,6.5702934,6.463533,6.3148384,6.7891946,6.9465346,6.484793,6.8930364,6.753563,6.684334
5,cdk8_30,cdk8,-11.63,../data/fep_processed/cdk8/cdk8_30_ligand.sdf,../data/fep_processed/cdk8/cdk8_protein_stripped.pdb,5,7.840203,7.696846,6.8194923,7.1296945,7.6461687,7.8256235,7.9223714,7.239137,7.0974917,7.548006,7.476503
6,cdk8_21,cdk8,-9.7,../data/fep_processed/cdk8/cdk8_21_ligand.sdf,../data/fep_processed/cdk8/cdk8_protein_stripped.pdb,6,7.737409,6.5310097,7.19686,6.64207,6.6086974,6.8112793,7.462547,7.2742453,6.2955294,6.4830084,6.9042654
7,cdk8_24,cdk8,-10.28,../data/fep_processed/cdk8/cdk8_24_ligand.sdf,../data/fep_processed/cdk8/cdk8_protein_stripped.pdb,7,7.7486277,6.431302,6.4113603,6.630692,6.622236,6.7197843,7.280186,7.0785804,6.669467,6.834689,6.842692
8,cdk8_38,cdk8,-11.32,../data/fep_processed/cdk8/cdk8_38_ligand.sdf,../data/fep_processed/cdk8/cdk8_protein_stripped.pdb,8,7.636577,8.115922,7.123441,7.515558,7.467348,7.243107,8.069445,7.523546,6.9867125,7.6478453,7.53295
9,cdk8_31,cdk8,-11.87,../data/fep_processed/cdk8/cdk8_31_ligand.sdf,../data/fep_processed/cdk8/cdk8_protein_stripped.pdb,9,7.7586284,6.9892416,6.7924733,7.1818094,7.105912,7.4025936,7.60596,7.3358774,6.9571514,7.490903,7.2620554
10,cdk8_41,cdk8,-11.22,../data/fep_processed/cdk8/cdk8_41_ligand.sdf,../data/fep_processed/cdk8/cdk8_protein_stripped.pdb,10,7.0072355,7.4021106,6.436201,6.7893753,6.812425,6.6841426,6.7431684,7.263447,6.9469523,6.761358,6.884641
11,cdk8_29,cdk8,-9.2,../data/fep_processed/cdk8/cdk8_29_ligand.sdf,../data/fep_processed/cdk8/cdk8_protein_stripped.pdb,11,7.3758526,7.089142,7.083656,6.8817453,6.538238,7.4621253,7.622827,7.3236322,6.7459726,7.0196047,7.1142797
12,cdk8_26,cdk8,-10.16,../data/fep_processed/cdk8/cdk8_26_ligand.sdf,../data/fep_processed/cdk8/cdk8_protein_stripped.pdb,12,7.6032977,7.212588,6.9278483,6.934856,6.6701756,7.043521,7.385506,7.2701225,7.0748086,7.269619,7.139235
13,cdk8_20,cdk8,-10.64,../data/fep_processed/cdk8/cdk8_20_ligand.sdf,../data/fep_processed/cdk8/cdk8_protein_stripped.pdb,13,7.3605685,7.405791,7.2951455,6.706311,6.672033,7.291532,7.1602955,6.6978035,7.2207694,7.581007,7.139125
14,cdk8_42,cdk8,-11.46,../data/fep_processed/cdk8/cdk8_42_ligand.sdf,../data/fep_processed/cdk8/cdk8_protein_stripped.pdb,14,7.5962186,7.263513,7.324011,7.0381007,7.9120293,7.944206,7.724381,7.148828,7.3889246,7.283297,7.4623504
15,cdk8_35,cdk8,-11.46,../data/fep_processed/cdk8/cdk8_35_ligand.sdf,../data/fep_processed/cdk8/cdk8_protein_stripped.pdb,15,7.8057833,7.1245904,6.818344,7.041735,6.8760405,7.3498507,7.8571534,7.1514316,6.7866936,7.319786,7.213141
16,cdk8_44,cdk8,-11.46,../data/fep_processed/cdk8/cdk8_44_ligand.sdf,../data/fep_processed/cdk8/cdk8_protein_stripped.pdb,16,7.3788443,6.8099246,7.0563745,7.184963,6.8510456,7.34788,7.3581944,7.298923,7.44745,7.1317244,7.1865325
17,cdk8_18,cdk8,-10.91,../data/fep_processed/cdk8/cdk8_18_ligand.sdf,../data/fep_processed/cdk8/cdk8_protein_stripped.pdb,17,7.153209,6.65903,7.265865,6.597199,6.8743877,7.1581516,7.3112135,6.9705667,7.259887,7.1761484,7.042566
18,cdk8_40,cdk8,-11.13,../data/fep_processed/cdk8/cdk8_40_ligand.sdf,../data/fep_processed/cdk8/cdk8_protein_stripped.pdb,18,7.619305,7.447033,6.305251,7.149157,7.2313294,7.003327,7.546346,7.2056375,6.967628,6.8537436,7.132876
19,cdk8_19,cdk8,-10.67,../data/fep_processed/cdk8/cdk8_19_ligand.sdf,../data/fep_processed/cdk8/cdk8_protein_stripped.pdb,19,7.641879,6.9481306,6.606017,6.595869,6.520329,7.1431417,7.260412,6.8169613,7.100118,7.0849915,6.971785
20,cdk8_33,cdk8,-11.05,../data/fep_processed/cdk8/cdk8_33_ligand.sdf,../data/fep_processed/cdk8/cdk8_protein_stripped.pdb,20,7.7286167,7.8738704,7.24666,7.2059875,7.736659,7.337197,7.4311194,7.2557354,7.62207,7.5361524,7.497407
21,cdk8_27,cdk8,-8.41,../data/fep_processed/cdk8/cdk8_27_ligand.sdf,../data/fep_processed/cdk8/cdk8_protein_stripped.pdb,21,6.973729,6.6946154,6.1615434,6.6079564,6.51437,6.4162683,6.9983244,6.672377,6.4482093,6.6054034,6.6092796
22,cdk8_13,cdk8,-11.22,../data/fep_processed/cdk8/cdk8_13_ligand.sdf,../data/fep_processed/cdk8/cdk8_protein_stripped.pdb,22,7.320454,8.023978,7.1252456,7.2040725,8.095239,7.8368263,7.2842484,7.3398056,7.491603,7.644407,7.536588
23,cdk8_39,cdk8,-11.46,../data/fep_processed/cdk8/cdk8_39_ligand.sdf,../data/fep_processed/cdk8/cdk8_protein_stripped.pdb,23,7.6668067,7.467111,6.4176116,7.044695,7.07921,7.0004816,7.6853743,6.959565,6.3487353,7.0881186,7.0757704
24,cdk8_32,cdk8,-9.49,../data/fep_processed/cdk8/cdk8_32_ligand.sdf,../data/fep_processed/cdk8/cdk8_protein_stripped.pdb,24,7.4121656,6.9415975,6.4306574,6.7583566,6.86639,6.5913467,7.206194,6.7973995,6.830284,6.827385,6.8661776
25,cdk8_37,cdk8,-11.46,../data/fep_processed/cdk8/cdk8_37_ligand.sdf,../data/fep_processed/cdk8/cdk8_protein_stripped.pdb,25,7.814224,7.5235653,6.8273816,7.2538495,7.21342,7.4501743,7.8732295,7.5774198,7.4447036,7.292967,7.4270935
26,cdk8_23,cdk8,-8.96,../data/fep_processed/cdk8/cdk8_23_ligand.sdf,../data/fep_processed/cdk8/cdk8_protein_stripped.pdb,26,7.5357075,6.790721,6.7509046,6.773093,6.392061,6.879619,7.2030582,7.341626,6.1841254,6.693387,6.85443
27,cdk8_15,cdk8,-7.64,../data/fep_processed/cdk8/cdk8_15_ligand.sdf,../data/fep_processed/cdk8/cdk8_protein_stripped.pdb,27,7.562678,6.633197,6.54525,6.6777663,6.4719214,6.5322857,7.129397,7.0815163,6.4692535,6.609713,6.7712975
28,cdk8_34,cdk8,-11.13,../data/fep_processed/cdk8/cdk8_34_ligand.sdf,../data/fep_processed/cdk8/cdk8_protein_stripped.pdb,28,7.669404,7.2957115,6.940404,7.4205847,6.9332333,7.427037,8.099658,7.4871063,6.3900013,7.227682,7.2890825
29,cdk8_25,cdk8,-9.74,../data/fep_processed/cdk8/cdk8_25_ligand.sdf,../data/fep_processed/cdk8/cdk8_protein_stripped.pdb,29,7.4300056,7.2237506,7.12399,7.021733,6.4017634,7.314837,7.140367,7.1010914,6.4765387,7.0141664,7.0248246
30,cdk8_14,cdk8,-8.29,../data/fep_processed/cdk8/cdk8_14_ligand.sdf,../data/fep_processed/cdk8/cdk8_protein_stripped.pdb,30,6.833531,6.5305977,6.6364703,6.4958797,6.521632,6.3407636,6.7235675,6.756534,6.525595,6.6555395,6.602011
31,cdk8_45,cdk8,-11.13,../data/fep_processed/cdk8/cdk8_45_ligand.sdf,../data/fep_processed/cdk8/cdk8_protein_stripped.pdb,31,7.276768,7.2748203,7.0788345,7.272416,7.1559186,7.2486386,7.5079565,7.702646,7.3570585,7.3403926,7.3215446
32,cdk8_36,cdk8,-11.22,../data/fep_processed/cdk8/cdk8_36_ligand.sdf,../data/fep_processed/cdk8/cdk8_protein_stripped.pdb,32,7.7457047,7.1003437,7.0070043,7.298621,6.8733444,7.0727487,7.800402,7.668294,6.746819,7.497601,7.281089
33,cmet_CHEMBL3402753_200,cmet,-9.14,../data/fep_processed/cmet/cmet_CHEMBL3402753_200_ligand.sdf,../data/fep_processed/cmet/cmet_protein_stripped.pdb,33,7.4519367,7.066176,7.227786,6.7155447,6.940508,6.6268353,7.5849533,7.0060873,7.428506,7.419808,7.146815
34,cmet_CHEMBL3402759_5.7,cmet,-11.25,../data/fep_processed/cmet/cmet_CHEMBL3402759_5.7_ligand.sdf,../data/fep_processed/cmet/cmet_protein_stripped.pdb,34,7.726395,6.880952,7.149603,7.7627635,7.584725,7.4573793,7.2573824,7.2109017,7.768438,8.295368,7.5093904
35,cmet_CHEMBL3402747_3400,cmet,-7.46,../data/fep_processed/cmet/cmet_CHEMBL3402747_3400_ligand.sdf,../data/fep_processed/cmet/cmet_protein_stripped.pdb,35,6.5639253,6.354852,6.5195937,6.7435474,6.6127324,6.4682145,7.168624,7.093997,6.6962233,6.6549,6.6876616
36,cmet_CHEMBL3402744_300,cmet,-8.9,../data/fep_processed/cmet/cmet_CHEMBL3402744_300_ligand.sdf,../data/fep_processed/cmet/cmet_protein_stripped.pdb,36,6.540876,6.369105,6.8411984,6.913335,6.5469193,6.4896708,7.0971527,6.59386,6.791734,6.8982477,6.70821
37,cmet_CHEMBL3402745_200,cmet,-9.14,../data/fep_processed/cmet/cmet_CHEMBL3402745_200_ligand.sdf,../data/fep_processed/cmet/cmet_protein_stripped.pdb,37,5.752205,6.305194,6.3186665,6.4883757,5.954463,6.4807863,6.8220387,6.756946,6.821933,6.6756177,6.437623
38,cmet_CHEMBL3402761_1,cmet,-12.28,../data/fep_processed/cmet/cmet_CHEMBL3402761_1_ligand.sdf,../data/fep_processed/cmet/cmet_protein_stripped.pdb,38,7.224113,6.6899734,7.4128985,7.3342066,7.8674,7.26989,6.977542,7.222439,7.8624673,7.9450006,7.3805933
39,cmet_CHEMBL3402750_400,cmet,-8.73,../data/fep_processed/cmet/cmet_CHEMBL3402750_400_ligand.sdf,../data/fep_processed/cmet/cmet_protein_stripped.pdb,39,6.8489513,6.7191596,7.363035,7.320007,7.1297703,6.5302057,7.0038548,7.3080873,6.8971357,6.9073052,7.0027514
40,cmet_CHEMBL3402743_42,cmet,-10.06,../data/fep_processed/cmet/cmet_CHEMBL3402743_42_ligand.sdf,../data/fep_processed/cmet/cmet_protein_stripped.pdb,40,6.3653903,6.3315244,6.713334,6.8958755,6.782234,6.906473,6.4835224,6.7598767,6.870746,6.13378,6.624275
41,cmet_CHEMBL3402752_30000,cmet,-6.17,../data/fep_processed/cmet/cmet_CHEMBL3402752_30000_ligand.sdf,../data/fep_processed/cmet/cmet_protein_stripped.pdb,41,6.459633,6.447734,6.690982,6.4393206,7.283183,6.3602533,7.0707026,7.1564465,6.480131,7.1098995,6.7498293
42,cmet_CHEMBL3402755_4200,cmet,-7.34,../data/fep_processed/cmet/cmet_CHEMBL3402755_4200_ligand.sdf,../data/fep_processed/cmet/cmet_protein_stripped.pdb,42,7.093657,6.7617207,6.7600164,6.7395377,7.0352263,7.0290475,7.980446,7.020448,6.982308,7.171564,7.0573974
43,cmet_CHEMBL3402758_10,cmet,-10.91,../data/fep_processed/cmet/cmet_CHEMBL3402758_10_ligand.sdf,../data/fep_processed/cmet/cmet_protein_stripped.pdb,43,7.1879573,6.829962,6.7013087,6.803875,7.376126,7.0107203,6.307452,7.6107435,7.2926116,8.026785,7.1147547
44,cmet_CHEMBL3402749_500,cmet,-8.6,../data/fep_processed/cmet/cmet_CHEMBL3402749_500_ligand.sdf,../data/fep_processed/cmet/cmet_protein_stripped.pdb,44,6.380449,6.4065824,6.831177,6.8233857,6.708858,6.5604877,7.5180135,6.546056,6.7996745,7.0463657,6.762105
45,cmet_CHEMBL3402757_6.5,cmet,-11.17,../data/fep_processed/cmet/cmet_CHEMBL3402757_6.5_ligand.sdf,../data/fep_processed/cmet/cmet_protein_stripped.pdb,45,7.7191834,6.7924786,7.1569,7.45692,7.510242,7.31385,7.3059306,7.484102,7.7014585,7.6661577,7.4107223
46,cmet_CHEMBL3402765_11-charged-pKa-8.1,cmet,-10.86,../data/fep_processed/cmet/cmet_CHEMBL3402765_11-charged-pKa-8.1_ligand.sdf,../data/fep_processed/cmet/cmet_protein_stripped.pdb,46,6.233352,6.2441754,6.3401246,7.1133904,5.962846,6.761701,6.647938,6.758558,7.0355196,7.0399823,6.613758
47,cmet_CHEMBL3402762_1,cmet,-12.28,../data/fep_processed/cmet/cmet_CHEMBL3402762_1_ligand.sdf,../data/fep_processed/cmet/cmet_protein_stripped.pdb,47,7.344849,7.5900197,7.657226,7.443562,8.160603,7.9594483,7.278972,7.207822,7.7631445,7.7426615,7.614831
48,cmet_CHEMBL3402742_23,cmet,-10.42,../data/fep_processed/cmet/cmet_CHEMBL3402742_23_ligand.sdf,../data/fep_processed/cmet/cmet_protein_stripped.pdb,48,6.383571,6.4814544,5.4829545,7.314968,6.6034703,6.876072,6.579065,7.070486,6.1019406,7.273729,6.6167707
49,cmet_CHEMBL3402754_40,cmet,-10.09,../data/fep_processed/cmet/cmet_CHEMBL3402754_40_ligand.sdf,../data/fep_processed/cmet/cmet_protein_stripped.pdb,49,6.864921,7.022569,6.777366,6.9300146,6.917261,6.769875,7.3265886,7.0352197,7.3499317,7.378509,7.0372252
50,cmet_CHEMBL3402748_5300,cmet,-7.2,../data/fep_processed/cmet/cmet_CHEMBL3402748_5300_ligand.sdf,../data/fep_processed/cmet/cmet_protein_stripped.pdb,50,6.722479,6.683355,6.8292074,6.571098,7.026231,6.1622243,7.3664794,6.8958864,6.6891174,6.9422135,6.788829
51,cmet_CHEMBL3402741_400,cmet,-8.73,../data/fep_processed/cmet/cmet_CHEMBL3402741_400_ligand.sdf,../data/fep_processed/cmet/cmet_protein_stripped.pdb,51,6.286841,5.3971276,5.684491,7.034385,6.420911,6.461155,6.1292543,6.8984632,6.752359,6.9345446,6.399953
52,cmet_CHEMBL3402763_90,cmet,-9.61,../data/fep_processed/cmet/cmet_CHEMBL3402763_90_ligand.sdf,../data/fep_processed/cmet/cmet_protein_stripped.pdb,52,6.323371,6.1141834,5.8317385,7.5904994,6.475707,6.8057704,6.5160847,6.9878025,6.6660943,7.29208,6.660333
53,cmet_CHEMBL3402764_90,cmet,-9.61,../data/fep_processed/cmet/cmet_CHEMBL3402764_90_ligand.sdf,../data/fep_processed/cmet/cmet_protein_stripped.pdb,53,6.1878242,6.3461556,6.41447,7.007935,6.352321,7.002002,5.8117714,6.03447,6.47348,6.220226,6.3850656
54,cmet_CHEMBL3402751_2100,cmet,-7.75,../data/fep_processed/cmet/cmet_CHEMBL3402751_2100_ligand.sdf,../data/fep_processed/cmet/cmet_protein_stripped.pdb,54,6.726483,6.9499874,7.018271,6.6598845,7.0233665,6.612953,7.2137628,7.226877,7.239066,7.241637,6.991229
55,cmet_CHEMBL3402756_2.7,cmet,-11.69,../data/fep_processed/cmet/cmet_CHEMBL3402756_2.7_ligand.sdf,../data/fep_processed/cmet/cmet_protein_stripped.pdb,55,7.6165957,7.126956,6.971449,7.7110972,7.7158456,7.8336954,7.053496,7.7359185,7.564279,7.8832984,7.521264
56,cmet_CHEMBL3402760_1,cmet,-12.28,../data/fep_processed/cmet/cmet_CHEMBL3402760_1_ligand.sdf,../data/fep_processed/cmet/cmet_protein_stripped.pdb,56,7.4708185,7.352021,7.021607,7.576637,7.482876,7.851171,6.7562327,7.349188,7.126211,7.2560782,7.3242846
57,eg5_CHEMBL1078774,eg5,-10.6,../data/fep_processed/eg5/eg5_CHEMBL1078774_ligand.sdf,../data/fep_processed/eg5/eg5_protein_stripped.pdb,57,7.0686374,6.8118234,7.712258,6.8943806,6.3800554,6.943316,6.837434,7.5210323,7.0177574,6.7721877,6.9958887
58,eg5_CHEMBL1093087,eg5,-10.53,../data/fep_processed/eg5/eg5_CHEMBL1093087_ligand.sdf,../data/fep_processed/eg5/eg5_protein_stripped.pdb,58,6.6653514,6.7993917,7.013751,7.0204973,7.028988,6.424921,6.661663,6.50875,6.2024374,6.4318776,6.675763
59,eg5_CHEMBL1082249,eg5,-11.22,../data/fep_processed/eg5/eg5_CHEMBL1082249_ligand.sdf,../data/fep_processed/eg5/eg5_protein_stripped.pdb,59,6.977821,6.9402366,6.53495,6.582308,6.5783014,7.018248,6.4732976,7.1952343,6.6582556,7.610529,6.8569183
60,eg5_CHEMBL1089393,eg5,-8.38,../data/fep_processed/eg5/eg5_CHEMBL1089393_ligand.sdf,../data/fep_processed/eg5/eg5_protein_stripped.pdb,60,5.7875495,5.422714,5.294006,6.0480595,5.5770936,5.4881406,5.1469016,5.8584337,5.818386,5.393439,5.5834723
61,eg5_CHEMBL1078691,eg5,-10.19,../data/fep_processed/eg5/eg5_CHEMBL1078691_ligand.sdf,../data/fep_processed/eg5/eg5_protein_stripped.pdb,61,7.3262253,6.489116,6.9746566,6.124258,6.138131,6.6986957,6.835902,6.725601,6.704219,6.7610893,6.677789
62,eg5_CHEMBL1086409,eg5,-9.87,../data/fep_processed/eg5/eg5_CHEMBL1086409_ligand.sdf,../data/fep_processed/eg5/eg5_protein_stripped.pdb,62,6.2141023,6.5127625,6.5942907,6.3019323,6.3865767,6.834469,6.468518,6.433702,6.268105,6.016497,6.4030952
63,eg5_CHEMBL1082248,eg5,-11.63,../data/fep_processed/eg5/eg5_CHEMBL1082248_ligand.sdf,../data/fep_processed/eg5/eg5_protein_stripped.pdb,63,6.602499,7.117461,6.3680944,6.2224708,6.028129,6.9170113,5.8579683,6.631129,7.015863,7.2605586,6.602118
64,eg5_CHEMBL1084678,eg5,-11.13,../data/fep_processed/eg5/eg5_CHEMBL1084678_ligand.sdf,../data/fep_processed/eg5/eg5_protein_stripped.pdb,64,6.8522654,7.20471,7.423946,7.1465015,6.21666,7.380871,7.671116,6.826862,6.9887414,7.0297647,7.074144
65,eg5_CHEMBL1084115,eg5,-9.44,../data/fep_processed/eg5/eg5_CHEMBL1084115_ligand.sdf,../data/fep_processed/eg5/eg5_protein_stripped.pdb,65,6.673649,5.7788525,6.878433,6.3325205,6.2795405,6.2619977,6.7895174,6.4133716,6.7498927,6.550315,6.470809
66,eg5_CHEMBL1084431,eg5,-9.8,../data/fep_processed/eg5/eg5_CHEMBL1084431_ligand.sdf,../data/fep_processed/eg5/eg5_protein_stripped.pdb,66,6.8377724,7.5996737,6.84355,6.950678,7.304935,6.7004166,7.0397973,6.790009,7.215068,7.73931,7.102121
67,eg5_CHEMBL1085895,eg5,-10.86,../data/fep_processed/eg5/eg5_CHEMBL1085895_ligand.sdf,../data/fep_processed/eg5/eg5_protein_stripped.pdb,67,7.0174127,7.2403893,7.043915,6.6982484,6.583613,7.1994305,7.172628,6.888281,6.4988804,7.0029716,6.9345765
68,eg5_CHEMBL1084677,eg5,-11.46,../data/fep_processed/eg5/eg5_CHEMBL1084677_ligand.sdf,../data/fep_processed/eg5/eg5_protein_stripped.pdb,68,6.7560263,6.9950924,7.326203,7.011937,6.94854,7.1201153,7.071842,7.20544,6.5848475,6.891045,6.991109
69,eg5_CHEMBL1077227,eg5,-11.32,../data/fep_processed/eg5/eg5_CHEMBL1077227_ligand.sdf,../data/fep_processed/eg5/eg5_protein_stripped.pdb,69,6.5452223,6.4272294,6.159725,5.706032,6.7038536,5.9325714,5.9091444,6.388849,6.2564917,6.7166414,6.2745757
70,eg5_CHEMBL1086410,eg5,-11.46,../data/fep_processed/eg5/eg5_CHEMBL1086410_ligand.sdf,../data/fep_processed/eg5/eg5_protein_stripped.pdb,70,6.2378325,6.2389708,6.5708294,6.4250574,6.8033357,5.9655113,6.013734,5.6162634,6.5791955,6.9533615,6.3404093
71,eg5_CHEMBL1083517,eg5,-11.46,../data/fep_processed/eg5/eg5_CHEMBL1083517_ligand.sdf,../data/fep_processed/eg5/eg5_protein_stripped.pdb,71,7.0432973,6.984923,6.9964886,6.251251,6.672336,7.026994,7.090697,7.2778063,7.287402,6.62153,6.9252725
72,eg5_CHEMBL1096003,eg5,-11.87,../data/fep_processed/eg5/eg5_CHEMBL1096003_ligand.sdf,../data/fep_processed/eg5/eg5_protein_stripped.pdb,72,7.039101,7.578315,7.1105013,6.9037375,7.235483,7.567889,6.1713576,7.151417,7.12638,7.8138876,7.1698065
73,eg5_CHEMBL1077204,eg5,-11.05,../data/fep_processed/eg5/eg5_CHEMBL1077204_ligand.sdf,../data/fep_processed/eg5/eg5_protein_stripped.pdb,73,6.5302243,7.191907,7.2969933,6.438767,6.669133,7.007365,7.0432744,6.651962,6.439756,6.836201,6.8105583
74,eg5_CHEMBL1083836,eg5,-10.86,../data/fep_processed/eg5/eg5_CHEMBL1083836_ligand.sdf,../data/fep_processed/eg5/eg5_protein_stripped.pdb,74,6.015429,6.8051815,6.225752,6.1021767,6.53069,5.8493004,5.837779,5.838076,6.389583,6.434434,6.2028403
75,eg5_CHEMBL1085666,eg5,-10.5,../data/fep_processed/eg5/eg5_CHEMBL1085666_ligand.sdf,../data/fep_processed/eg5/eg5_protein_stripped.pdb,75,6.077732,6.692991,6.3798203,6.6588454,6.930408,6.2166166,6.533491,6.074815,6.5808873,6.357423,6.450303
76,eg5_CHEMBL1085692,eg5,-11.32,../data/fep_processed/eg5/eg5_CHEMBL1085692_ligand.sdf,../data/fep_processed/eg5/eg5_protein_stripped.pdb,76,6.8569264,7.3134527,6.243038,6.9215655,6.2978554,6.9713573,6.837076,7.464727,7.521118,7.320054,6.974717
77,eg5_CHEMBL1084143,eg5,-11.87,../data/fep_processed/eg5/eg5_CHEMBL1084143_ligand.sdf,../data/fep_processed/eg5/eg5_protein_stripped.pdb,77,6.948033,7.0313745,7.346324,6.888881,7.2850137,6.6925735,7.373097,7.1979303,6.7923546,7.351573,7.090715
78,eg5_CHEMBL1096002,eg5,-11.13,../data/fep_processed/eg5/eg5_CHEMBL1096002_ligand.sdf,../data/fep_processed/eg5/eg5_protein_stripped.pdb,78,6.4194317,7.34639,6.4982576,6.709975,6.1010423,7.259073,5.966227,6.6229625,6.655767,7.0982084,6.667733
79,eg5_CHEMBL1089056,eg5,-9.44,../data/fep_processed/eg5/eg5_CHEMBL1089056_ligand.sdf,../data/fep_processed/eg5/eg5_protein_stripped.pdb,79,6.4076033,5.8940573,6.182586,6.3527484,6.1380825,6.106174,6.304285,5.8429947,6.7886457,6.2704916,6.228767
80,eg5_CHEMBL1093088,eg5,-11.22,../data/fep_processed/eg5/eg5_CHEMBL1093088_ligand.sdf,../data/fep_processed/eg5/eg5_protein_stripped.pdb,80,7.2792454,7.43799,7.5167418,7.7831874,7.456798,7.373371,7.902898,7.1881785,6.627362,7.9796333,7.454541
81,eg5_CHEMBL1084676,eg5,-10.71,../data/fep_processed/eg5/eg5_CHEMBL1084676_ligand.sdf,../data/fep_processed/eg5/eg5_protein_stripped.pdb,81,6.954157,7.3315425,7.697156,6.7614036,7.178162,7.5581646,7.4159565,6.8284984,6.706808,6.7004046,7.1132255
82,eg5_CHEMBL1084935,eg5,-10.53,../data/fep_processed/eg5/eg5_CHEMBL1084935_ligand.sdf,../data/fep_processed/eg5/eg5_protein_stripped.pdb,82,7.0490932,7.014462,7.1886525,6.4988914,7.1560717,6.4208694,7.0947504,6.730888,6.662846,6.968738,6.8785257
83,eg5_CHEMBL1078998,eg5,-10.37,../data/fep_processed/eg5/eg5_CHEMBL1078998_ligand.sdf,../data/fep_processed/eg5/eg5_protein_stripped.pdb,83,6.483622,5.9770603,6.4879117,6.2963657,6.2544045,5.8754053,6.350705,6.0687714,6.3448877,6.2209115,6.2360044
84,eg5_CHEMBL1088740,eg5,-8.7,../data/fep_processed/eg5/eg5_CHEMBL1088740_ligand.sdf,../data/fep_processed/eg5/eg5_protein_stripped.pdb,84,6.0381093,6.065807,5.80717,5.8199005,5.722287,5.6773777,5.596535,5.8763375,6.148542,5.468104,5.822017
85,hif2a_338,hif2a,-10.76,../data/fep_processed/hif2a/hif2a_338_ligand.sdf,../data/fep_processed/hif2a/hif2a_protein_stripped.pdb,85,8.27616,7.9846745,7.8534064,7.833135,7.709532,7.7746263,7.725355,8.258782,7.863613,7.7925854,7.907187
86,hif2a_43,hif2a,-8.7,../data/fep_processed/hif2a/hif2a_43_ligand.sdf,../data/fep_processed/hif2a/hif2a_protein_stripped.pdb,86,7.1052303,7.2236276,6.2329073,7.1799607,6.7506905,6.9408937,7.1716557,7.732528,7.7369666,6.510956,7.058542
87,hif2a_235,hif2a,-10.12,../data/fep_processed/hif2a/hif2a_235_ligand.sdf,../data/fep_processed/hif2a/hif2a_protein_stripped.pdb,87,7.5908136,8.0280695,8.158211,7.4610434,7.42731,7.6199055,7.484138,7.718248,7.5891156,8.180384,7.725724
88,hif2a_234,hif2a,-10.35,../data/fep_processed/hif2a/hif2a_234_ligand.sdf,../data/fep_processed/hif2a/hif2a_protein_stripped.pdb,88,7.755142,7.640134,7.975475,8.032861,7.835707,7.194129,7.847271,8.236431,7.957518,7.405541,7.788021
89,hif2a_30,hif2a,-10.57,../data/fep_processed/hif2a/hif2a_30_ligand.sdf,../data/fep_processed/hif2a/hif2a_protein_stripped.pdb,89,7.652416,7.203841,7.2199817,7.2460427,6.781527,6.899483,7.1904845,7.7828155,7.565627,7.1898637,7.2732077
90,hif2a_1,hif2a,-11.32,../data/fep_processed/hif2a/hif2a_1_ligand.sdf,../data/fep_processed/hif2a/hif2a_protein_stripped.pdb,90,7.6298084,8.097547,7.3594155,7.53142,7.4408636,7.043477,7.967042,7.472245,7.9298916,7.2311316,7.5702844
91,hif2a_237,hif2a,-9.55,../data/fep_processed/hif2a/hif2a_237_ligand.sdf,../data/fep_processed/hif2a/hif2a_protein_stripped.pdb,91,7.6472683,7.560865,7.631939,7.592931,7.4485703,7.394088,7.7474165,7.794825,8.012008,7.457107,7.6287017
92,hif2a_227,hif2a,-10.76,../data/fep_processed/hif2a/hif2a_227_ligand.sdf,../data/fep_processed/hif2a/hif2a_protein_stripped.pdb,92,7.5943084,7.87061,7.6190295,7.6172676,7.897044,7.291025,7.854461,7.873457,7.625,7.50901,7.6751213
93,hif2a_266,hif2a,-10.53,../data/fep_processed/hif2a/hif2a_266_ligand.sdf,../data/fep_processed/hif2a/hif2a_protein_stripped.pdb,93,8.158384,7.332894,7.7869477,7.5217657,7.3427625,7.75244,7.176136,7.200403,7.7832227,7.506605,7.556157
94,hif2a_206,hif2a,-10.12,../data/fep_processed/hif2a/hif2a_206_ligand.sdf,../data/fep_processed/hif2a/hif2a_protein_stripped.pdb,94,7.9166527,7.2249665,7.684063,7.7342243,7.6626563,7.0968766,8.0251875,7.759024,7.8419147,7.6905403,7.663611
95,hif2a_67,hif2a,-10.17,../data/fep_processed/hif2a/hif2a_67_ligand.sdf,../data/fep_processed/hif2a/hif2a_protein_stripped.pdb,95,7.248632,7.082335,7.0148225,7.118769,6.345749,6.8982167,7.569321,7.9613204,6.9108367,7.889463,7.2039466
96,hif2a_156,hif2a,-9.74,../data/fep_processed/hif2a/hif2a_156_ligand.sdf,../data/fep_processed/hif2a/hif2a_protein_stripped.pdb,96,6.9587703,7.1220765,6.897951,7.4604564,6.9814553,6.7293553,7.574953,7.296613,7.005013,6.635556,7.0662208
97,hif2a_31,hif2a,-8.84,../data/fep_processed/hif2a/hif2a_31_ligand.sdf,../data/fep_processed/hif2a/hif2a_protein_stripped.pdb,97,6.971005,6.6700706,6.73394,7.058941,6.7397227,6.3844233,6.4821506,6.971398,7.350059,6.765087,6.8126802
98,hif2a_289,hif2a,-10.91,../data/fep_processed/hif2a/hif2a_289_ligand.sdf,../data/fep_processed/hif2a/hif2a_protein_stripped.pdb,98,7.496237,7.091327,7.324848,7.095414,7.23199,7.5138974,7.419888,6.5846786,7.2594028,6.8762918,7.1893973
99,hif2a_61,hif2a,-10.11,../data/fep_processed/hif2a/hif2a_61_ligand.sdf,../data/fep_processed/hif2a/hif2a_protein_stripped.pdb,99,7.5990524,7.8369074,6.8945556,6.4400263,7.112817,6.618945,7.2684803,7.2355695,7.5373745,6.807433,7.1351156
100,hif2a_167,hif2a,-10.67,../data/fep_processed/hif2a/hif2a_167_ligand.sdf,../data/fep_processed/hif2a/hif2a_protein_stripped.pdb,100,7.707584,7.4555054,7.989737,7.8529954,7.957789,7.6636343,7.667972,7.9685626,8.041307,7.7375984,7.8042693
101,hif2a_165,hif2a,-9.24,../data/fep_processed/hif2a/hif2a_165_ligand.sdf,../data/fep_processed/hif2a/hif2a_protein_stripped.pdb,101,7.7173786,7.4174123,7.5983763,7.464781,7.389985,6.981191,8.041301,7.5982804,7.476124,7.4445715,7.5129404
102,hif2a_41,hif2a,-9.79,../data/fep_processed/hif2a/hif2a_41_ligand.sdf,../data/fep_processed/hif2a/hif2a_protein_stripped.pdb,102,7.396329,7.8987594,7.0503263,6.836745,7.128,7.074046,7.5295734,7.644978,7.5609703,6.828395,7.294812
103,hif2a_7b,hif2a,-7.39,../data/fep_processed/hif2a/hif2a_7b_ligand.sdf,../data/fep_processed/hif2a/hif2a_protein_stripped.pdb,103,7.602821,7.8188643,7.2422776,6.8506308,7.5311513,6.3418055,7.3912735,7.4135175,7.418293,6.590808,7.220144
104,hif2a_54,hif2a,-9.31,../data/fep_processed/hif2a/hif2a_54_ligand.sdf,../data/fep_processed/hif2a/hif2a_protein_stripped.pdb,104,6.851659,6.9923577,6.348408,6.3232737,6.7497606,6.528586,7.270217,6.6782084,6.8367543,6.3393383,6.6918564
105,hif2a_215,hif2a,-10.6,../data/fep_processed/hif2a/hif2a_215_ligand.sdf,../data/fep_processed/hif2a/hif2a_protein_stripped.pdb,105,7.5486293,7.825618,7.715899,7.7911525,7.874763,7.2094774,7.8364515,7.5420356,7.834798,8.163492,7.7342315
106,hif2a_57,hif2a,-10.67,../data/fep_processed/hif2a/hif2a_57_ligand.sdf,../data/fep_processed/hif2a/hif2a_protein_stripped.pdb,106,8.044886,7.566286,7.617322,7.8979325,7.8784885,7.4713945,7.663812,8.223747,7.631412,7.309381,7.730466
107,hif2a_42,hif2a,-8.94,../data/fep_processed/hif2a/hif2a_42_ligand.sdf,../data/fep_processed/hif2a/hif2a_protein_stripped.pdb,107,7.1567297,7.5226135,6.8960853,7.356684,7.0060987,7.475232,7.4285035,8.15512,8.127681,6.947006,7.4071755
108,hif2a_35,hif2a,-7.15,../data/fep_processed/hif2a/hif2a_35_ligand.sdf,../data/fep_processed/hif2a/hif2a_protein_stripped.pdb,108,7.2869816,7.4476867,7.135989,7.0628986,7.36465,6.684147,7.0944715,7.1424127,7.407052,6.6575775,7.1283865
109,hif2a_252,hif2a,-9.71,../data/fep_processed/hif2a/hif2a_252_ligand.sdf,../data/fep_processed/hif2a/hif2a_protein_stripped.pdb,109,8.100706,7.6061673,7.7485495,7.8891535,7.5302515,7.37605,7.902548,8.017231,7.8583765,7.53822,7.7567253
110,hif2a_336,hif2a,-9.82,../data/fep_processed/hif2a/hif2a_336_ligand.sdf,../data/fep_processed/hif2a/hif2a_protein_stripped.pdb,110,7.5904202,7.3483586,6.981501,7.531565,7.043323,7.6317687,7.3893766,6.860151,7.72963,7.172702,7.3278794
111,hif2a_290,hif2a,-10.57,../data/fep_processed/hif2a/hif2a_290_ligand.sdf,../data/fep_processed/hif2a/hif2a_protein_stripped.pdb,111,8.244907,7.984592,7.8767,7.8924103,7.910854,7.4240217,7.931984,7.9878106,7.7826395,8.1684885,7.9204407
112,hif2a_155,hif2a,-10.5,../data/fep_processed/hif2a/hif2a_155_ligand.sdf,../data/fep_processed/hif2a/hif2a_protein_stripped.pdb,112,7.4395123,7.330469,7.2625356,7.647284,7.496775,7.2531104,7.7094297,7.695566,7.55945,7.1961126,7.459024
113,hif2a_164,hif2a,-6.76,../data/fep_processed/hif2a/hif2a_164_ligand.sdf,../data/fep_processed/hif2a/hif2a_protein_stripped.pdb,113,7.4426823,7.3632855,7.243578,7.174121,7.1422668,6.6403136,7.995183,7.1241183,7.5334454,7.1570315,7.281602
114,hif2a_7a,hif2a,-10.0,../data/fep_processed/hif2a/hif2a_7a_ligand.sdf,../data/fep_processed/hif2a/hif2a_protein_stripped.pdb,114,7.4435415,7.996277,7.0988874,7.154355,7.3228993,6.5080533,7.621301,7.5289693,7.5461745,6.8634005,7.3083863
115,hif2a_224,hif2a,-9.66,../data/fep_processed/hif2a/hif2a_224_ligand.sdf,../data/fep_processed/hif2a/hif2a_protein_stripped.pdb,115,7.6954556,6.95607,7.725896,7.165389,6.807088,7.657878,6.312116,7.9079366,7.5549493,7.56014,7.334292
116,hif2a_84,hif2a,-7.58,../data/fep_processed/hif2a/hif2a_84_ligand.sdf,../data/fep_processed/hif2a/hif2a_protein_stripped.pdb,116,7.568323,7.630781,7.0841093,6.6783066,7.066795,7.1010942,7.461048,6.964268,7.555144,6.69584,7.180571
117,hif2a_254,hif2a,-9.55,../data/fep_processed/hif2a/hif2a_254_ligand.sdf,../data/fep_processed/hif2a/hif2a_protein_stripped.pdb,117,8.1835165,7.3897724,7.8361416,7.8598785,7.599702,6.8837695,7.9357986,7.9894214,7.542198,7.6173525,7.6837554
118,hif2a_23,hif2a,-7.07,../data/fep_processed/hif2a/hif2a_23_ligand.sdf,../data/fep_processed/hif2a/hif2a_protein_stripped.pdb,118,7.610905,7.2643247,6.9645796,6.315538,6.9820876,6.5108027,7.8155594,6.9505215,6.9690905,6.695981,7.0079393
119,hif2a_251,hif2a,-10.24,../data/fep_processed/hif2a/hif2a_251_ligand.sdf,../data/fep_processed/hif2a/hif2a_protein_stripped.pdb,119,8.0103655,6.9922533,7.491695,7.2036448,6.8402753,6.6909513,8.173558,7.9150524,7.3377066,7.5886507,7.4244156
120,hif2a_256,hif2a,-10.67,../data/fep_processed/hif2a/hif2a_256_ligand.sdf,../data/fep_processed/hif2a/hif2a_protein_stripped.pdb,120,7.857179,7.4252005,7.3524623,7.079276,6.9412775,7.29126,8.011143,7.90582,7.6377926,7.2412643,7.4742675
121,hif2a_50,hif2a,-9.7,../data/fep_processed/hif2a/hif2a_50_ligand.sdf,../data/fep_processed/hif2a/hif2a_protein_stripped.pdb,121,7.192003,6.89171,6.694995,7.3537025,6.925726,6.4402757,6.593691,6.784071,6.980169,7.009256,6.88656
122,hif2a_231,hif2a,-10.02,../data/fep_processed/hif2a/hif2a_231_ligand.sdf,../data/fep_processed/hif2a/hif2a_protein_stripped.pdb,122,7.3680453,6.8246775,6.888882,7.3696017,7.0192466,7.177732,7.602447,7.0989237,6.9967093,6.8281894,7.1174445
123,hif2a_15,hif2a,-11.05,../data/fep_processed/hif2a/hif2a_15_ligand.sdf,../data/fep_processed/hif2a/hif2a_protein_stripped.pdb,123,7.9401736,7.846904,7.9531407,7.927042,7.91507,7.770364,8.064384,8.27698,8.0211735,8.10744,7.982267
124,hif2a_124,hif2a,-10.12,../data/fep_processed/hif2a/hif2a_124_ligand.sdf,../data/fep_processed/hif2a/hif2a_protein_stripped.pdb,124,7.396458,7.3131185,7.2461658,7.0205874,7.468647,7.2504053,7.157141,6.90013,7.0115404,6.8489814,7.1613183
125,hif2a_25,hif2a,-10.28,../data/fep_processed/hif2a/hif2a_25_ligand.sdf,../data/fep_processed/hif2a/hif2a_protein_stripped.pdb,125,7.5510387,7.563425,7.3110375,7.7831416,7.3603168,7.2721834,7.18751,7.318875,7.553148,7.736653,7.4637327
126,hif2a_163,hif2a,-11.01,../data/fep_processed/hif2a/hif2a_163_ligand.sdf,../data/fep_processed/hif2a/hif2a_protein_stripped.pdb,126,7.7489877,7.3651896,7.6498675,7.7822757,7.544117,7.4498916,8.118722,7.9313345,7.806899,7.556936,7.695422
127,pfkfb3_43,pfkfb3,-8.0,../data/fep_processed/pfkfb3/pfkfb3_43_ligand.sdf,../data/fep_processed/pfkfb3/pfkfb3_protein_stripped.pdb,127,7.42809,7.148557,7.3571095,6.50197,6.3885794,7.3539176,6.2426305,7.1495094,6.526299,6.991581,6.908824
128,pfkfb3_30,pfkfb3,-9.2,../data/fep_processed/pfkfb3/pfkfb3_30_ligand.sdf,../data/fep_processed/pfkfb3/pfkfb3_protein_stripped.pdb,128,6.5350766,5.8906474,6.7596965,6.016656,6.3311796,6.3147855,5.958679,6.1647463,5.7953205,6.1472845,6.191407
129,pfkfb3_65,pfkfb3,-9.49,../data/fep_processed/pfkfb3/pfkfb3_65_ligand.sdf,../data/fep_processed/pfkfb3/pfkfb3_protein_stripped.pdb,129,7.8485994,7.791268,7.7426724,7.388422,7.288909,7.440922,6.7238975,7.969819,7.491791,6.474545,7.4160843
130,pfkfb3_49,pfkfb3,-7.93,../data/fep_processed/pfkfb3/pfkfb3_49_ligand.sdf,../data/fep_processed/pfkfb3/pfkfb3_protein_stripped.pdb,130,6.647946,7.206704,6.441867,6.257887,6.0362935,6.897504,5.784305,6.9229727,6.461896,6.4893656,6.514674
131,pfkfb3_24,pfkfb3,-8.87,../data/fep_processed/pfkfb3/pfkfb3_24_ligand.sdf,../data/fep_processed/pfkfb3/pfkfb3_protein_stripped.pdb,131,6.5766044,6.4388576,6.582587,6.4710293,6.590794,6.2452292,6.8111744,6.3137064,6.517777,6.2563143,6.4804077
132,pfkfb3_67,pfkfb3,-10.24,../data/fep_processed/pfkfb3/pfkfb3_67_ligand.sdf,../data/fep_processed/pfkfb3/pfkfb3_protein_stripped.pdb,132,7.479827,7.2216697,7.3961463,6.7574725,6.8301897,6.6568346,6.3924913,7.6548915,7.3122644,6.538939,7.024072
133,pfkfb3_62,pfkfb3,-7.69,../data/fep_processed/pfkfb3/pfkfb3_62_ligand.sdf,../data/fep_processed/pfkfb3/pfkfb3_protein_stripped.pdb,133,7.5973644,8.1635,7.432244,7.2365417,7.1179657,6.977708,6.441308,7.994631,7.3569064,7.1299233,7.344808
134,pfkfb3_56,pfkfb3,-10.57,../data/fep_processed/pfkfb3/pfkfb3_56_ligand.sdf,../data/fep_processed/pfkfb3/pfkfb3_protein_stripped.pdb,134,7.2366285,7.5805464,7.445996,6.5657463,6.9368753,7.049189,6.549752,7.1970105,6.810959,7.1553655,7.052807
135,pfkfb3_59,pfkfb3,-8.12,../data/fep_processed/pfkfb3/pfkfb3_59_ligand.sdf,../data/fep_processed/pfkfb3/pfkfb3_protein_stripped.pdb,135,6.5626545,7.458887,7.3333626,7.221097,6.466766,6.8555036,5.84745,7.195989,6.593558,6.967634,6.85029
136,pfkfb3_38,pfkfb3,-8.76,../data/fep_processed/pfkfb3/pfkfb3_38_ligand.sdf,../data/fep_processed/pfkfb3/pfkfb3_protein_stripped.pdb,136,6.1089787,6.8866916,6.614161,6.0768843,6.191458,6.8536983,5.5573435,6.8860893,6.5526905,6.867648,6.4595633
137,pfkfb3_31,pfkfb3,-9.28,../data/fep_processed/pfkfb3/pfkfb3_31_ligand.sdf,../data/fep_processed/pfkfb3/pfkfb3_protein_stripped.pdb,137,6.459108,6.578098,6.798087,6.650197,6.3651366,6.929918,6.041673,6.4344807,5.906984,6.6572742,6.482095
138,pfkfb3_48,pfkfb3,-8.01,../data/fep_processed/pfkfb3/pfkfb3_48_ligand.sdf,../data/fep_processed/pfkfb3/pfkfb3_protein_stripped.pdb,138,6.6920786,7.0709953,7.3298483,6.724174,6.4014797,7.286289,6.084644,7.0085506,6.499247,6.6596484,6.775696
139,pfkfb3_58,pfkfb3,-9.13,../data/fep_processed/pfkfb3/pfkfb3_58_ligand.sdf,../data/fep_processed/pfkfb3/pfkfb3_protein_stripped.pdb,139,7.132533,7.4124703,7.632806,6.7563133,7.0592885,7.3362274,5.657601,7.2857804,6.5780764,7.15877,7.0009866
140,pfkfb3_41,pfkfb3,-7.39,../data/fep_processed/pfkfb3/pfkfb3_41_ligand.sdf,../data/fep_processed/pfkfb3/pfkfb3_protein_stripped.pdb,140,7.3765464,7.2818666,7.5845976,6.9297915,6.4536543,6.8575525,6.5574074,6.9997334,7.496505,6.985438,7.0523095
141,pfkfb3_29,pfkfb3,-9.65,../data/fep_processed/pfkfb3/pfkfb3_29_ligand.sdf,../data/fep_processed/pfkfb3/pfkfb3_protein_stripped.pdb,141,6.4390297,7.2105446,7.1825533,6.7267814,6.9229016,7.127585,6.4490013,6.9245253,6.745186,7.1649847,6.88931
142,pfkfb3_54,pfkfb3,-8.18,../data/fep_processed/pfkfb3/pfkfb3_54_ligand.sdf,../data/fep_processed/pfkfb3/pfkfb3_protein_stripped.pdb,142,6.4901824,7.3191805,6.5745354,5.6600933,6.6094575,6.8709674,5.898841,6.981625,6.461985,6.2491517,6.511602
143,pfkfb3_47,pfkfb3,-8.33,../data/fep_processed/pfkfb3/pfkfb3_47_ligand.sdf,../data/fep_processed/pfkfb3/pfkfb3_protein_stripped.pdb,143,6.724476,7.0479417,7.305905,6.6395082,6.2418885,7.1554694,5.724712,7.3624377,7.2548413,6.8073053,6.826449
144,pfkfb3_26,pfkfb3,-9.17,../data/fep_processed/pfkfb3/pfkfb3_26_ligand.sdf,../data/fep_processed/pfkfb3/pfkfb3_protein_stripped.pdb,144,6.2675033,6.55035,6.156044,6.4320183,6.387798,6.4271216,6.3083587,6.432041,6.079458,6.4247537,6.346545
145,pfkfb3_55,pfkfb3,-10.64,../data/fep_processed/pfkfb3/pfkfb3_55_ligand.sdf,../data/fep_processed/pfkfb3/pfkfb3_protein_stripped.pdb,145,7.4793816,7.340138,7.4522223,7.279871,7.2724156,7.1756268,6.8389416,7.4958863,6.806023,7.1401978,7.2280707
146,pfkfb3_20,pfkfb3,-8.52,../data/fep_processed/pfkfb3/pfkfb3_20_ligand.sdf,../data/fep_processed/pfkfb3/pfkfb3_protein_stripped.pdb,146,6.893775,7.0459175,7.511819,6.65908,6.3734984,7.2189975,6.1888514,7.1025767,6.8345466,6.9157443,6.8744802
147,pfkfb3_57,pfkfb3,-10.47,../data/fep_processed/pfkfb3/pfkfb3_57_ligand.sdf,../data/fep_processed/pfkfb3/pfkfb3_protein_stripped.pdb,147,7.4244547,7.7860165,7.707231,7.115851,7.039374,6.7901254,6.3029213,7.2142572,7.1858597,6.92497,7.149106
148,pfkfb3_42,pfkfb3,-8.47,../data/fep_processed/pfkfb3/pfkfb3_42_ligand.sdf,../data/fep_processed/pfkfb3/pfkfb3_protein_stripped.pdb,148,6.6394653,6.8965335,6.9398713,6.01154,6.3476014,6.9371414,6.0059686,7.065623,7.25464,6.5836706,6.6682053
149,pfkfb3_35,pfkfb3,-10.14,../data/fep_processed/pfkfb3/pfkfb3_35_ligand.sdf,../data/fep_processed/pfkfb3/pfkfb3_protein_stripped.pdb,149,6.7544107,7.3106174,7.030245,6.3602157,6.5248866,7.069321,6.0964804,6.995947,6.297618,6.8523364,6.7292075
150,pfkfb3_44,pfkfb3,-9.95,../data/fep_processed/pfkfb3/pfkfb3_44_ligand.sdf,../data/fep_processed/pfkfb3/pfkfb3_protein_stripped.pdb,150,7.303434,6.866161,7.1877623,6.6522655,6.2263365,7.234785,6.522134,7.1676083,6.656292,6.483421,6.8300195
151,pfkfb3_63,pfkfb3,-8.56,../data/fep_processed/pfkfb3/pfkfb3_63_ligand.sdf,../data/fep_processed/pfkfb3/pfkfb3_protein_stripped.pdb,151,7.970727,8.0657625,7.842012,7.3026114,7.447695,7.255198,6.9220724,7.9719567,7.5870943,7.1631327,7.552827
152,pfkfb3_69,pfkfb3,-10.71,../data/fep_processed/pfkfb3/pfkfb3_69_ligand.sdf,../data/fep_processed/pfkfb3/pfkfb3_protein_stripped.pdb,152,7.112066,7.728752,7.589198,6.7629504,7.0038257,7.5544496,5.9112673,7.293175,7.2079716,6.4443946,7.0608053
153,pfkfb3_52,pfkfb3,-10.4,../data/fep_processed/pfkfb3/pfkfb3_52_ligand.sdf,../data/fep_processed/pfkfb3/pfkfb3_protein_stripped.pdb,153,6.776604,7.366427,6.5867515,6.435215,6.532681,7.1895776,6.2805443,7.1834755,6.756104,6.35896,6.746634
154,pfkfb3_19,pfkfb3,-7.55,../data/fep_processed/pfkfb3/pfkfb3_19_ligand.sdf,../data/fep_processed/pfkfb3/pfkfb3_protein_stripped.pdb,154,6.541639,6.421459,6.981761,6.474829,6.1891212,6.522926,6.4682345,6.1449165,5.919097,6.26342,6.3927407
155,pfkfb3_68,pfkfb3,-9.78,../data/fep_processed/pfkfb3/pfkfb3_68_ligand.sdf,../data/fep_processed/pfkfb3/pfkfb3_protein_stripped.pdb,155,7.2202106,7.277259,7.00711,6.683766,7.0608478,6.60553,6.3073397,7.630033,7.188203,6.847309,6.9827604
156,pfkfb3_33,pfkfb3,-8.61,../data/fep_processed/pfkfb3/pfkfb3_33_ligand.sdf,../data/fep_processed/pfkfb3/pfkfb3_protein_stripped.pdb,156,6.6710615,6.4315643,6.6446977,6.72517,6.4814095,6.5184197,6.598725,6.313976,5.906914,6.0885925,6.438053
157,pfkfb3_70,pfkfb3,-10.3,../data/fep_processed/pfkfb3/pfkfb3_70_ligand.sdf,../data/fep_processed/pfkfb3/pfkfb3_protein_stripped.pdb,157,7.157361,7.8016577,7.432204,6.789389,7.133419,7.401968,5.477061,6.90626,7.1953816,6.7455273,7.004023
158,pfkfb3_53,pfkfb3,-7.0,../data/fep_processed/pfkfb3/pfkfb3_53_ligand.sdf,../data/fep_processed/pfkfb3/pfkfb3_protein_stripped.pdb,158,6.54378,7.3915944,7.0517125,6.074068,6.6189947,7.7414575,5.982844,7.139809,6.6540766,6.479658,6.7677994
159,pfkfb3_64,pfkfb3,-9.42,../data/fep_processed/pfkfb3/pfkfb3_64_ligand.sdf,../data/fep_processed/pfkfb3/pfkfb3_protein_stripped.pdb,159,7.930575,7.985591,7.8197865,7.0990286,7.308654,7.3643055,7.09525,7.987694,7.510172,6.7141657,7.4815226
160,pfkfb3_39,pfkfb3,-7.2,../data/fep_processed/pfkfb3/pfkfb3_39_ligand.sdf,../data/fep_processed/pfkfb3/pfkfb3_protein_stripped.pdb,160,6.725692,7.122797,6.8648286,6.1436334,6.257852,6.737651,5.9505796,6.9968066,6.080643,6.69098,6.5571465
161,pfkfb3_37,pfkfb3,-10.0,../data/fep_processed/pfkfb3/pfkfb3_37_ligand.sdf,../data/fep_processed/pfkfb3/pfkfb3_protein_stripped.pdb,161,6.667519,7.018047,6.9505777,6.6384892,6.5439706,6.988981,6.336513,6.76072,6.961137,7.001768,6.7867723
162,pfkfb3_23,pfkfb3,-7.91,../data/fep_processed/pfkfb3/pfkfb3_23_ligand.sdf,../data/fep_processed/pfkfb3/pfkfb3_protein_stripped.pdb,162,6.156409,6.2725425,6.763379,6.243571,6.2790856,6.5163918,6.2757297,5.8766503,5.665217,6.150585,6.2199564
163,pfkfb3_60,pfkfb3,-8.14,../data/fep_processed/pfkfb3/pfkfb3_60_ligand.sdf,../data/fep_processed/pfkfb3/pfkfb3_protein_stripped.pdb,163,7.388878,7.5552044,7.3817844,6.6607375,6.8197746,7.323314,6.234392,7.0692034,7.659012,7.0525064,7.1144805
164,pfkfb3_34,pfkfb3,-9.97,../data/fep_processed/pfkfb3/pfkfb3_34_ligand.sdf,../data/fep_processed/pfkfb3/pfkfb3_protein_stripped.pdb,164,6.327701,6.4602137,6.0556064,6.4812803,6.0512643,6.574464,6.2213993,6.4835057,6.2324047,6.4971414,6.338498
165,pfkfb3_36,pfkfb3,-7.44,../data/fep_processed/pfkfb3/pfkfb3_36_ligand.sdf,../data/fep_processed/pfkfb3/pfkfb3_protein_stripped.pdb,165,6.2945356,6.4757633,7.028039,5.7373185,5.9627404,6.3127575,5.8982553,6.0798845,5.9849505,5.8856,6.165984
166,pfkfb3_46,pfkfb3,-7.86,../data/fep_processed/pfkfb3/pfkfb3_46_ligand.sdf,../data/fep_processed/pfkfb3/pfkfb3_protein_stripped.pdb,166,7.3627715,7.4875517,7.6163287,6.9568586,6.440102,6.8030744,7.11059,7.1255317,7.6132646,7.6920257,7.220809
167,shp2_SHP099-1Example7,shp2,-9.75,../data/fep_processed/shp2/shp2_SHP099-1Example7_ligand.sdf,../data/fep_processed/shp2/shp2_protein_stripped.pdb,167,6.60992,7.0350156,5.648841,6.229456,6.4533253,6.1297536,6.434289,6.222746,6.6641493,6.9449463,6.4372435
168,shp2_Example22,shp2,-9.24,../data/fep_processed/shp2/shp2_Example22_ligand.sdf,../data/fep_processed/shp2/shp2_protein_stripped.pdb,168,6.7227507,7.5426598,6.3979774,7.4472485,6.8394446,6.753294,6.8664446,6.601723,7.9474764,7.2222934,7.034131
169,shp2_Example29,shp2,-7.62,../data/fep_processed/shp2/shp2_Example29_ligand.sdf,../data/fep_processed/shp2/shp2_protein_stripped.pdb,169,6.2099876,5.920528,5.280812,5.5529838,6.590517,6.5559907,5.4099317,6.573361,7.0585155,7.105311,6.225794
170,shp2_11,shp2,-6.35,../data/fep_processed/shp2/shp2_11_ligand.sdf,../data/fep_processed/shp2/shp2_protein_stripped.pdb,170,7.095844,7.1527104,5.837674,6.1813493,6.06302,5.67551,5.676178,6.086987,6.477566,6.3740993,6.2620935
171,shp2_4,shp2,-5.82,../data/fep_processed/shp2/shp2_4_ligand.sdf,../data/fep_processed/shp2/shp2_protein_stripped.pdb,171,5.512005,6.4928327,5.6744685,5.6709003,5.6654544,6.99198,6.5753756,5.407167,5.693772,6.84096,6.052491
172,shp2_Example2,shp2,-8.28,../data/fep_processed/shp2/shp2_Example2_ligand.sdf,../data/fep_processed/shp2/shp2_protein_stripped.pdb,172,5.7866063,6.815177,5.013025,5.9117756,6.5915027,5.703829,6.417103,5.8045864,7.4953055,6.209468,6.1748376
173,shp2_Example14,shp2,-9.78,../data/fep_processed/shp2/shp2_Example14_ligand.sdf,../data/fep_processed/shp2/shp2_protein_stripped.pdb,173,5.5450935,6.259171,6.214671,5.610928,5.645058,5.8789887,5.369827,6.182729,5.9035883,6.628507,5.923856
174,shp2_Example26,shp2,-8.96,../data/fep_processed/shp2/shp2_Example26_ligand.sdf,../data/fep_processed/shp2/shp2_protein_stripped.pdb,174,7.5570545,7.6468678,7.2692113,7.673973,7.510668,6.939938,7.014723,7.248392,8.076611,7.2351556,7.417259
175,shp2_SHP836-2,shp2,-6.71,../data/fep_processed/shp2/shp2_SHP836-2_ligand.sdf,../data/fep_processed/shp2/shp2_protein_stripped.pdb,175,5.460139,6.3942018,5.6249156,5.350184,6.3052397,6.455886,6.718301,5.360801,5.9711394,6.6428456,6.028365
176,shp2_Example6,shp2,-9.07,../data/fep_processed/shp2/shp2_Example6_ligand.sdf,../data/fep_processed/shp2/shp2_protein_stripped.pdb,176,7.001446,7.258068,5.9942408,6.6461926,6.9668407,7.029065,7.2570095,6.7111197,7.9381084,7.0451574,6.984725
177,shp2_Example1,shp2,-8.99,../data/fep_processed/shp2/shp2_Example1_ligand.sdf,../data/fep_processed/shp2/shp2_protein_stripped.pdb,177,6.6818113,7.1449766,5.520114,6.340284,6.6371093,6.621695,6.6121964,6.0624638,7.562864,6.8395066,6.6023016
178,shp2_3,shp2,-5.46,../data/fep_processed/shp2/shp2_3_ligand.sdf,../data/fep_processed/shp2/shp2_protein_stripped.pdb,178,4.9507008,5.6023755,5.1816206,5.0556865,5.65686,5.786302,6.2744384,5.262493,5.4256454,5.932713,5.512883
179,shp2_Example9,shp2,-8.79,../data/fep_processed/shp2/shp2_Example9_ligand.sdf,../data/fep_processed/shp2/shp2_protein_stripped.pdb,179,6.5546675,6.382095,6.0388675,6.135799,6.1794333,6.0764804,5.668907,6.325429,6.426803,6.410718,6.21992
180,shp2_Example8,shp2,-9.71,../data/fep_processed/shp2/shp2_Example8_ligand.sdf,../data/fep_processed/shp2/shp2_protein_stripped.pdb,180,6.8199897,6.621958,6.1429415,6.1833377,6.451515,6.3090615,6.0923743,6.2067323,6.8345985,6.682107,6.434462
181,shp2_7,shp2,-7.08,../data/fep_processed/shp2/shp2_7_ligand.sdf,../data/fep_processed/shp2/shp2_protein_stripped.pdb,181,6.4854236,6.726795,5.727202,5.674902,6.0587506,6.767969,6.764663,5.8903875,7.1283875,6.4597006,6.368418
182,shp2_Example24,shp2,-9.08,../data/fep_processed/shp2/shp2_Example24_ligand.sdf,../data/fep_processed/shp2/shp2_protein_stripped.pdb,182,6.573486,7.7113585,6.2947516,6.254076,6.6999364,6.92106,6.319685,6.0359197,6.9037776,7.205592,6.691964
183,shp2_Example28,shp2,-8.46,../data/fep_processed/shp2/shp2_Example28_ligand.sdf,../data/fep_processed/shp2/shp2_protein_stripped.pdb,183,5.5326066,6.3681674,5.110608,4.66127,6.366597,5.7192893,5.5922346,6.0947556,6.1450014,6.2952094,5.7885737
184,shp2_10,shp2,-7.15,../data/fep_processed/shp2/shp2_10_ligand.sdf,../data/fep_processed/shp2/shp2_protein_stripped.pdb,184,6.3436556,6.4752293,5.201205,5.5082707,6.109622,5.86318,5.847186,5.508147,6.777245,6.285394,5.9919133
185,shp2_Example25,shp2,-8.87,../data/fep_processed/shp2/shp2_Example25_ligand.sdf,../data/fep_processed/shp2/shp2_protein_stripped.pdb,185,7.6874757,8.044632,7.2691193,7.7235436,7.7379274,6.879773,6.7356763,7.478132,7.6140018,7.708744,7.487901
186,shp2_Example27,shp2,-8.52,../data/fep_processed/shp2/shp2_Example27_ligand.sdf,../data/fep_processed/shp2/shp2_protein_stripped.pdb,186,5.5888796,6.249342,6.0778413,5.834382,6.449342,6.0639462,6.544926,5.843066,5.4498973,6.3631225,6.0464745
187,shp2_6,shp2,-8.03,../data/fep_processed/shp2/shp2_6_ligand.sdf,../data/fep_processed/shp2/shp2_protein_stripped.pdb,187,6.302283,6.757112,5.3787804,5.982438,6.3198643,6.884558,6.177671,6.0210247,7.171461,6.286531,6.328172
188,shp2_Example30,shp2,-9.16,../data/fep_processed/shp2/shp2_Example30_ligand.sdf,../data/fep_processed/shp2/shp2_protein_stripped.pdb,188,6.426353,7.4031925,6.255824,6.4959564,7.111582,6.5382805,6.621614,6.309968,7.2745905,6.920663,6.7358027
189,shp2_Example5,shp2,-7.56,../data/fep_processed/shp2/shp2_Example5_ligand.sdf,../data/fep_processed/shp2/shp2_protein_stripped.pdb,189,7.0732656,7.184709,6.6848216,6.8231997,6.8615584,7.433683,6.8932886,7.5426574,7.462672,7.1562557,7.1116114
190,shp2_Example4,shp2,-8.2,../data/fep_processed/shp2/shp2_Example4_ligand.sdf,../data/fep_processed/shp2/shp2_protein_stripped.pdb,190,4.9725933,6.5793967,5.23095,5.542178,6.100054,6.1115656,6.464818,5.9869514,6.724454,6.0605135,5.9773474
191,shp2_Example23,shp2,-8.74,../data/fep_processed/shp2/shp2_Example23_ligand.sdf,../data/fep_processed/shp2/shp2_protein_stripped.pdb,191,6.5633984,7.242293,5.920345,6.905467,6.842533,5.9041295,6.3646727,6.279705,7.6149535,6.8766856,6.651418
192,shp2_Example3,shp2,-8.22,../data/fep_processed/shp2/shp2_Example3_ligand.sdf,../data/fep_processed/shp2/shp2_protein_stripped.pdb,192,6.1864886,6.7785063,5.4148664,6.025895,6.357502,6.360571,6.7276106,6.1899586,6.8818264,6.2171845,6.314041
193,syk_CHEMBL3264999,syk,-11.42,../data/fep_processed/syk/syk_CHEMBL3264999_ligand.sdf,../data/fep_processed/syk/syk_protein_stripped.pdb,193,7.431484,7.726217,7.8262153,7.4354496,7.6736465,7.91678,7.44764,7.7584624,7.539093,7.9943647,7.6749353
194,syk_CHEMBL3265014,syk,-10.4,../data/fep_processed/syk/syk_CHEMBL3265014_ligand.sdf,../data/fep_processed/syk/syk_protein_stripped.pdb,194,6.7897367,6.865035,6.952488,7.355466,7.046349,7.2456603,7.3806458,6.7682853,6.978563,7.120314,7.050254
195,syk_CHEMBL3265034,syk,-11.49,../data/fep_processed/syk/syk_CHEMBL3265034_ligand.sdf,../data/fep_processed/syk/syk_protein_stripped.pdb,195,6.945503,7.5879083,7.234972,7.5740423,7.2856627,7.354563,7.5495872,7.5612297,7.542106,7.618352,7.425393
196,syk_CHEMBL3265015,syk,-9.48,../data/fep_processed/syk/syk_CHEMBL3265015_ligand.sdf,../data/fep_processed/syk/syk_protein_stripped.pdb,196,7.2314687,7.2137327,6.958715,7.219394,7.028899,7.3677773,6.7384505,6.7063265,6.9727254,7.31372,7.0751204
197,syk_CHEMBL3265036,syk,-10.42,../data/fep_processed/syk/syk_CHEMBL3265036_ligand.sdf,../data/fep_processed/syk/syk_protein_stripped.pdb,197,7.0551333,7.471282,7.4623466,7.8157554,7.4221144,7.3522587,7.53038,7.452932,7.514358,7.766099,7.4842653
198,syk_CHEMBL3265020,syk,-11.01,../data/fep_processed/syk/syk_CHEMBL3265020_ligand.sdf,../data/fep_processed/syk/syk_protein_stripped.pdb,198,7.1288576,7.427587,7.269305,7.780058,7.4373183,7.4377875,7.5516906,7.580259,7.1877747,7.0227413,7.382337
199,syk_CHEMBL3265023,syk,-10.48,../data/fep_processed/syk/syk_CHEMBL3265023_ligand.sdf,../data/fep_processed/syk/syk_protein_stripped.pdb,199,6.8198714,7.2291975,7.2343135,7.8832436,7.4051523,7.2919936,7.6131053,7.683708,7.9913635,7.471201,7.4623146
200,syk_CHEMBL3265002,syk,-10.61,../data/fep_processed/syk/syk_CHEMBL3265002_ligand.sdf,../data/fep_processed/syk/syk_protein_stripped.pdb,200,7.232566,7.504633,7.753974,7.319709,7.6957855,7.551319,7.5198836,7.715237,7.097176,7.594274,7.498456
201,syk_CHEMBL3265033,syk,-11.84,../data/fep_processed/syk/syk_CHEMBL3265033_ligand.sdf,../data/fep_processed/syk/syk_protein_stripped.pdb,201,7.543049,7.520798,7.7714767,7.7330146,8.191345,7.6618752,8.288767,8.012929,8.087389,7.988832,7.8799477
202,syk_CHEMBL3265027,syk,-10.33,../data/fep_processed/syk/syk_CHEMBL3265027_ligand.sdf,../data/fep_processed/syk/syk_protein_stripped.pdb,202,6.75784,7.122761,7.1769323,7.5247307,7.4306135,7.166963,7.3869596,7.490978,6.894139,6.6737456,7.162566
203,syk_CHEMBL3265028,syk,-11.01,../data/fep_processed/syk/syk_CHEMBL3265028_ligand.sdf,../data/fep_processed/syk/syk_protein_stripped.pdb,203,6.9851384,7.168545,6.8191366,7.627605,7.460155,7.080459,7.3630543,7.632699,6.98341,6.4345107,7.155472
204,syk_CHEMBL3264997,syk,-10.98,../data/fep_processed/syk/syk_CHEMBL3264997_ligand.sdf,../data/fep_processed/syk/syk_protein_stripped.pdb,204,7.8105073,7.7152634,7.317544,7.995378,7.740884,7.837781,7.6931424,7.365277,7.9261084,7.8626056,7.726449
205,syk_CHEMBL3264996,syk,-10.67,../data/fep_processed/syk/syk_CHEMBL3264996_ligand.sdf,../data/fep_processed/syk/syk_protein_stripped.pdb,205,7.1611714,6.608609,7.126615,7.15895,7.529382,7.276717,6.6335015,7.2197943,7.170254,7.250656,7.113565
206,syk_CHEMBL3264994,syk,-9.81,../data/fep_processed/syk/syk_CHEMBL3264994_ligand.sdf,../data/fep_processed/syk/syk_protein_stripped.pdb,206,6.546166,7.560173,7.0653973,7.0556636,6.8822002,7.123365,7.032375,7.143758,7.6035786,7.798703,7.181138
207,syk_CHEMBL3264995,syk,-12.39,../data/fep_processed/syk/syk_CHEMBL3264995_ligand.sdf,../data/fep_processed/syk/syk_protein_stripped.pdb,207,7.905727,7.696075,7.8819356,8.37203,8.008991,8.1512375,8.020768,7.6868114,7.7379155,8.177343,7.963884
208,syk_CHEMBL3265032,syk,-11.06,../data/fep_processed/syk/syk_CHEMBL3265032_ligand.sdf,../data/fep_processed/syk/syk_protein_stripped.pdb,208,7.041634,7.5295005,7.409066,7.8340836,7.4538565,7.438293,7.642716,7.4653034,7.535303,7.846064,7.519582
209,syk_CHEMBL3265031,syk,-12.07,../data/fep_processed/syk/syk_CHEMBL3265031_ligand.sdf,../data/fep_processed/syk/syk_protein_stripped.pdb,209,7.5415072,7.2747464,7.172156,7.5938325,7.789185,7.2821856,7.825526,7.7197075,7.5237327,8.202784,7.592536
210,syk_CHEMBL3265037,syk,-12.77,../data/fep_processed/syk/syk_CHEMBL3265037_ligand.sdf,../data/fep_processed/syk/syk_protein_stripped.pdb,210,7.6444173,7.6970468,7.525877,8.460615,7.7789655,7.8360662,8.15031,7.9426355,7.950307,7.8646836,7.8850927
211,syk_CHEMBL3265026,syk,-11.36,../data/fep_processed/syk/syk_CHEMBL3265026_ligand.sdf,../data/fep_processed/syk/syk_protein_stripped.pdb,211,7.11065,7.4787602,7.0182366,7.501038,7.535013,6.930525,7.3862014,7.357834,7.4776554,7.5580606,7.3353972
212,syk_CHEMBL3265012,syk,-10.55,../data/fep_processed/syk/syk_CHEMBL3265012_ligand.sdf,../data/fep_processed/syk/syk_protein_stripped.pdb,212,7.033849,7.221713,6.9187665,7.3841724,7.199607,6.9466934,7.3349423,6.754509,7.210267,7.6033955,7.160791
213,syk_CHEMBL3265003,syk,-10.82,../data/fep_processed/syk/syk_CHEMBL3265003_ligand.sdf,../data/fep_processed/syk/syk_protein_stripped.pdb,213,7.6223145,7.858633,7.552312,7.77444,7.858762,7.654226,8.036173,7.887959,7.7012177,7.8540106,7.780004
214,syk_CHEMBL3264998,syk,-11.72,../data/fep_processed/syk/syk_CHEMBL3264998_ligand.sdf,../data/fep_processed/syk/syk_protein_stripped.pdb,214,7.438194,7.6399198,7.512909,7.8124666,7.458637,7.524511,7.2040486,7.64441,6.954377,7.439818,7.462929
215,syk_CHEMBL3265029,syk,-11.12,../data/fep_processed/syk/syk_CHEMBL3265029_ligand.sdf,../data/fep_processed/syk/syk_protein_stripped.pdb,215,6.5045047,7.1362066,6.9883943,7.185501,7.265897,6.6793766,6.784956,7.315844,7.5266256,6.462942,6.985025
216,syk_CHEMBL3265035,syk,-11.08,../data/fep_processed/syk/syk_CHEMBL3265035_ligand.sdf,../data/fep_processed/syk/syk_protein_stripped.pdb,216,6.4517484,7.1989594,7.3540354,7.1455145,7.3331666,7.6247463,7.4635,7.504548,7.4169726,7.441488,7.2934675
217,syk_CHEMBL3265024,syk,-11.79,../data/fep_processed/syk/syk_CHEMBL3265024_ligand.sdf,../data/fep_processed/syk/syk_protein_stripped.pdb,217,6.9774256,7.309388,7.4117436,7.547634,7.6336308,7.0943193,7.6914062,7.488506,7.2891846,7.171123,7.361436
218,syk_CHEMBL3265018,syk,-11.19,../data/fep_processed/syk/syk_CHEMBL3265018_ligand.sdf,../data/fep_processed/syk/syk_protein_stripped.pdb,218,6.847138,7.441226,7.6230693,8.071399,7.4100194,7.816542,7.8907313,7.8459425,7.1090035,7.588338,7.5643415
219,syk_CHEMBL3265008,syk,-9.78,../data/fep_processed/syk/syk_CHEMBL3265008_ligand.sdf,../data/fep_processed/syk/syk_protein_stripped.pdb,219,6.9650607,7.333494,7.4244447,7.4438496,7.077745,6.883809,7.0592074,7.041466,7.1559353,7.892184,7.2277193
220,syk_CHEMBL3265016,syk,-11.69,../data/fep_processed/syk/syk_CHEMBL3265016_ligand.sdf,../data/fep_processed/syk/syk_protein_stripped.pdb,220,7.166696,7.432669,7.205551,7.801579,7.291711,7.170173,7.349136,7.679209,7.1386633,6.9116025,7.3146996
221,syk_CHEMBL3265025,syk,-10.2,../data/fep_processed/syk/syk_CHEMBL3265025_ligand.sdf,../data/fep_processed/syk/syk_protein_stripped.pdb,221,7.0619164,7.250971,7.6365185,7.3445797,7.810335,7.189235,7.8957796,7.4994264,7.3145456,7.276586,7.42799
222,syk_CHEMBL3265013,syk,-9.81,../data/fep_processed/syk/syk_CHEMBL3265013_ligand.sdf,../data/fep_processed/syk/syk_protein_stripped.pdb,222,6.905908,7.0970407,6.744028,7.193305,6.881939,7.5034943,6.9532866,7.0114536,7.37037,7.6434817,7.1304297
223,syk_CHEMBL3259820,syk,-10.57,../data/fep_processed/syk/syk_CHEMBL3259820_ligand.sdf,../data/fep_processed/syk/syk_protein_stripped.pdb,223,6.8951936,7.149431,7.229947,7.503588,7.2140236,7.239245,7.208195,6.8783545,6.8854375,7.620349,7.182376
224,syk_CHEMBL3265001,syk,-12.03,../data/fep_processed/syk/syk_CHEMBL3265001_ligand.sdf,../data/fep_processed/syk/syk_protein_stripped.pdb,224,7.892191,7.5459795,7.7297783,7.8453693,7.5854874,8.034211,8.192263,8.035651,8.326112,7.787563,7.89746
225,syk_CHEMBL3265006,syk,-9.96,../data/fep_processed/syk/syk_CHEMBL3265006_ligand.sdf,../data/fep_processed/syk/syk_protein_stripped.pdb,225,7.390499,7.4355364,6.810334,7.4104543,6.96787,7.0954423,6.9506927,7.1299996,7.282874,7.6624928,7.213619
226,syk_CHEMBL3265030_n,syk,-11.47,../data/fep_processed/syk/syk_CHEMBL3265030_n_ligand.sdf,../data/fep_processed/syk/syk_protein_stripped.pdb,226,7.1062136,7.1259184,7.266894,7.684852,7.650918,7.296088,8.004233,7.6602817,7.653282,7.5673194,7.5016007
227,syk_CHEMBL3265022,syk,-10.79,../data/fep_processed/syk/syk_CHEMBL3265022_ligand.sdf,../data/fep_processed/syk/syk_protein_stripped.pdb,227,6.926559,7.4647746,7.17334,7.939075,7.5435405,7.747132,7.6613603,7.429944,7.8438683,7.420097,7.51497
228,syk_CHEMBL3265019,syk,-10.78,../data/fep_processed/syk/syk_CHEMBL3265019_ligand.sdf,../data/fep_processed/syk/syk_protein_stripped.pdb,228,7.405988,7.3739257,7.4120097,8.084244,7.363935,7.537224,7.8166723,7.454783,7.4789476,7.724347,7.5652084
229,syk_CHEMBL3265004,syk,-10.86,../data/fep_processed/syk/syk_CHEMBL3265004_ligand.sdf,../data/fep_processed/syk/syk_protein_stripped.pdb,229,7.867516,7.800539,7.8112216,7.6200356,7.5412297,7.9385815,7.9511213,7.9806156,7.493635,8.014521,7.801902
230,syk_CHEMBL3265009,syk,-10.3,../data/fep_processed/syk/syk_CHEMBL3265009_ligand.sdf,../data/fep_processed/syk/syk_protein_stripped.pdb,230,7.0857954,7.5196195,7.36864,7.4503207,7.166291,7.1652513,6.913344,7.1129074,7.3562226,7.674777,7.281317
231,syk_CHEMBL3265021,syk,-10.89,../data/fep_processed/syk/syk_CHEMBL3265021_ligand.sdf,../data/fep_processed/syk/syk_protein_stripped.pdb,231,7.2740755,7.4581895,7.626286,7.965408,7.394554,7.579589,7.951149,7.8981476,7.472539,7.3686686,7.5988607
232,syk_CHEMBL3265011,syk,-8.64,../data/fep_processed/syk/syk_CHEMBL3265011_ligand.sdf,../data/fep_processed/syk/syk_protein_stripped.pdb,232,7.3130226,7.579224,7.3886347,7.24967,7.390311,7.490766,6.976008,6.887076,7.3424625,7.566696,7.318387
233,syk_CHEMBL3265005,syk,-10.33,../data/fep_processed/syk/syk_CHEMBL3265005_ligand.sdf,../data/fep_processed/syk/syk_protein_stripped.pdb,233,7.0866218,7.3409886,7.2450566,7.5067205,7.2840257,7.038926,6.7873683,7.385615,7.0257635,7.695323,7.2396407
234,syk_CHEMBL3265017,syk,-11.49,../data/fep_processed/syk/syk_CHEMBL3265017_ligand.sdf,../data/fep_processed/syk/syk_protein_stripped.pdb,234,7.2084074,7.445335,7.3306766,8.063972,7.610498,7.5031557,7.9221087,7.956722,7.591402,7.0027523,7.5635033
235,syk_CHEMBL3265000,syk,-11.81,../data/fep_processed/syk/syk_CHEMBL3265000_ligand.sdf,../data/fep_processed/syk/syk_protein_stripped.pdb,235,7.136785,7.961906,7.5030413,7.2369437,7.2752566,7.519847,7.3712015,7.4125757,7.420299,7.404642,7.424249
236,syk_CHEMBL3265010,syk,-10.14,../data/fep_processed/syk/syk_CHEMBL3265010_ligand.sdf,../data/fep_processed/syk/syk_protein_stripped.pdb,236,6.6882744,7.204345,6.7311044,7.2071724,6.9652405,6.766759,6.4022717,6.729369,6.499635,7.315798,6.8509965
237,tnks2_3a,tnks2,-11.0,../data/fep_processed/tnks2/tnks2_3a_ligand.sdf,../data/fep_processed/tnks2/tnks2_protein_stripped.pdb,237,6.799489,7.238533,7.560283,7.1846595,7.3756075,7.716449,7.168004,6.977769,7.23463,7.4798594,7.273528
238,tnks2_5f,tnks2,-10.26,../data/fep_processed/tnks2/tnks2_5f_ligand.sdf,../data/fep_processed/tnks2/tnks2_protein_stripped.pdb,238,7.6714654,7.182659,7.9715357,7.4877415,7.436887,8.219267,7.81459,7.5796094,7.66751,8.002704,7.703397
239,tnks2_8e,tnks2,-10.24,../data/fep_processed/tnks2/tnks2_8e_ligand.sdf,../data/fep_processed/tnks2/tnks2_protein_stripped.pdb,239,7.713394,7.18852,8.103971,7.4067955,7.0330276,8.317085,7.4950423,7.5082836,7.1522226,7.456312,7.5374656
240,tnks2_5l,tnks2,-10.09,../data/fep_processed/tnks2/tnks2_5l_ligand.sdf,../data/fep_processed/tnks2/tnks2_protein_stripped.pdb,240,7.6786466,7.2150903,8.047123,7.4369884,7.2580566,7.8214116,7.70048,7.3384094,7.583627,8.293341,7.6373177
241,tnks2_8b,tnks2,-11.93,../data/fep_processed/tnks2/tnks2_8b_ligand.sdf,../data/fep_processed/tnks2/tnks2_protein_stripped.pdb,241,7.135419,7.2623177,7.913491,7.3753643,7.264605,7.861996,7.4437213,7.464247,7.2361813,7.996743,7.4954085
242,tnks2_5g,tnks2,-10.81,../data/fep_processed/tnks2/tnks2_5g_ligand.sdf,../data/fep_processed/tnks2/tnks2_protein_stripped.pdb,242,7.3090696,7.0707245,7.554895,7.157704,7.64251,7.848773,7.699201,7.2787275,7.347309,7.7042975,7.4613214
243,tnks2_1b,tnks2,-9.94,../data/fep_processed/tnks2/tnks2_1b_ligand.sdf,../data/fep_processed/tnks2/tnks2_protein_stripped.pdb,243,7.10084,7.1558356,7.265838,7.0834436,6.802376,6.4599137,7.088758,7.1411877,7.090263,6.868304,7.0056753
244,tnks2_5e,tnks2,-10.11,../data/fep_processed/tnks2/tnks2_5e_ligand.sdf,../data/fep_processed/tnks2/tnks2_protein_stripped.pdb,244,7.1014967,7.0273995,7.1834726,6.696457,6.8597693,7.086621,7.140992,6.617955,7.1685786,7.182842,7.0065584
245,tnks2_5i,tnks2,-12.08,../data/fep_processed/tnks2/tnks2_5i_ligand.sdf,../data/fep_processed/tnks2/tnks2_protein_stripped.pdb,245,7.6392126,7.760299,8.012509,7.656684,8.11684,7.7602625,7.950189,7.3218956,7.6546702,7.6219444,7.7494507
246,tnks2_8d,tnks2,-12.49,../data/fep_processed/tnks2/tnks2_8d_ligand.sdf,../data/fep_processed/tnks2/tnks2_protein_stripped.pdb,246,7.7066545,7.396113,7.814572,7.597818,7.308721,8.061506,7.927374,7.849859,7.7639294,8.112498,7.753905
247,tnks2_5b,tnks2,-10.47,../data/fep_processed/tnks2/tnks2_5b_ligand.sdf,../data/fep_processed/tnks2/tnks2_protein_stripped.pdb,247,7.295496,6.7709346,7.1214867,6.8293467,7.6196833,7.698443,7.9264774,7.214887,7.2686605,7.7953043,7.3540716
248,tnks2_5h,tnks2,-10.05,../data/fep_processed/tnks2/tnks2_5h_ligand.sdf,../data/fep_processed/tnks2/tnks2_protein_stripped.pdb,248,6.985829,6.733851,7.5063367,6.68085,7.3873963,7.3330946,7.1748033,7.1376314,7.312092,7.1883883,7.1440277
249,tnks2_8c,tnks2,-10.12,../data/fep_processed/tnks2/tnks2_8c_ligand.sdf,../data/fep_processed/tnks2/tnks2_protein_stripped.pdb,249,7.791203,7.4125504,7.924653,7.25185,7.109651,7.855008,7.6359262,8.172396,7.5950084,7.8250413,7.6573286
250,tnks2_5a,tnks2,-10.76,../data/fep_processed/tnks2/tnks2_5a_ligand.sdf,../data/fep_processed/tnks2/tnks2_protein_stripped.pdb,250,7.140334,7.1011524,7.263991,6.673146,7.352386,7.5437884,7.406618,7.2532244,7.1057453,7.236484,7.2076864
251,tnks2_5k,tnks2,-10.96,../data/fep_processed/tnks2/tnks2_5k_ligand.sdf,../data/fep_processed/tnks2/tnks2_protein_stripped.pdb,251,7.5751324,7.094964,8.03647,7.4079995,7.138455,7.6894026,7.691149,7.69532,7.5856147,8.270199,7.6184707
252,tnks2_7,tnks2,-8.4,../data/fep_processed/tnks2/tnks2_7_ligand.sdf,../data/fep_processed/tnks2/tnks2_protein_stripped.pdb,252,7.008727,6.4381633,7.993141,6.8521767,6.4784856,7.206313,7.198455,6.6841407,6.5130496,7.3282027,6.970086
253,tnks2_5p,tnks2,-10.5,../data/fep_processed/tnks2/tnks2_5p_ligand.sdf,../data/fep_processed/tnks2/tnks2_protein_stripped.pdb,253,7.1107655,6.8995485,7.422901,6.6236334,7.163314,7.312757,7.7323503,7.2998753,6.7752867,6.933336,7.1273766
254,tnks2_1a,tnks2,-8.55,../data/fep_processed/tnks2/tnks2_1a_ligand.sdf,../data/fep_processed/tnks2/tnks2_protein_stripped.pdb,254,6.928701,6.2568617,6.648264,6.664677,6.7746463,6.4246593,6.549986,6.6456776,6.5413027,6.5324817,6.5967255
255,tnks2_5j,tnks2,-11.08,../data/fep_processed/tnks2/tnks2_5j_ligand.sdf,../data/fep_processed/tnks2/tnks2_protein_stripped.pdb,255,7.495387,7.0661583,7.4379725,7.5041075,7.1943007,7.8772163,7.5188427,7.0663447,7.3672695,7.833907,7.436151
256,tnks2_8f,tnks2,-11.81,../data/fep_processed/tnks2/tnks2_8f_ligand.sdf,../data/fep_processed/tnks2/tnks2_protein_stripped.pdb,256,7.4445944,7.3917527,7.944725,7.4524937,7.4130893,8.058816,7.7315083,7.520279,7.2760396,7.9226613,7.615596
257,tnks2_3b,tnks2,-11.52,../data/fep_processed/tnks2/tnks2_3b_ligand.sdf,../data/fep_processed/tnks2/tnks2_protein_stripped.pdb,257,7.236459,6.8106046,7.7921624,6.774626,6.782382,7.3198566,6.92535,7.4835906,6.7916245,7.5110936,7.142775
258,tnks2_8a,tnks2,-10.81,../data/fep_processed/tnks2/tnks2_8a_ligand.sdf,../data/fep_processed/tnks2/tnks2_protein_stripped.pdb,258,7.765972,7.051058,7.8951173,7.274956,6.679999,7.6507626,7.0158396,7.578914,7.508877,7.7946515,7.4216146
259,tnks2_5o,tnks2,-12.04,../data/fep_processed/tnks2/tnks2_5o_ligand.sdf,../data/fep_processed/tnks2/tnks2_protein_stripped.pdb,259,6.991163,7.8336024,7.571777,7.614568,7.365335,7.2384033,7.8392754,7.4931245,7.6329017,7.646319,7.522647
260,tnks2_5d,tnks2,-10.89,../data/fep_processed/tnks2/tnks2_5d_ligand.sdf,../data/fep_processed/tnks2/tnks2_protein_stripped.pdb,260,7.522612,6.9874415,7.4739985,7.130568,7.1640563,7.510801,7.2574334,7.111718,7.3316503,7.6836433,7.317392
261,tnks2_5m,tnks2,-12.69,../data/fep_processed/tnks2/tnks2_5m_ligand.sdf,../data/fep_processed/tnks2/tnks2_protein_stripped.pdb,261,7.550006,7.3979316,7.823824,7.67851,7.4662185,7.7931523,7.8084226,7.2898517,7.640246,8.263397,7.6711555
262,tnks2_5n,tnks2,-10.71,../data/fep_processed/tnks2/tnks2_5n_ligand.sdf,../data/fep_processed/tnks2/tnks2_protein_stripped.pdb,262,7.185533,6.786749,7.46036,6.547495,7.094221,7.498161,7.8962626,7.4309444,7.054764,7.199257,7.215375
263,tnks2_5c,tnks2,-9.96,../data/fep_processed/tnks2/tnks2_5c_ligand.sdf,../data/fep_processed/tnks2/tnks2_protein_stripped.pdb,263,7.559385,7.058662,7.451607,6.5502896,7.2788997,7.704795,7.7822933,7.3021283,7.1545033,7.649141,7.3491707
